{
  "backends": {
    "python": {
      "raw_point_count": 801,
      "w_min_m_s": 0.0005,
      "w_max_m_s": 2.0,
      "log_w_min": -7.600902459542082,
      "log_w_max": 0.6931471805599453,
      "regime_counts": {
        "complex_pair": 788,
        "three_real": 13
      },
      "stability_counts": {
        "stable": 535,
        "unstable": 266
      },
      "hopf_crossings": [
        {
          "log_w": -3.025560693602074,
          "w_m_s": 0.048530602841605625,
          "left_index": 441,
          "right_index": 442,
          "branches": "1,3",
          "imag_at_crossing_abs_max": 0.006557718616128642
        },
        {
          "log_w": -0.2630802015171406,
          "w_m_s": 0.7686802455170232,
          "left_index": 707,
          "right_index": 708,
          "branches": "1,3",
          "imag_at_crossing_abs_max": 0.023369136702987507
        }
      ],
      "three_real_intervals": [
        {
          "start_index": 66,
          "end_index": 78,
          "start_log_w": -6.916643364233665,
          "end_log_w": -6.792232619632134,
          "start_w_m_s": 0.0009911512970141,
          "end_w_m_s": 0.0011224599484729,
          "point_count": 13
        }
      ],
      "jacobian_method": "analytic_sympy_transcribed_physical_ode_jacobian",
      "eigenvalue_source": "python_analytic"
    },
    "auto": {
      "raw_point_count": 411,
      "w_min_m_s": 0.000500000000021,
      "w_max_m_s": 2.0000000003001093,
      "log_w_min": -7.6009024595,
      "log_w_max": 0.69314718071,
      "regime_counts": {
        "complex_pair": 404,
        "three_real": 7
      },
      "stability_counts": {
        "stable": 275,
        "unstable": 136
      },
      "hopf_crossings": [
        {
          "log_w": -3.025555911318135,
          "w_m_s": 0.0485308349292831,
          "left_index": 226,
          "right_index": 227,
          "branches": "1,3",
          "imag_at_crossing_abs_max": 0.006557759993145094
        },
        {
          "log_w": -0.2631329561825709,
          "w_m_s": 0.7686396951174689,
          "left_index": 362,
          "right_index": 363,
          "branches": "1,3",
          "imag_at_crossing_abs_max": 0.023368767851186585
        }
      ],
      "three_real_intervals": [
        {
          "start_index": 34,
          "end_index": 40,
          "start_log_w": -6.9180686941,
          "end_log_w": -6.7965483446,
          "start_w_m_s": 0.0009897395857845,
          "end_w_m_s": 0.0011176261582052,
          "point_count": 7
        }
      ],
      "jacobian_method": "analytic_sympy_transcribed_physical_ode_jacobian",
      "eigenvalue_source": "python_analytic_postprocessed_from_auto_equilibria"
    },
    "loca": {
      "raw_point_count": 801,
      "w_min_m_s": 0.0005,
      "w_max_m_s": 2.0,
      "log_w_min": -7.600902459542082,
      "log_w_max": 0.6931471805599454,
      "regime_counts": {
        "complex_pair": 788,
        "three_real": 13
      },
      "stability_counts": {
        "stable": 535,
        "unstable": 266
      },
      "hopf_crossings": [
        {
          "log_w": -3.02556062905273,
          "w_m_s": 0.0485306059742243,
          "left_index": 441,
          "right_index": 442,
          "branches": "1,3",
          "imag_at_crossing_abs_max": 0.006557718690138437
        },
        {
          "log_w": -0.2630801836816344,
          "w_m_s": 0.7686802592268246,
          "left_index": 707,
          "right_index": 708,
          "branches": "1,3",
          "imag_at_crossing_abs_max": 0.023369136831893532
        }
      ],
      "three_real_intervals": [
        {
          "start_index": 66,
          "end_index": 78,
          "start_log_w": -6.916643364233665,
          "end_log_w": -6.792232619632134,
          "start_w_m_s": 0.0009911512970141,
          "end_w_m_s": 0.0011224599484729,
          "point_count": 13
        }
      ],
      "jacobian_method": "sacado_forward_ad_physical_ode_state",
      "eigenvalue_source": "teuchos_lapack_geev"
    }
  },
  "pairwise_backend_differences": {
    "auto_vs_loca": {
      "point_count": 801,
      "tracked_lambda1_max_abs_delta": 5.972746908802104e-05,
      "tracked_lambda1_median_abs_delta": 4.965643180663002e-08,
      "tracked_lambda2_max_abs_delta": 4.921571703047837e-05,
      "tracked_lambda2_median_abs_delta": 3.5536809410950665e-09,
      "tracked_lambda3_max_abs_delta": 5.949604956634634e-05,
      "tracked_lambda3_median_abs_delta": 4.7503855015163276e-08
    },
    "python_vs_auto": {
      "point_count": 801,
      "tracked_lambda1_max_abs_delta": 5.972784114543491e-05,
      "tracked_lambda1_median_abs_delta": 4.898193081189326e-08,
      "tracked_lambda2_max_abs_delta": 4.921585963424033e-05,
      "tracked_lambda2_median_abs_delta": 3.632403983502841e-09,
      "tracked_lambda3_max_abs_delta": 5.949643813579313e-05,
      "tracked_lambda3_median_abs_delta": 4.7089777784984666e-08
    },
    "python_vs_loca": {
      "point_count": 801,
      "tracked_lambda1_max_abs_delta": 6.032597048032176e-08,
      "tracked_lambda1_median_abs_delta": 1.3400932891363329e-11,
      "tracked_lambda2_max_abs_delta": 6.032597048032176e-08,
      "tracked_lambda2_median_abs_delta": 1.2169599529487929e-11,
      "tracked_lambda3_max_abs_delta": 5.6978975874447287e-08,
      "tracked_lambda3_median_abs_delta": 1.2170174156639346e-11
    }
  },
  "hopf_crossings": [
    {
      "backend": "python",
      "log_w": -3.025560693602074,
      "w_m_s": 0.048530602841605625,
      "left_index": 441,
      "right_index": 442,
      "branches": "1,3",
      "imag_at_crossing_abs_max": 0.006557718616128642
    },
    {
      "backend": "python",
      "log_w": -0.2630802015171406,
      "w_m_s": 0.7686802455170232,
      "left_index": 707,
      "right_index": 708,
      "branches": "1,3",
      "imag_at_crossing_abs_max": 0.023369136702987507
    },
    {
      "backend": "auto",
      "log_w": -3.025555911318135,
      "w_m_s": 0.0485308349292831,
      "left_index": 226,
      "right_index": 227,
      "branches": "1,3",
      "imag_at_crossing_abs_max": 0.006557759993145094
    },
    {
      "backend": "auto",
      "log_w": -0.2631329561825709,
      "w_m_s": 0.7686396951174689,
      "left_index": 362,
      "right_index": 363,
      "branches": "1,3",
      "imag_at_crossing_abs_max": 0.023368767851186585
    },
    {
      "backend": "loca",
      "log_w": -3.02556062905273,
      "w_m_s": 0.0485306059742243,
      "left_index": 441,
      "right_index": 442,
      "branches": "1,3",
      "imag_at_crossing_abs_max": 0.006557718690138437
    },
    {
      "backend": "loca",
      "log_w": -0.2630801836816344,
      "w_m_s": 0.7686802592268246,
      "left_index": 707,
      "right_index": 708,
      "branches": "1,3",
      "imag_at_crossing_abs_max": 0.023369136831893532
    }
  ],
  "three_real_intervals": [
    {
      "backend": "python",
      "start_index": 66,
      "end_index": 78,
      "start_log_w": -6.916643364233665,
      "end_log_w": -6.792232619632134,
      "start_w_m_s": 0.0009911512970141,
      "end_w_m_s": 0.0011224599484729,
      "point_count": 13
    },
    {
      "backend": "auto",
      "start_index": 34,
      "end_index": 40,
      "start_log_w": -6.9180686941,
      "end_log_w": -6.7965483446,
      "start_w_m_s": 0.0009897395857845,
      "end_w_m_s": 0.0011176261582052,
      "point_count": 7
    },
    {
      "backend": "loca",
      "start_index": 66,
      "end_index": 78,
      "start_log_w": -6.916643364233665,
      "end_log_w": -6.792232619632134,
      "start_w_m_s": 0.0009911512970141,
      "end_w_m_s": 0.0011224599484729,
      "point_count": 13
    }
  ],
  "digitized_paper": {
    "status": "deferred",