T_K,source,sample_count,max_abs_diff_n,median_abs_diff_n,max_rel_diff_n,median_rel_diff_n,max_abs_diff_q,median_abs_diff_q,max_rel_diff_q,median_rel_diff_q,max_abs_diff_s,median_abs_diff_s,max_rel_diff_s,median_rel_diff_s,max_check_residual_norm,all_checks_converged
190.0,analytic_eq92_94,17,1917.7585357329808,93.31131621584063,0.0005127607636682207,0.0004915620771039414,8.287077542829549e-10,4.0861513609113614e-11,6.834846747836257e-05,6.725599447689166e-05,0.00036498771241300076,0.00034307147047085707,0.0002279841823697897,0.00021566826871688977,,True
190.0,root_solve,17,2.3120082914829254e-06,7.418566383421421e-08,6.181733075665513e-13,3.9080853731961853e-13,1.07742590890747e-18,3.451659260061274e-20,8.886173601576267e-14,5.681257389325298e-14,4.221067939624845e-13,2.609024107869118e-13,2.6372289745326924e-13,1.6404893441356672e-13,1.566223604027967e-14,True
210.0,analytic_eq92_94,17,438.8689037510194,20.422372334287502,0.00032287529143009227,0.00029603508548113486,2.4052706544829038e-09,1.1279651031834235e-10,5.3265891077727345e-05,4.9833318981928005e-05,0.00019475609624941548,0.0001749929932803873,0.0001264981001005089,0.00011432180527006175,,True
210.0,root_solve,17,1.6996636986732483e-08,3.637978807091713e-10,1.2504404102269434e-14,5.273478269357612e-15,8.131516293641283e-20,0.0,5.248676729373787e-15,0.0,7.993605777301127e-15,3.774758283725532e-15,5.192668631560133e-15,2.464521739745779e-15,1.4988993768259758e-15,True
230.0,analytic_eq92_94,17,17.609034521621652,0.3289963245188119,5.334929061352556e-05,2.1802912426096492e-05,7.194083497593252e-10,1.3596263061943373e-11,1.0808702393478547e-05,4.364840350195073e-06,2.546511471090973e-05,1.049209675763052e-05,1.7552387101129635e-05,7.2026319554834985e-06,,True
230.0,root_solve,17,4.546716809272766e-06,4.320099833421409e-11,2.1586333095437895e-11,1.0651015784893397e-14,1.8905775382715984e-16,4.235164736271502e-21,4.261548261980382e-12,3.3991172253461597e-15,1.0649925386019277e-11,4.6629367034256575e-15,7.276611159430862e-12,3.2096825563049874e-15,7.666888925763224e-12,True
