backend,schema_version,branch_id,paper_fit_branch,point_index,T_K,p_Pa,F,N_a_m3,N_a_cm3,log_w,w_m_s,table_ii_reference_w_m_s,log_n,log_q,n,q,s,hopf_frequency,eigenvalue_real,eigenvalue_imag,residual_norm,converged,iterations,message,jacobian_coordinate_system,state_coordinate_system,continuation_parameterization,method,method_metadata,source_file,raw_loca_run,loca_continuation_mode,loca_native_hopf_stepper
loca,episode6-hopf-locus-schema-v1,lower_hopf,wb,0,190.0,30000.0,1.0,10000000000.0,10000.0,-5.976820991605831,0.0025368782440697455,0.002540772780330431,8.5169061933401,-17.982424770459502,4998.565215519354,1.5500016159714896e-08,1.5660054756092185,0.00043120009796469757,7.6428348209493e-10,0.00043107147134910476,1.2208930961578298e-14,True,0,Native LOCA Moore-Spence Hopf continuation row from C++ executable.,physical_ode_state,log_n_log_q_s_internal__physical_state_output,LOCA_MooreSpence_Hopf_bifurcation_parameter_log_w_continued_in_T,native_LOCA_MooreSpence_Hopf_continuation,C++ LOCA::Hopf::MooreSpence::ExtendedGroup over TASK-025 LOCA::LAPACK backend; no Python Hopf corrector.,episodes/006-figure3-hopf-bifurcation/scripts/run_loca_hopf_loci.py,episodes/006-figure3-hopf-bifurcation/outputs/figure3_loca_hopf_loci/raw/native_loca_hopf,nox_loca_native_moore_spence_hopf_continuation,True
loca,episode6-hopf-locus-schema-v1,lower_hopf,wb,1,190.5,30000.0,1.0,10000000000.0,10000.0,-5.932343272081105,0.00265225973521763,0.0026555106900071437,8.532933111227523,-17.901613451568753,5079.322224145977,1.6804595411061318e-08,1.5649008870699705,0.000449714207612426,7.767313003949784e-10,0.0004495867540284846,1.2528624113143713e-14,True,0,Native LOCA Moore-Spence Hopf continuation row from C++ executable.,physical_ode_state,log_n_log_q_s_internal__physical_state_output,LOCA_MooreSpence_Hopf_bifurcation_parameter_log_w_continued_in_T,native_LOCA_MooreSpence_Hopf_continuation,C++ LOCA::Hopf::MooreSpence::ExtendedGroup over TASK-025 LOCA::LAPACK backend; no Python Hopf corrector.,episodes/006-figure3-hopf-bifurcation/scripts/run_loca_hopf_loci.py,episodes/006-figure3-hopf-bifurcation/outputs/figure3_loca_hopf_loci/raw/native_loca_hopf,nox_loca_native_moore_spence_hopf_continuation,True
loca,episode6-hopf-locus-schema-v1,lower_hopf,wb,2,191.0,30000.0,1.0,10000000000.0,10000.0,-5.888081852200754,0.0027722892606889854,0.0027749166452017957,8.54889909204256,-17.82121735993236,5161.0694360131665,1.8211412846235213e-08,1.563785841526935,0.0004689159361842682,7.887466575183248e-10,0.00046878983049945317,1.2853783060297078e-14,True,0,Native LOCA Moore-Spence Hopf continuation row from C++ executable.,physical_ode_state,log_n_log_q_s_internal__physical_state_output,LOCA_MooreSpence_Hopf_bifurcation_parameter_log_w_continued_in_T,native_LOCA_MooreSpence_Hopf_continuation,C++ LOCA::Hopf::MooreSpence::ExtendedGroup over TASK-025 LOCA::LAPACK backend; no Python Hopf corrector.,episodes/006-figure3-hopf-bifurcation/scripts/run_loca_hopf_loci.py,episodes/006-figure3-hopf-bifurcation/outputs/figure3_loca_hopf_loci/raw/native_loca_hopf,nox_loca_native_moore_spence_hopf_continuation,True
loca,episode6-hopf-locus-schema-v1,lower_hopf,wb,3,191.5,30000.0,1.0,10000000000.0,10000.0,-5.844035414820401,0.002897127891972891,0.002899155380540946,8.56480475834084,-17.7412334611603,5243.81600939763,1.9727870374921298e-08,1.5626603856213876,0.0004888264018577505,8.00294387293601e-10,0.0004887018161713218,1.3183946618319297e-14,True,0,Native LOCA Moore-Spence Hopf continuation row from C++ executable.,physical_ode_state,log_n_log_q_s_internal__physical_state_output,LOCA_MooreSpence_Hopf_bifurcation_parameter_log_w_continued_in_T,native_LOCA_MooreSpence_Hopf_continuation,C++ LOCA::Hopf::MooreSpence::ExtendedGroup over TASK-025 LOCA::LAPACK backend; no Python Hopf corrector.,episodes/006-figure3-hopf-bifurcation/scripts/run_loca_hopf_loci.py,episodes/006-figure3-hopf-bifurcation/outputs/figure3_loca_hopf_loci/raw/native_loca_hopf,nox_loca_native_moore_spence_hopf_continuation,True
loca,episode6-hopf-locus-schema-v1,lower_hopf,wb,4,192.0,30000.0,1.0,10000000000.0,10000.0,-5.80020264806894,0.003026941279413999,0.0030283962803249226,8.580650751805415,-17.661658737287894,5327.57132415584,2.1361860228699294e-08,1.5615245653055487,0.0005094672090052479,8.113378589778039e-10,0.0005093443123864804,1.3518686700169329e-14,True,0,Native LOCA Moore-Spence Hopf continuation row from C++ executable.,physical_ode_state,log_n_log_q_s_internal__physical_state_output,LOCA_MooreSpence_Hopf_bifurcation_parameter_log_w_continued_in_T,native_LOCA_MooreSpence_Hopf_continuation,C++ LOCA::Hopf::MooreSpence::ExtendedGroup over TASK-025 LOCA::LAPACK backend; no Python Hopf corrector.,episodes/006-figure3-hopf-bifurcation/scripts/run_loca_hopf_loci.py,episodes/006-figure3-hopf-bifurcation/outputs/figure3_loca_hopf_loci/raw/native_loca_hopf,nox_loca_native_moore_spence_hopf_continuation,True
loca,episode6-hopf-locus-schema-v1,lower_hopf,wb,5,192.5,30000.0,1.0,10000000000.0,10000.0,-5.756582246746109,0.003161899745474312,0.0031628134585886835,8.596437732491559,-17.582490187646382,5412.344989198405,2.3121794308687318e-08,1.5603784258522084,0.0005308604535708654,8.218384655198584e-10,0.0005307394118846217,1.3859143089014891e-14,True,0,Native LOCA Moore-Spence Hopf continuation row from C++ executable.,physical_ode_state,log_n_log_q_s_internal__physical_state_output,LOCA_MooreSpence_Hopf_bifurcation_parameter_log_w_continued_in_T,native_LOCA_MooreSpence_Hopf_continuation,C++ LOCA::Hopf::MooreSpence::ExtendedGroup over TASK-025 LOCA::LAPACK backend; no Python Hopf corrector.,episodes/006-figure3-hopf-bifurcation/scripts/run_loca_hopf_loci.py,episodes/006-figure3-hopf-bifurcation/outputs/figure3_loca_hopf_loci/raw/native_loca_hopf,nox_loca_native_moore_spence_hopf_continuation,True
loca,episode6-hopf-locus-schema-v1,lower_hopf,wb,6,193.0,30000.0,1.0,10000000000.0,10000.0,-5.713172913582933,0.0033021783785319382,0.003302585838268172,8.612166378243362,-17.503724829586307,5498.146850892054,2.5016635094370966e-08,1.5592220118646627,0.0005530287286453442,8.31756220586496e-10,0.0005529097040942685,1.420501556686871e-14,True,0,Native LOCA Moore-Spence Hopf continuation row from C++ executable.,physical_ode_state,log_n_log_q_s_internal__physical_state_output,LOCA_MooreSpence_Hopf_bifurcation_parameter_log_w_continued_in_T,native_LOCA_MooreSpence_Hopf_continuation,C++ LOCA::Hopf::MooreSpence::ExtendedGroup over TASK-025 LOCA::LAPACK backend; no Python Hopf corrector.,episodes/006-figure3-hopf-bifurcation/scripts/run_loca_hopf_loci.py,episodes/006-figure3-hopf-bifurcation/outputs/figure3_loca_hopf_loci/raw/native_loca_hopf,nox_loca_native_moore_spence_hopf_continuation,True
loca,episode6-hopf-locus-schema-v1,lower_hopf,wb,7,193.5,30000.0,1.0,10000000000.0,10000.0,-5.669973360450833,0.0034479571269030954,0.003447897229342634,8.627837384197383,-17.425359699139783,5584.987002011571,2.705592818401264e-08,1.5580553672866666,0.0005759951293515126,8.410495313024681e-10,0.000575878280217748,1.455677323261701e-14,True,0,Native LOCA Moore-Spence Hopf continuation row from C++ executable.,physical_ode_state,log_n_log_q_s_internal__physical_state_output,LOCA_MooreSpence_Hopf_bifurcation_parameter_log_w_continued_in_T,native_LOCA_MooreSpence_Hopf_continuation,C++ LOCA::Hopf::MooreSpence::ExtendedGroup over TASK-025 LOCA::LAPACK backend; no Python Hopf corrector.,episodes/006-figure3-hopf-bifurcation/scripts/run_loca_hopf_loci.py,episodes/006-figure3-hopf-bifurcation/outputs/figure3_loca_hopf_loci/raw/native_loca_hopf,nox_loca_native_moore_spence_hopf_continuation,True
loca,episode6-hopf-locus-schema-v1,lower_hopf,wb,8,194.0,30000.0,1.0,10000000000.0,10000.0,-5.626982309498772,0.0035994208930601283,0.003598936405818855,8.643451462397158,-17.347391851598655,5672.875791425234,2.924983654180104e-08,1.5568785354124857,0.0005997832578082291,8.496749060224853e-10,0.0005996687380975555,1.4912313446809914e-14,True,0,Native LOCA Moore-Spence Hopf continuation row from C++ executable.,physical_ode_state,log_n_log_q_s_internal__physical_state_output,LOCA_MooreSpence_Hopf_bifurcation_parameter_log_w_continued_in_T,native_LOCA_MooreSpence_Hopf_continuation,C++ LOCA::Hopf::MooreSpence::ExtendedGroup over TASK-025 LOCA::LAPACK backend; no Python Hopf corrector.,episodes/006-figure3-hopf-bifurcation/scripts/run_loca_hopf_loci.py,episodes/006-figure3-hopf-bifurcation/outputs/figure3_loca_hopf_loci/raw/native_loca_hopf,nox_loca_native_moore_spence_hopf_continuation,True
loca,episode6-hopf-locus-schema-v1,lower_hopf,wb,9,194.5,30000.0,1.0,10000000000.0,10000.0,-5.584198494209671,0.003756759627994443,0.003755897181418579,8.65900934152664,-17.269818362001335,5761.8238346261005,3.1609176529688035e-08,1.5556915588970592,0.0006244172276196675,8.575870293037972e-10,0.0006243051868481826,1.527469032970329e-14,True,0,Native LOCA Moore-Spence Hopf continuation row from C++ executable.,physical_ode_state,log_n_log_q_s_internal__physical_state_output,LOCA_MooreSpence_Hopf_bifurcation_parameter_log_w_continued_in_T,native_LOCA_MooreSpence_Hopf_continuation,C++ LOCA::Hopf::MooreSpence::ExtendedGroup over TASK-025 LOCA::LAPACK backend; no Python Hopf corrector.,episodes/006-figure3-hopf-bifurcation/scripts/run_loca_hopf_loci.py,episodes/006-figure3-hopf-bifurcation/outputs/figure3_loca_hopf_loci/raw/native_loca_hopf,nox_loca_native_moore_spence_hopf_continuation,True
loca,episode6-hopf-locus-schema-v1,lower_hopf,wb,10,195.0,30000.0,1.0,10000000000.0,10000.0,-5.5416206604062985,0.003920168425530148,0.003918978483826695,8.674511766737451,-17.192636325554627,5851.842025036505,3.4145455803921037e-08,1.5544944797661973,0.0006499216685272334,8.647387155158925e-10,0.0006498122512282378,1.5642147204290297e-14,True,0,Native LOCA Moore-Spence Hopf continuation row from C++ executable.,physical_ode_state,log_n_log_q_s_internal__physical_state_output,LOCA_MooreSpence_Hopf_bifurcation_parameter_log_w_continued_in_T,native_LOCA_MooreSpence_Hopf_continuation,C++ LOCA::Hopf::MooreSpence::ExtendedGroup over TASK-025 LOCA::LAPACK backend; no Python Hopf corrector.,episodes/006-figure3-hopf-bifurcation/scripts/run_loca_hopf_loci.py,episodes/006-figure3-hopf-bifurcation/outputs/figure3_loca_hopf_loci/raw/native_loca_hopf,nox_loca_native_moore_spence_hopf_continuation,True
loca,episode6-hopf-locus-schema-v1,lower_hopf,wb,11,195.5,30000.0,1.0,10000000000.0,10000.0,-5.499247567199623,0.004089847616505508,0.004088384427352291,8.689959499575211,-17.115842857986017,5942.941546178888,3.687091316006569e-08,1.553287339426819,0.0006763217303633385,8.710810780641291e-10,0.000676215075733588,1.6014314259029615e-14,True,0,Native LOCA Moore-Spence Hopf continuation row from C++ executable.,physical_ode_state,log_n_log_q_s_internal__physical_state_output,LOCA_MooreSpence_Hopf_bifurcation_parameter_log_w_continued_in_T,native_LOCA_MooreSpence_Hopf_continuation,C++ LOCA::Hopf::MooreSpence::ExtendedGroup over TASK-025 LOCA::LAPACK backend; no Python Hopf corrector.,episodes/006-figure3-hopf-bifurcation/scripts/run_loca_hopf_loci.py,episodes/006-figure3-hopf-bifurcation/outputs/figure3_loca_hopf_loci/raw/native_loca_hopf,nox_loca_native_moore_spence_hopf_continuation,True
loca,episode6-hopf-locus-schema-v1,lower_hopf,wb,12,196.0,30000.0,1.0,10000000000.0,10000.0,-5.457077987908355,0.004266002862592003,0.0042643243838518165,8.705353317980157,-17.039435095852475,6035.1338846319195,3.9798560412417003e-08,1.5520701786771518,0.0007036430868093653,8.765632608870658e-10,0.0007035393283822035,1.639279883563386e-14,True,0,Native LOCA Moore-Spence Hopf continuation row from C++ executable.,physical_ode_state,log_n_log_q_s_internal__physical_state_output,LOCA_MooreSpence_Hopf_bifurcation_parameter_log_w_continued_in_T,native_LOCA_MooreSpence_Hopf_continuation,C++ LOCA::Hopf::MooreSpence::ExtendedGroup over TASK-025 LOCA::LAPACK backend; no Python Hopf corrector.,episodes/006-figure3-hopf-bifurcation/scripts/run_loca_hopf_loci.py,episodes/006-figure3-hopf-bifurcation/outputs/figure3_loca_hopf_loci/raw/native_loca_hopf,nox_loca_native_moore_spence_hopf_continuation,True
loca,episode6-hopf-locus-schema-v1,lower_hopf,wb,13,196.5,30000.0,1.0,10000000000.0,10000.0,-5.415110710927777,0.004448845249700709,0.004447013051757681,8.720694016385755,-16.963410196782803,6128.4308439725855,4.294222639851141e-08,1.5508430377169666,0.0007319119390157555,8.811326529794151e-10,0.0007318112041735277,1.67758945463513e-14,True,0,Native LOCA Moore-Spence Hopf continuation row from C++ executable.,physical_ode_state,log_n_log_q_s_internal__physical_state_output,LOCA_MooreSpence_Hopf_bifurcation_parameter_log_w_continued_in_T,native_LOCA_MooreSpence_Hopf_continuation,C++ LOCA::Hopf::MooreSpence::ExtendedGroup over TASK-025 LOCA::LAPACK backend; no Python Hopf corrector.,episodes/006-figure3-hopf-bifurcation/scripts/run_loca_hopf_loci.py,episodes/006-figure3-hopf-bifurcation/outputs/figure3_loca_hopf_loci/raw/native_loca_hopf,nox_loca_native_moore_spence_hopf_continuation,True
loca,episode6-hopf-locus-schema-v1,lower_hopf,wb,14,197.0,30000.0,1.0,10000000000.0,10000.0,-5.373344540592414,0.004638591380642089,0.0046366705230529905,8.735982405870661,-16.887765339699428,6222.844559500242,4.631660320021294e-08,1.5496059561576971,0.0007611550184701006,8.84734117619166e-10,0.0007610574281830948,1.7165696393986525e-14,True,0,Native LOCA Moore-Spence Hopf continuation row from C++ executable.,physical_ode_state,log_n_log_q_s_internal__physical_state_output,LOCA_MooreSpence_Hopf_bifurcation_parameter_log_w_continued_in_T,native_LOCA_MooreSpence_Hopf_continuation,C++ LOCA::Hopf::MooreSpence::ExtendedGroup over TASK-025 LOCA::LAPACK backend; no Python Hopf corrector.,episodes/006-figure3-hopf-bifurcation/scripts/run_loca_hopf_loci.py,episodes/006-figure3-hopf-bifurcation/outputs/figure3_loca_hopf_loci/raw/native_loca_hopf,nox_loca_native_moore_spence_hopf_continuation,True
loca,episode6-hopf-locus-schema-v1,lower_hopf,wb,15,197.5,30000.0,1.0,10000000000.0,10000.0,-5.3317782979759,0.00483546346712003,0.004833522348027051,8.751219314424912,-16.81249772495948,6318.387514174878,4.993729468041513e-08,1.5483589730326506,0.0007913995900134717,8.873106319791033e-10,0.000791305258284364,1.7560310272973882e-14,True,0,Native LOCA Moore-Spence Hopf continuation row from C++ executable.,physical_ode_state,log_n_log_q_s_internal__physical_state_output,LOCA_MooreSpence_Hopf_bifurcation_parameter_log_w_continued_in_T,native_LOCA_MooreSpence_Hopf_continuation,C++ LOCA::Hopf::MooreSpence::ExtendedGroup over TASK-025 LOCA::LAPACK backend; no Python Hopf corrector.,episodes/006-figure3-hopf-bifurcation/scripts/run_loca_hopf_loci.py,episodes/006-figure3-hopf-bifurcation/outputs/figure3_loca_hopf_loci/raw/native_loca_hopf,nox_loca_native_moore_spence_hopf_continuation,True
loca,episode6-hopf-locus-schema-v1,lower_hopf,wb,16,198.0,30000.0,1.0,10000000000.0,10000.0,-5.290410821680247,0.005039689420671598,0.0050377995976444755,8.766405587277736,-16.73760457446892,6415.072555522926,5.3820867433549516e-08,1.547102126807125,0.0008226734540073649,8.888035778827248e-10,0.0008225824874527513,1.7960253806511073e-14,True,0,Native LOCA Moore-Spence Hopf continuation row from C++ executable.,physical_ode_state,log_n_log_q_s_internal__physical_state_output,LOCA_MooreSpence_Hopf_bifurcation_parameter_log_w_continued_in_T,native_LOCA_MooreSpence_Hopf_continuation,C++ LOCA::Hopf::MooreSpence::ExtendedGroup over TASK-025 LOCA::LAPACK backend; no Python Hopf corrector.,episodes/006-figure3-hopf-bifurcation/scripts/run_loca_hopf_loci.py,episodes/006-figure3-hopf-bifurcation/outputs/figure3_loca_hopf_loci/raw/native_loca_hopf,nox_loca_native_moore_spence_hopf_continuation,True
loca,episode6-hopf-locus-schema-v1,lower_hopf,wb,17,198.5,30000.0,1.0,10000000000.0,10000.0,-5.249240968643183,0.005251502942197082,0.005249738923354424,8.781542087261656,-16.663083131796284,6512.912913404681,5.798490425185262e-08,1.5458354553883575,0.0008550049482584673,8.891516029040699e-10,0.0008549174456105899,1.8365410973687804e-14,True,0,Native LOCA Moore-Spence Hopf continuation row from C++ executable.,physical_ode_state,log_n_log_q_s_internal__physical_state_output,LOCA_MooreSpence_Hopf_bifurcation_parameter_log_w_continued_in_T,native_LOCA_MooreSpence_Hopf_continuation,C++ LOCA::Hopf::MooreSpence::ExtendedGroup over TASK-025 LOCA::LAPACK backend; no Python Hopf corrector.,episodes/006-figure3-hopf-bifurcation/scripts/run_loca_hopf_loci.py,episodes/006-figure3-hopf-bifurcation/outputs/figure3_loca_hopf_loci/raw/native_loca_hopf,nox_loca_native_moore_spence_hopf_continuation,True
loca,episode6-hopf-locus-schema-v1,lower_hopf,wb,18,199.0,30000.0,1.0,10000000000.0,10000.0,-5.208267614880848,0.00547114361027104,0.005469582614163923,8.796629695296456,-16.588930662202998,6611.922219240333,6.244806021895731e-08,1.5445589961355748,0.0008884229492714018,8.882916012454244e-10,0.0008883390010091633,1.877701980148238e-14,True,0,Native LOCA Moore-Spence Hopf continuation row from C++ executable.,physical_ode_state,log_n_log_q_s_internal__physical_state_output,LOCA_MooreSpence_Hopf_bifurcation_parameter_log_w_continued_in_T,native_LOCA_MooreSpence_Hopf_continuation,C++ LOCA::Hopf::MooreSpence::ExtendedGroup over TASK-025 LOCA::LAPACK backend; no Python Hopf corrector.,episodes/006-figure3-hopf-bifurcation/scripts/run_loca_hopf_loci.py,episodes/006-figure3-hopf-bifurcation/outputs/figure3_loca_hopf_loci/raw/native_loca_hopf,nox_loca_native_moore_spence_hopf_continuation,True
loca,episode6-hopf-locus-schema-v1,lower_hopf,wb,19,199.5,30000.0,1.0,10000000000.0,10000.0,-5.16748965627138,0.005698856967483073,0.005697578650795249,8.811669310890304,-16.515144452694546,6712.114526109835,6.723012153654879e-08,1.5432727858698068,0.0009229568732857437,8.86157571015336e-10,0.0009228765610757928,1.9192800787831706e-14,True,0,Native LOCA Moore-Spence Hopf continuation row from C++ executable.,physical_ode_state,log_n_log_q_s_internal__physical_state_output,LOCA_MooreSpence_Hopf_bifurcation_parameter_log_w_continued_in_T,native_LOCA_MooreSpence_Hopf_continuation,C++ LOCA::Hopf::MooreSpence::ExtendedGroup over TASK-025 LOCA::LAPACK backend; no Python Hopf corrector.,episodes/006-figure3-hopf-bifurcation/scripts/run_loca_hopf_loci.py,episodes/006-figure3-hopf-bifurcation/outputs/figure3_loca_hopf_loci/raw/native_loca_hopf,nox_loca_native_moore_spence_hopf_continuation,True
loca,episode6-hopf-locus-schema-v1,lower_hopf,wb,20,200.0,30000.0,1.0,10000000000.0,10000.0,-5.126906009282,0.005934894605060355,0.005933980756742751,8.826661852755487,-16.441721811995492,6813.504330427671,7.235206720457417e-08,1.5419768608837852,0.0009586366764830846,8.826817076465054e-10,0.0009585600727246416,1.9613933564146054e-14,True,0,Native LOCA Moore-Spence Hopf continuation row from C++ executable.,physical_ode_state,log_n_log_q_s_internal__physical_state_output,LOCA_MooreSpence_Hopf_bifurcation_parameter_log_w_continued_in_T,native_LOCA_MooreSpence_Hopf_continuation,C++ LOCA::Hopf::MooreSpence::ExtendedGroup over TASK-025 LOCA::LAPACK backend; no Python Hopf corrector.,episodes/006-figure3-hopf-bifurcation/scripts/run_loca_hopf_loci.py,episodes/006-figure3-hopf-bifurcation/outputs/figure3_loca_hopf_loci/raw/native_loca_hopf,nox_loca_native_moore_spence_hopf_continuation,True
loca,episode6-hopf-locus-schema-v1,lower_hopf,wb,21,200.5,30000.0,1.0,10000000000.0,10000.0,-5.08651561173677,0.006179514244985692,0.006179048446041877,8.841608259445067,-16.36866007054362,6916.106594652734,7.783613366841329e-08,1.5406712569516183,0.0009954928548487217,8.777936020469643e-10,0.0009954200220555801,2.0040903588690783e-14,True,0,Native LOCA Moore-Spence Hopf continuation row from C++ executable.,physical_ode_state,log_n_log_q_s_internal__physical_state_output,LOCA_MooreSpence_Hopf_bifurcation_parameter_log_w_continued_in_T,native_LOCA_MooreSpence_Hopf_continuation,C++ LOCA::Hopf::MooreSpence::ExtendedGroup over TASK-025 LOCA::LAPACK backend; no Python Hopf corrector.,episodes/006-figure3-hopf-bifurcation/scripts/run_loca_hopf_loci.py,episodes/006-figure3-hopf-bifurcation/outputs/figure3_loca_hopf_loci/raw/native_loca_hopf,nox_loca_native_moore_spence_hopf_continuation,True
loca,episode6-hopf-locus-schema-v1,lower_hopf,wb,22,201.0,30000.0,1.0,10000000000.0,10000.0,-5.046317423557765,0.00643297981968176,0.006433047067559374,8.85650949007914,-16.295956580435078,7019.936771560921,8.370588256033897e-08,1.539356009338468,0.0010335564430316785,8.714207345896906e-10,0.0010334874334252992,2.0474452159233928e-14,True,0,Native LOCA Moore-Spence Hopf continuation row from C++ executable.,physical_ode_state,log_n_log_q_s_internal__physical_state_output,LOCA_MooreSpence_Hopf_bifurcation_parameter_log_w_continued_in_T,native_LOCA_MooreSpence_Hopf_continuation,C++ LOCA::Hopf::MooreSpence::ExtendedGroup over TASK-025 LOCA::LAPACK backend; no Python Hopf corrector.,episodes/006-figure3-hopf-bifurcation/scripts/run_loca_hopf_loci.py,episodes/006-figure3-hopf-bifurcation/outputs/figure3_loca_hopf_loci/raw/native_loca_hopf,nox_loca_native_moore_spence_hopf_continuation,True
loca,episode6-hopf-locus-schema-v1,lower_hopf,wb,23,201.5,30000.0,1.0,10000000000.0,10000.0,-5.0063104275318295,0.006695561548645376,0.006696247845609806,8.871366525109488,-16.223608715373036,7125.01082981327,8.998627165902721e-08,1.5380311528100605,0.001072859013024523,8.634878255670865e-10,0.0010727938678243188,2.0912199262582817e-14,True,0,Native LOCA Moore-Spence Hopf continuation row from C++ executable.,physical_ode_state,log_n_log_q_s_internal__physical_state_output,LOCA_MooreSpence_Hopf_bifurcation_parameter_log_w_continued_in_T,native_LOCA_MooreSpence_Hopf_continuation,C++ LOCA::Hopf::MooreSpence::ExtendedGroup over TASK-025 LOCA::LAPACK backend; no Python Hopf corrector.,episodes/006-figure3-hopf-bifurcation/scripts/run_loca_hopf_loci.py,episodes/006-figure3-hopf-bifurcation/outputs/figure3_loca_hopf_loci/raw/native_loca_hopf,nox_loca_native_moore_spence_hopf_continuation,True
loca,episode6-hopf-locus-schema-v1,lower_hopf,wb,24,202.0,30000.0,1.0,10000000000.0,10000.0,-4.966493630066191,0.0069675360119093085,0.006968927916700771,8.886180367161352,-16.151613870581954,7231.345281164003,9.670372920153946e-08,1.5366967216421608,0.0011134326715272905,8.539170781877905e-10,0.0011133714205289174,2.135648012873674e-14,True,0,Native LOCA Moore-Spence Hopf continuation row from C++ executable.,physical_ode_state,log_n_log_q_s_internal__physical_state_output,LOCA_MooreSpence_Hopf_bifurcation_parameter_log_w_continued_in_T,native_LOCA_MooreSpence_Hopf_continuation,C++ LOCA::Hopf::MooreSpence::ExtendedGroup over TASK-025 LOCA::LAPACK backend; no Python Hopf corrector.,episodes/006-figure3-hopf-bifurcation/scripts/run_loca_hopf_loci.py,episodes/006-figure3-hopf-bifurcation/outputs/figure3_loca_hopf_loci/raw/native_loca_hopf,nox_loca_native_moore_spence_hopf_continuation,True
loca,episode6-hopf-locus-schema-v1,lower_hopf,wb,25,202.5,30000.0,1.0,10000000000.0,10000.0,-4.926866061960523,0.007249186219798988,0.007251370362206275,8.900952041927926,-16.079969462712864,7338.957209225583,1.0388623168207275e-07,1.5353527496299249,0.0011553100570895194,8.426280479032107e-10,0.0011552527179663488,2.1803213259864232e-14,True,0,Native LOCA Moore-Spence Hopf continuation row from C++ executable.,physical_ode_state,log_n_log_q_s_internal__physical_state_output,LOCA_MooreSpence_Hopf_bifurcation_parameter_log_w_continued_in_T,native_LOCA_MooreSpence_Hopf_continuation,C++ LOCA::Hopf::MooreSpence::ExtendedGroup over TASK-025 LOCA::LAPACK backend; no Python Hopf corrector.,episodes/006-figure3-hopf-bifurcation/scripts/run_loca_hopf_loci.py,episodes/006-figure3-hopf-bifurcation/outputs/figure3_loca_hopf_loci/raw/native_loca_hopf,nox_loca_native_moore_spence_hopf_continuation,True
loca,episode6-hopf-locus-schema-v1,lower_hopf,wb,26,203.0,30000.0,1.0,10000000000.0,10000.0,-4.887426779180272,0.0075408016786918785,0.007543864236764652,8.915682599131104,-16.008672929727123,7447.864299973669,1.1156338527931961e-07,1.533999270097182,0.0011985243360113174,8.295380216343396e-10,0.0011984709137466585,2.2259531377264262e-14,True,0,Native LOCA Moore-Spence Hopf continuation row from C++ executable.,physical_ode_state,log_n_log_q_s_internal__physical_state_output,LOCA_MooreSpence_Hopf_bifurcation_parameter_log_w_continued_in_T,native_LOCA_MooreSpence_Hopf_continuation,C++ LOCA::Hopf::MooreSpence::ExtendedGroup over TASK-025 LOCA::LAPACK backend; no Python Hopf corrector.,episodes/006-figure3-hopf-bifurcation/scripts/run_loca_hopf_loci.py,episodes/006-figure3-hopf-bifurcation/outputs/figure3_loca_hopf_loci/raw/native_loca_hopf,nox_loca_native_moore_spence_hopf_continuation,True
loca,episode6-hopf-locus-schema-v1,lower_hopf,wb,27,203.5,30000.0,1.0,10000000000.0,10000.0,-4.8481748636714785,0.007842678452063056,0.007846704592194447,8.930373113514921,-15.937721730793134,7558.08487383482,1.1976651105416695e-07,1.5326363159055334,0.001243109197492073,8.145607646779882e-10,0.0012430596837862708,2.2718045617402084e-14,True,0,Native LOCA Moore-Spence Hopf continuation row from C++ executable.,physical_ode_state,log_n_log_q_s_internal__physical_state_output,LOCA_MooreSpence_Hopf_bifurcation_parameter_log_w_continued_in_T,native_LOCA_MooreSpence_Hopf_continuation,C++ LOCA::Hopf::MooreSpence::ExtendedGroup over TASK-025 LOCA::LAPACK backend; no Python Hopf corrector.,episodes/006-figure3-hopf-bifurcation/scripts/run_loca_hopf_loci.py,episodes/006-figure3-hopf-bifurcation/outputs/figure3_loca_hopf_loci/raw/native_loca_hopf,nox_loca_native_moore_spence_hopf_continuation,True
loca,episode6-hopf-locus-schema-v1,lower_hopf,wb,28,204.0,30000.0,1.0,10000000000.0,10000.0,-4.809109424143868,0.008155119216902356,0.008160192496720443,8.945024685940012,-15.867113346128509,7669.637919955391,1.285287340751734e-07,1.5312639194634878,0.0012890988479510607,7.976079558380967e-10,0.0012890532204992541,2.3181560242359128e-14,True,0,Native LOCA Moore-Spence Hopf continuation row from C++ executable.,physical_ode_state,log_n_log_q_s_internal__physical_state_output,LOCA_MooreSpence_Hopf_bifurcation_parameter_log_w_continued_in_T,native_LOCA_MooreSpence_Hopf_continuation,C++ LOCA::Hopf::MooreSpence::ExtendedGroup over TASK-025 LOCA::LAPACK backend; no Python Hopf corrector.,episodes/006-figure3-hopf-bifurcation/scripts/run_loca_hopf_loci.py,episodes/006-figure3-hopf-bifurcation/outputs/figure3_loca_hopf_loci/raw/native_loca_hopf,nox_loca_native_moore_spence_hopf_continuation,True
loca,episode6-hopf-locus-schema-v1,lower_hopf,wb,29,204.5,30000.0,1.0,10000000000.0,10000.0,-4.770229596918221,0.008478433314306628,0.00848463504929733,8.959638444491096,-15.79684527687658,7782.543132099053,1.3788507661736643e-07,1.529882112735361,0.001336528004014698,7.785878603758277e-10,0.0013364862259471067,2.365262144265268e-14,True,0,Native LOCA Moore-Spence Hopf continuation row from C++ executable.,physical_ode_state,log_n_log_q_s_internal__physical_state_output,LOCA_MooreSpence_Hopf_bifurcation_parameter_log_w_continued_in_T,native_LOCA_MooreSpence_Hopf_continuation,C++ LOCA::Hopf::MooreSpence::ExtendedGroup over TASK-025 LOCA::LAPACK backend; no Python Hopf corrector.,episodes/006-figure3-hopf-bifurcation/scripts/run_loca_hopf_loci.py,episodes/006-figure3-hopf-bifurcation/outputs/figure3_loca_hopf_loci/raw/native_loca_hopf,nox_loca_native_moore_spence_hopf_continuation,True
loca,episode6-hopf-locus-schema-v1,lower_hopf,wb,30,205.0,30000.0,1.0,10000000000.0,10000.0,-4.731534546758631,0.008812936794324676,0.008820345388820013,8.97421554567367,-15.726915044941954,7896.820946842498,1.4787255560296423e-07,1.528490927250167,0.0013854318848381033,7.57405937799752e-10,0.0013853939039194824,2.412733345446955e-14,True,0,Native LOCA Moore-Spence Hopf continuation row from C++ executable.,physical_ode_state,log_n_log_q_s_internal__physical_state_output,LOCA_MooreSpence_Hopf_bifurcation_parameter_log_w_continued_in_T,native_LOCA_MooreSpence_Hopf_continuation,C++ LOCA::Hopf::MooreSpence::ExtendedGroup over TASK-025 LOCA::LAPACK backend; no Python Hopf corrector.,episodes/006-figure3-hopf-bifurcation/scripts/run_loca_hopf_loci.py,episodes/006-figure3-hopf-bifurcation/outputs/figure3_loca_hopf_loci/raw/native_loca_hopf,nox_loca_native_moore_spence_hopf_continuation,True
loca,episode6-hopf-locus-schema-v1,lower_hopf,wb,31,205.5,30000.0,1.0,10000000000.0,10000.0,-4.693023467725981,0.009158952454245974,0.009167642698004071,8.98875717566664,-15.65732019281884,8012.49258393562,1.585302844462642e-07,1.5270903941104115,0.001435846202895758,7.339655923912494e-10,0.001435811950860453,2.4607428889938582e-14,True,0,Native LOCA Moore-Spence Hopf continuation row from C++ executable.,physical_ode_state,log_n_log_q_s_internal__physical_state_output,LOCA_MooreSpence_Hopf_bifurcation_parameter_log_w_continued_in_T,native_LOCA_MooreSpence_Hopf_continuation,C++ LOCA::Hopf::MooreSpence::ExtendedGroup over TASK-025 LOCA::LAPACK backend; no Python Hopf corrector.,episodes/006-figure3-hopf-bifurcation/scripts/run_loca_hopf_loci.py,episodes/006-figure3-hopf-bifurcation/outputs/figure3_loca_hopf_loci/raw/native_loca_hopf,nox_loca_native_moore_spence_hopf_continuation,True
loca,episode6-hopf-locus-schema-v1,lower_hopf,wb,32,206.0,30000.0,1.0,10000000000.0,10000.0,-4.654695584094042,0.00951680986934975,0.0095268522017216,9.003264551591343,-15.588058283452957,8129.580088616831,1.6989957946668536e-07,1.525680544000658,0.001487807153710544,7.081659351266222e-10,0.0014877765455392218,2.5091421538432183e-14,True,0,Native LOCA Moore-Spence Hopf continuation row from C++ executable.,physical_ode_state,log_n_log_q_s_internal__physical_state_output,LOCA_MooreSpence_Hopf_bifurcation_parameter_log_w_continued_in_T,native_LOCA_MooreSpence_Hopf_continuation,C++ LOCA::Hopf::MooreSpence::ExtendedGroup over TASK-025 LOCA::LAPACK backend; no Python Hopf corrector.,episodes/006-figure3-hopf-bifurcation/scripts/run_loca_hopf_loci.py,episodes/006-figure3-hopf-bifurcation/outputs/figure3_loca_hopf_loci/raw/native_loca_hopf,nox_loca_native_moore_spence_hopf_continuation,True
loca,episode6-hopf-locus-schema-v1,lower_hopf,wb,33,206.5,30000.0,1.0,10000000000.0,10000.0,-4.616550151234489,0.009886845416308906,0.009898305159573273,9.017738922890025,-15.519126900043837,8248.106376735735,1.8202407105995345e-07,1.5242614071961555,0.001541351404242793,6.799032404992251e-10,0.0015413243374443515,2.558080472309319e-14,True,0,Native LOCA Moore-Spence Hopf continuation row from C++ executable.,physical_ode_state,log_n_log_q_s_internal__physical_state_output,LOCA_MooreSpence_Hopf_bifurcation_parameter_log_w_continued_in_T,native_LOCA_MooreSpence_Hopf_continuation,C++ LOCA::Hopf::MooreSpence::ExtendedGroup over TASK-025 LOCA::LAPACK backend; no Python Hopf corrector.,episodes/006-figure3-hopf-bifurcation/scripts/run_loca_hopf_loci.py,episodes/006-figure3-hopf-bifurcation/outputs/figure3_loca_hopf_loci/raw/native_loca_hopf,nox_loca_native_moore_spence_hopf_continuation,True
loca,episode6-hopf-locus-schema-v1,lower_hopf,wb,34,207.0,30000.0,1.0,10000000000.0,10000.0,-4.578586456545301,0.010269402287951753,0.0102823388524801,9.032181572741951,-15.450523645860448,8368.095282249345,1.9494981979948495e-07,1.5228330135713135,0.0015965160800201913,6.490712056708898e-10,0.001596492433777731,2.6076830600126654e-14,True,0,Native LOCA Moore-Spence Hopf continuation row from C++ executable.,physical_ode_state,log_n_log_q_s_internal__physical_state_output,LOCA_MooreSpence_Hopf_bifurcation_parameter_log_w_continued_in_T,native_LOCA_MooreSpence_Hopf_continuation,C++ LOCA::Hopf::MooreSpence::ExtendedGroup over TASK-025 LOCA::LAPACK backend; no Python Hopf corrector.,episodes/006-figure3-hopf-bifurcation/scripts/run_loca_hopf_loci.py,episodes/006-figure3-hopf-bifurcation/outputs/figure3_loca_hopf_loci/raw/native_loca_hopf,nox_loca_native_moore_spence_hopf_continuation,True
loca,episode6-hopf-locus-schema-v1,lower_hopf,wb,35,207.5,30000.0,1.0,10000000000.0,10000.0,-4.540803820421031,0.01066483049863903,0.010679296563073861,9.046593819518609,-15.382246144068883,8489.571607218599,2.0872543765450943e-07,1.5213953926080197,0.001653338750541524,6.155597626742349e-10,0.0016533183849605706,2.657804913775604e-14,True,0,Native LOCA Moore-Spence Hopf continuation row from C++ executable.,physical_ode_state,log_n_log_q_s_internal__physical_state_output,LOCA_MooreSpence_Hopf_bifurcation_parameter_log_w_continued_in_T,native_LOCA_MooreSpence_Hopf_continuation,C++ LOCA::Hopf::MooreSpence::ExtendedGroup over TASK-025 LOCA::LAPACK backend; no Python Hopf corrector.,episodes/006-figure3-hopf-bifurcation/scripts/run_loca_hopf_loci.py,episodes/006-figure3-hopf-bifurcation/outputs/figure3_loca_hopf_loci/raw/native_loca_hopf,nox_loca_native_moore_spence_hopf_continuation,True
loca,episode6-hopf-locus-schema-v1,lower_hopf,wb,36,208.0,30000.0,1.0,10000000000.0,10000.0,-4.503201597228234,0.011073486879860763,0.011089527549668035,9.060977018315457,-15.314292037535058,8612.561174749151,2.2340221452519096e-07,1.5199485734039289,0.0017118574132634445,5.792554533026717e-10,0.0017118401685867228,2.7080966398074977e-14,True,0,Native LOCA Moore-Spence Hopf continuation row from C++ executable.,physical_ode_state,log_n_log_q_s_internal__physical_state_output,LOCA_MooreSpence_Hopf_bifurcation_parameter_log_w_continued_in_T,native_LOCA_MooreSpence_Hopf_continuation,C++ LOCA::Hopf::MooreSpence::ExtendedGroup over TASK-025 LOCA::LAPACK backend; no Python Hopf corrector.,episodes/006-figure3-hopf-bifurcation/scripts/run_loca_hopf_loci.py,episodes/006-figure3-hopf-bifurcation/outputs/figure3_loca_hopf_loci/raw/native_loca_hopf,nox_loca_native_moore_spence_hopf_continuation,True
loca,episode6-hopf-locus-schema-v1,lower_hopf,wb,37,208.5,30000.0,1.0,10000000000.0,10000.0,-4.465779176312783,0.011495735065002545,0.011513387013588939,9.075332562533376,-15.246658988629385,8737.090884802354,2.390342502900511e-07,1.518492584680634,0.0017721104760039135,5.400413489133255e-10,0.0017720961717121967,2.7589552738734718e-14,True,0,Native LOCA Moore-Spence Hopf continuation row from C++ executable.,physical_ode_state,log_n_log_q_s_internal__physical_state_output,LOCA_MooreSpence_Hopf_bifurcation_parameter_log_w_continued_in_T,native_LOCA_MooreSpence_Hopf_continuation,C++ LOCA::Hopf::MooreSpence::ExtendedGroup over TASK-025 LOCA::LAPACK backend; no Python Hopf corrector.,episodes/006-figure3-hopf-bifurcation/scripts/run_loca_hopf_loci.py,episodes/006-figure3-hopf-bifurcation/outputs/figure3_loca_hopf_loci/raw/native_loca_hopf,nox_loca_native_moore_spence_hopf_continuation,True
loca,episode6-hopf-locus-schema-v1,lower_hopf,wb,38,209.0,30000.0,1.0,10000000000.0,10000.0,-4.4285359830271425,0.011931945462561978,0.011951236059647274,9.089661885523762,-15.17934467901965,8863.188773144997,2.5567859257466807e-07,1.517027454791767,0.0018341367374382442,4.977977039070244e-10,0.0018341251713925952,2.8103982782036802e-14,True,0,Native LOCA Moore-Spence Hopf continuation row from C++ executable.,physical_ode_state,log_n_log_q_s_internal__physical_state_output,LOCA_MooreSpence_Hopf_bifurcation_parameter_log_w_continued_in_T,native_LOCA_MooreSpence_Hopf_continuation,C++ LOCA::Hopf::MooreSpence::ExtendedGroup over TASK-025 LOCA::LAPACK backend; no Python Hopf corrector.,episodes/006-figure3-hopf-bifurcation/scripts/run_loca_hopf_loci.py,episodes/006-figure3-hopf-bifurcation/outputs/figure3_loca_hopf_loci/raw/native_loca_hopf,nox_loca_native_moore_spence_hopf_continuation,True
loca,episode6-hopf-locus-schema-v1,lower_hopf,wb,39,209.5,30000.0,1.0,10000000000.0,10000.0,-4.391471479803228,0.012382495216624495,0.01240344164953286,9.103966462269456,-15.112346809479895,8990.884073352952,2.733953804475287e-07,1.5155532117309465,0.0018979753658169853,4.524008828018299e-10,0.0018979663133450316,2.862315382588925e-14,True,0,Native LOCA Moore-Spence Hopf continuation row from C++ executable.,physical_ode_state,log_n_log_q_s_internal__physical_state_output,LOCA_MooreSpence_Hopf_bifurcation_parameter_log_w_continued_in_T,native_LOCA_MooreSpence_Hopf_continuation,C++ LOCA::Hopf::MooreSpence::ExtendedGroup over TASK-025 LOCA::LAPACK backend; no Python Hopf corrector.,episodes/006-figure3-hopf-bifurcation/scripts/run_loca_hopf_loci.py,episodes/006-figure3-hopf-bifurcation/outputs/figure3_loca_hopf_loci/raw/native_loca_hopf,nox_loca_native_moore_spence_hopf_continuation,True
loca,episode6-hopf-locus-schema-v1,lower_hopf,wb,40,210.0,30000.0,1.0,10000000000.0,10000.0,-4.354585167232,0.012847768154095444,0.012870376547913,9.11824781114107,-15.045663099675345,9120.207282378507,2.9224799427142796e-07,1.5140698831396953,0.001963665875662076,4.037242016493084e-10,0.0019636590886583814,2.9144263027373983e-14,True,0,Native LOCA Moore-Spence Hopf continuation row from C++ executable.,physical_ode_state,log_n_log_q_s_internal__physical_state_output,LOCA_MooreSpence_Hopf_bifurcation_parameter_log_w_continued_in_T,native_LOCA_MooreSpence_Hopf_continuation,C++ LOCA::Hopf::MooreSpence::ExtendedGroup over TASK-025 LOCA::LAPACK backend; no Python Hopf corrector.,episodes/006-figure3-hopf-bifurcation/scripts/run_loca_hopf_loci.py,episodes/006-figure3-hopf-bifurcation/outputs/figure3_loca_hopf_loci/raw/native_loca_hopf,nox_loca_native_moore_spence_hopf_continuation,True
loca,episode6-hopf-locus-schema-v1,lower_hopf,wb,41,210.5,30000.0,1.0,10000000000.0,10000.0,-4.317876585201011,0.013328154717075288,0.013352419261019348,9.132507495677139,-14.979291287974808,9251.19022939757,3.123032119228834e-07,1.512577496315178,0.0020312481023858097,3.5163586135206724e-10,0.00203124330840006,2.967232713323681e-14,True,0,Native LOCA Moore-Spence Hopf continuation row from C++ executable.,physical_ode_state,log_n_log_q_s_internal__physical_state_output,LOCA_MooreSpence_Hopf_bifurcation_parameter_log_w_continued_in_T,native_LOCA_MooreSpence_Hopf_continuation,C++ LOCA::Hopf::MooreSpence::ExtendedGroup over TASK-025 LOCA::LAPACK backend; no Python Hopf corrector.,episodes/006-figure3-hopf-bifurcation/scripts/run_loca_hopf_loci.py,episodes/006-figure3-hopf-bifurcation/outputs/figure3_loca_hopf_loci/raw/native_loca_hopf,nox_loca_native_moore_spence_hopf_continuation,True
loca,episode6-hopf-locus-schema-v1,lower_hopf,wb,42,211.0,30000.0,1.0,10000000000.0,10000.0,-4.281345314007915,0.013824051880360063,0.013849953967507211,9.146747126468552,-14.913229131209059,9383.866148847723,3.336313716353176e-07,1.5110760782179948,0.002100762174880248,2.9600194284594775e-10,0.0021007590760717134,3.0203389586597684e-14,True,0,Native LOCA Moore-Spence Hopf continuation row from C++ executable.,physical_ode_state,log_n_log_q_s_internal__physical_state_output,LOCA_MooreSpence_Hopf_bifurcation_parameter_log_w_continued_in_T,native_LOCA_MooreSpence_Hopf_continuation,C++ LOCA::Hopf::MooreSpence::ExtendedGroup over TASK-025 LOCA::LAPACK backend; no Python Hopf corrector.,episodes/006-figure3-hopf-bifurcation/scripts/run_loca_hopf_loci.py,episodes/006-figure3-hopf-bifurcation/outputs/figure3_loca_hopf_loci/raw/native_loca_hopf,nox_loca_native_moore_spence_hopf_continuation,True
loca,episode6-hopf-locus-schema-v1,lower_hopf,wb,43,211.5,30000.0,1.0,10000000000.0,10000.0,-4.244990975539041,0.014335863051864153,0.014363370441376097,9.16096836305709,-14.847474404465062,9518.269757039725,3.563065416815757e-07,1.5095656554797767,0.0021722484855501226,2.366859796533189e-10,0.002172246757722046,3.0738639978173294e-14,True,0,Native LOCA Moore-Spence Hopf continuation row from C++ executable.,physical_ode_state,log_n_log_q_s_internal__physical_state_output,LOCA_MooreSpence_Hopf_bifurcation_parameter_log_w_continued_in_T,native_LOCA_MooreSpence_Hopf_continuation,C++ LOCA::Hopf::MooreSpence::ExtendedGroup over TASK-025 LOCA::LAPACK backend; no Python Hopf corrector.,episodes/006-figure3-hopf-bifurcation/scripts/run_loca_hopf_loci.py,episodes/006-figure3-hopf-bifurcation/outputs/figure3_loca_hopf_loci/raw/native_loca_hopf,nox_loca_native_moore_spence_hopf_continuation,True
loca,episode6-hopf-locus-schema-v1,lower_hopf,wb,44,212.0,30000.0,1.0,10000000000.0,10000.0,-4.208813234505482,0.014863997954790625,0.014893063966740118,9.175172915854134,-14.782024900908818,9654.437332569125,3.8040669714031533e-07,1.5080462544105953,0.0022457476579935817,1.7354478731900283e-10,0.0022457469495910697,3.1277289143822396e-14,True,0,Native LOCA Moore-Spence Hopf continuation row from C++ executable.,physical_ode_state,log_n_log_q_s_internal__physical_state_output,LOCA_MooreSpence_Hopf_bifurcation_parameter_log_w_continued_in_T,native_LOCA_MooreSpence_Hopf_continuation,C++ LOCA::Hopf::MooreSpence::ExtendedGroup over TASK-025 LOCA::LAPACK backend; no Python Hopf corrector.,episodes/006-figure3-hopf-bifurcation/scripts/run_loca_hopf_loci.py,episodes/006-figure3-hopf-bifurcation/outputs/figure3_loca_hopf_loci/raw/native_loca_hopf,nox_loca_native_moore_spence_hopf_continuation,True
loca,episode6-hopf-locus-schema-v1,lower_hopf,wb,45,212.5,30000.0,1.0,10000000000.0,10000.0,-4.172811799623181,0.015408872491965382,0.015439435244241063,9.189362548190427,-14.71687843152404,9792.406801797944,4.060139040412552e-07,1.5065179010065273,0.0023213005122205707,1.064333818561608e-10,0.00232130044326727,3.182134280152618e-14,True,0,Native LOCA Moore-Spence Hopf continuation row from C++ executable.,physical_ode_state,log_n_log_q_s_internal__physical_state_output,LOCA_MooreSpence_Hopf_bifurcation_parameter_log_w_continued_in_T,native_LOCA_MooreSpence_Hopf_continuation,C++ LOCA::Hopf::MooreSpence::ExtendedGroup over TASK-025 LOCA::LAPACK backend; no Python Hopf corrector.,episodes/006-figure3-hopf-bifurcation/scripts/run_loca_hopf_loci.py,episodes/006-figure3-hopf-bifurcation/outputs/figure3_loca_hopf_loci/raw/native_loca_hopf,nox_loca_native_moore_spence_hopf_continuation,True
loca,episode6-hopf-locus-schema-v1,lower_hopf,wb,46,213.0,30000.0,1.0,10000000000.0,10000.0,-4.136986424878274,0.015970908589120186,0.016002890288901468,9.203539078353737,-14.652032824909142,9932.217828288118,4.3321451110463706e-07,1.5049806209569503,0.0023989480270733554,3.520359573511503e-11,0.0023989481880959773,3.236708116172502e-14,True,0,Native LOCA Moore-Spence Hopf continuation row from C++ executable.,physical_ode_state,log_n_log_q_s_internal__physical_state_output,LOCA_MooreSpence_Hopf_bifurcation_parameter_log_w_continued_in_T,native_LOCA_MooreSpence_Hopf_continuation,C++ LOCA::Hopf::MooreSpence::ExtendedGroup over TASK-025 LOCA::LAPACK backend; no Python Hopf corrector.,episodes/006-figure3-hopf-bifurcation/scripts/run_loca_hopf_loci.py,episodes/006-figure3-hopf-bifurcation/outputs/figure3_loca_hopf_loci/raw/native_loca_hopf,nox_loca_native_moore_spence_hopf_continuation,True
loca,episode6-hopf-locus-schema-v1,lower_hopf,wb,47,213.5,30000.0,1.0,10000000000.0,10000.0,-4.1013369108160775,0.01655053401659178,0.016583840319214893,9.217704381671913,-14.587485927072501,10073.911906945452,4.6209934936259014e-07,1.5034344396517494,0.0024787312998032812,-4.029758324990487e-11,0.002478731250756209,3.291688795109073e-14,True,0,Native LOCA Moore-Spence Hopf continuation row from C++ executable.,physical_ode_state,log_n_log_q_s_internal__physical_state_output,LOCA_MooreSpence_Hopf_bifurcation_parameter_log_w_continued_in_T,native_LOCA_MooreSpence_Hopf_continuation,C++ LOCA::Hopf::MooreSpence::ExtendedGroup over TASK-025 LOCA::LAPACK backend; no Python Hopf corrector.,episodes/006-figure3-hopf-bifurcation/scripts/run_loca_hopf_loci.py,episodes/006-figure3-hopf-bifurcation/outputs/figure3_loca_hopf_loci/raw/native_loca_hopf,nox_loca_native_moore_spence_hopf_continuation,True
loca,episode6-hopf-locus-schema-v1,lower_hopf,wb,48,214.0,30000.0,1.0,10000000000.0,10000.0,-4.065863105831126,0.017148182188441045,0.017182701637279592,9.2318603926618,-14.523235601203456,10217.532463331323,4.927639399518419e-07,1.5018793821884988,0.0025606915027500104,-1.2022685852517562e-10,0.0025606907718945774,3.3470173965512164e-14,True,0,Native LOCA Moore-Spence Hopf continuation row from C++ executable.,physical_ode_state,log_n_log_q_s_internal__physical_state_output,LOCA_MooreSpence_Hopf_bifurcation_parameter_log_w_continued_in_T,native_LOCA_MooreSpence_Hopf_continuation,C++ LOCA::Hopf::MooreSpence::ExtendedGroup over TASK-025 LOCA::LAPACK backend; no Python Hopf corrector.,episodes/006-figure3-hopf-bifurcation/scripts/run_loca_hopf_loci.py,episodes/006-figure3-hopf-bifurcation/outputs/figure3_loca_hopf_loci/raw/native_loca_hopf,nox_loca_native_moore_spence_hopf_continuation,True
loca,episode6-hopf-locus-schema-v1,lower_hopf,wb,49,214.5,30000.0,1.0,10000000000.0,10000.0,-4.030564907478531,0.01776429193728496,0.017799895499783634,9.246009107217406,-14.459279727443084,10363.124958151302,5.253087103569693e-07,1.5003154733795485,0.00264486983686565,-2.047434130331323e-10,0.002644867919653234,3.402356300101911e-14,True,0,Native LOCA Moore-Spence Hopf continuation row from C++ executable.,physical_ode_state,log_n_log_q_s_internal__physical_state_output,LOCA_MooreSpence_Hopf_bifurcation_parameter_log_w_continued_in_T,native_LOCA_MooreSpence_Hopf_continuation,C++ LOCA::Hopf::MooreSpence::ExtendedGroup over TASK-025 LOCA::LAPACK backend; no Python Hopf corrector.,episodes/006-figure3-hopf-bifurcation/scripts/run_loca_hopf_loci.py,episodes/006-figure3-hopf-bifurcation/outputs/figure3_loca_hopf_loci/raw/native_loca_hopf,nox_loca_native_moore_spence_hopf_continuation,True
loca,episode6-hopf-locus-schema-v1,lower_hopf,wb,50,215.0,30000.0,1.0,10000000000.0,10000.0,-3.995442263823343,0.018399307263047584,0.018435847979654474,9.260152584817414,-14.395616202671723,10510.736996986003,5.598392193906129e-07,1.4987427377589644,0.002731307481994962,-2.940097845087822e-10,0.002731303839931149,3.458603029018784e-14,True,0,Native LOCA Moore-Spence Hopf continuation row from C++ executable.,physical_ode_state,log_n_log_q_s_internal__physical_state_output,LOCA_MooreSpence_Hopf_bifurcation_parameter_log_w_continued_in_T,native_LOCA_MooreSpence_Hopf_continuation,C++ LOCA::Hopf::MooreSpence::ExtendedGroup over TASK-025 LOCA::LAPACK backend; no Python Hopf corrector.,episodes/006-figure3-hopf-bifurcation/scripts/run_loca_hopf_loci.py,episodes/006-figure3-hopf-bifurcation/outputs/figure3_loca_hopf_loci/raw/native_loca_hopf,nox_loca_native_moore_spence_hopf_continuation,True
loca,episode6-hopf-locus-schema-v1,lower_hopf,wb,51,215.5,30000.0,1.0,10000000000.0,10000.0,-3.9604951748120403,0.01905367705430932,0.01909098981819232,9.274292950762355,-14.332242940299476,10660.418445645837,5.964663912193474e-07,1.4971611995893621,0.002820045543764919,-3.8819359640847317e-10,0.002820039603246019,3.514670499709938e-14,True,0,Native LOCA Moore-Spence Hopf continuation row from C++ executable.,physical_ode_state,log_n_log_q_s_internal__physical_state_output,LOCA_MooreSpence_Hopf_bifurcation_parameter_log_w_continued_in_T,native_LOCA_MooreSpence_Hopf_continuation,C++ LOCA::Hopf::MooreSpence::ExtendedGroup over TASK-025 LOCA::LAPACK backend; no Python Hopf corrector.,episodes/006-figure3-hopf-bifurcation/scripts/run_loca_hopf_loci.py,episodes/006-figure3-hopf-bifurcation/outputs/figure3_loca_hopf_loci/raw/native_loca_hopf,nox_loca_native_moore_spence_hopf_continuation,True
loca,episode6-hopf-locus-schema-v1,lower_hopf,wb,52,216.0,30000.0,1.0,10000000000.0,10000.0,-3.9257236936164066,0.01972785478161662,0.019765756267513142,9.2884323984826,-14.26915787001459,10812.221551894574,6.353067587762267e-07,1.4955708828687655,0.0029111249969322357,-4.874632375268667e-10,0.002911116148109801,3.571261276688301e-14,True,0,Native LOCA Moore-Spence Hopf continuation row from C++ executable.,physical_ode_state,log_n_log_q_s_internal__physical_state_output,LOCA_MooreSpence_Hopf_bifurcation_parameter_log_w_continued_in_T,native_LOCA_MooreSpence_Hopf_continuation,C++ LOCA::Hopf::MooreSpence::ExtendedGroup over TASK-025 LOCA::LAPACK backend; no Python Hopf corrector.,episodes/006-figure3-hopf-bifurcation/scripts/run_loca_hopf_loci.py,episodes/006-figure3-hopf-bifurcation/outputs/figure3_loca_hopf_loci/raw/native_loca_hopf,nox_loca_native_moore_spence_hopf_continuation,True
loca,episode6-hopf-locus-schema-v1,lower_hopf,wb,53,216.5,30000.0,1.0,10000000000.0,10000.0,-3.891127928066036,0.02042229815893994,0.02046058692313243,9.302573191797174,-14.20635893760567,10966.201072590069,6.764827168160553e-07,1.4939718113371465,0.0030045866250442057,-5.919943711673106e-10,0.00300457422063074,3.627908720347319e-14,True,0,Native LOCA Moore-Spence Hopf continuation row from C++ executable.,physical_ode_state,log_n_log_q_s_internal__physical_state_output,LOCA_MooreSpence_Hopf_bifurcation_parameter_log_w_continued_in_T,native_LOCA_MooreSpence_Hopf_continuation,C++ LOCA::Hopf::MooreSpence::ExtendedGroup over TASK-025 LOCA::LAPACK backend; no Python Hopf corrector.,episodes/006-figure3-hopf-bifurcation/scripts/run_loca_hopf_loci.py,episodes/006-figure3-hopf-bifurcation/outputs/figure3_loca_hopf_loci/raw/native_loca_hopf,nox_loca_native_moore_spence_hopf_continuation,True
loca,episode6-hopf-locus-schema-v1,lower_hopf,wb,54,217.0,30000.0,1.0,10000000000.0,10000.0,-3.8567080419856117,0.02113746877511255,0.02117592554652898,9.316717667295938,-14.143844104679857,11122.414408417913,7.201227850530179e-07,1.4923640084831635,0.0031004709562635602,-7.019610395340645e-10,0.0031004543104190354,3.6847418046709533e-14,True,0,Native LOCA Moore-Spence Hopf continuation row from C++ executable.,physical_ode_state,log_n_log_q_s_internal__physical_state_output,LOCA_MooreSpence_Hopf_bifurcation_parameter_log_w_continued_in_T,native_LOCA_MooreSpence_Hopf_continuation,C++ LOCA::Hopf::MooreSpence::ExtendedGroup over TASK-025 LOCA::LAPACK backend; no Python Hopf corrector.,episodes/006-figure3-hopf-bifurcation/scripts/run_loca_hopf_loci.py,episodes/006-figure3-hopf-bifurcation/outputs/figure3_loca_hopf_loci/raw/native_loca_hopf,nox_loca_native_moore_spence_hopf_continuation,True
loca,episode6-hopf-locus-schema-v1,lower_hopf,wb,55,217.5,30000.0,1.0,10000000000.0,10000.0,-3.8224642566534537,0.021873831689309453,0.02191221987753515,9.330868236622376,-14.081611348495104,11280.921744171343,7.663618815874036e-07,1.4907474975504642,0.0031988181952231306,-8.175439360864553e-10,0.0031987965823773935,3.741702577326352e-14,True,0,Native LOCA Moore-Spence Hopf continuation row from C++ executable.,physical_ode_state,log_n_log_q_s_internal__physical_state_output,LOCA_MooreSpence_Hopf_bifurcation_parameter_log_w_continued_in_T,native_LOCA_MooreSpence_Hopf_continuation,C++ LOCA::Hopf::MooreSpence::ExtendedGroup over TASK-025 LOCA::LAPACK backend; no Python Hopf corrector.,episodes/006-figure3-hopf-bifurcation/scripts/run_loca_hopf_loci.py,episodes/006-figure3-hopf-bifurcation/outputs/figure3_loca_hopf_loci/raw/native_loca_hopf,nox_loca_native_moore_spence_hopf_continuation,True
loca,episode6-hopf-locus-schema-v1,lower_hopf,wb,56,218.0,30000.0,1.0,10000000000.0,10000.0,-3.7883968521571822,0.02263185499329553,0.022669921436405522,9.345027388869227,-14.019658661687462,11441.786197251851,8.153416071170252e-07,1.4891223015441781,0.003299668150725436,-9.38922610342098e-10,0.0032996408045183278,3.799177453056842e-14,True,0,Native LOCA Moore-Spence Hopf continuation row from C++ executable.,physical_ode_state,log_n_log_q_s_internal__physical_state_output,LOCA_MooreSpence_Hopf_bifurcation_parameter_log_w_continued_in_T,native_LOCA_MooreSpence_Hopf_continuation,C++ LOCA::Hopf::MooreSpence::ExtendedGroup over TASK-025 LOCA::LAPACK backend; no Python Hopf corrector.,episodes/006-figure3-hopf-bifurcation/scripts/run_loca_hopf_loci.py,episodes/006-figure3-hopf-bifurcation/outputs/figure3_loca_hopf_loci/raw/native_loca_hopf,nox_loca_native_moore_spence_hopf_continuation,True
loca,episode6-hopf-locus-schema-v1,lower_hopf,wb,57,218.5,30000.0,1.0,10000000000.0,10000.0,-3.754506168827827,0.02341200933495942,0.023449485315430195,9.35919769289656,-13.957984052078046,11605.073972687756,8.672105401715362e-07,1.4874884432370685,0.0034030601592387856,-1.0662801502208177e-09,0.0034030262714291747,3.856383844766024e-14,True,0,Native LOCA Moore-Spence Hopf continuation row from C++ executable.,physical_ode_state,log_n_log_q_s_internal__physical_state_output,LOCA_MooreSpence_Hopf_bifurcation_parameter_log_w_continued_in_T,native_LOCA_MooreSpence_Hopf_continuation,C++ LOCA::Hopf::MooreSpence::ExtendedGroup over TASK-025 LOCA::LAPACK backend; no Python Hopf corrector.,episodes/006-figure3-hopf-bifurcation/scripts/run_loca_hopf_loci.py,episodes/006-figure3-hopf-bifurcation/outputs/figure3_loca_hopf_loci/raw/native_loca_hopf,nox_loca_native_moore_spence_hopf_continuation,True
loca,episode6-hopf-locus-schema-v1,lower_hopf,wb,58,219.0,30000.0,1.0,10000000000.0,10000.0,-3.720792608628256,0.024214767403902843,0.024251369959962226,9.373381799682567,-13.896585542441711,11770.85452628913,9.221245438250909e-07,1.4858459451756754,0.003509033004053108,-1.1998019163470333e-09,0.0035089917234096633,3.9136416019004795e-14,True,0,Native LOCA Moore-Spence Hopf continuation row from C++ executable.,physical_ode_state,log_n_log_q_s_internal__physical_state_output,LOCA_MooreSpence_Hopf_bifurcation_parameter_log_w_continued_in_T,native_LOCA_MooreSpence_Hopf_continuation,C++ LOCA::Hopf::MooreSpence::ExtendedGroup over TASK-025 LOCA::LAPACK backend; no Python Hopf corrector.,episodes/006-figure3-hopf-bifurcation/scripts/run_loca_hopf_loci.py,episodes/006-figure3-hopf-bifurcation/outputs/figure3_loca_hopf_loci/raw/native_loca_hopf,nox_loca_native_moore_spence_hopf_continuation,True
loca,episode6-hopf-locus-schema-v1,lower_hopf,wb,59,219.5,30000.0,1.0,10000000000.0,10000.0,-3.687256636543633,0.02504060337628293,0.025076036938740883,9.387582444648293,-13.8354611702885,11939.200735710894,9.802470842364684e-07,1.4841948296862983,0.0036176248296849564,-1.3396765226022025e-09,0.003617575261088277,3.971641826595506e-14,True,0,Native LOCA Moore-Spence Hopf continuation row from C++ executable.,physical_ode_state,log_n_log_q_s_internal__physical_state_output,LOCA_MooreSpence_Hopf_bifurcation_parameter_log_w_continued_in_T,native_LOCA_MooreSpence_Hopf_continuation,C++ LOCA::Hopf::MooreSpence::ExtendedGroup over TASK-025 LOCA::LAPACK backend; no Python Hopf corrector.,episodes/006-figure3-hopf-bifurcation/scripts/run_loca_hopf_loci.py,episodes/006-figure3-hopf-bifurcation/outputs/figure3_loca_hopf_loci/raw/native_loca_hopf,nox_loca_native_moore_spence_hopf_continuation,True
loca,episode6-hopf-locus-schema-v1,lower_hopf,wb,60,220.0,30000.0,1.0,10000000000.0,10000.0,-3.6538987819270923,0.025889992318220624,0.02592395070340052,9.401802449987004,-13.77460898761845,12110.189080232873,1.0417495614498012e-06,1.4825351188809253,0.003728873052253932,-1.486092138128052e-09,0.0037288142554596708,4.029368999078543e-14,True,0,Native LOCA Moore-Spence Hopf continuation row from C++ executable.,physical_ode_state,log_n_log_q_s_internal__physical_state_output,LOCA_MooreSpence_Hopf_bifurcation_parameter_log_w_continued_in_T,native_LOCA_MooreSpence_Hopf_continuation,C++ LOCA::Hopf::MooreSpence::ExtendedGroup over TASK-025 LOCA::LAPACK backend; no Python Hopf corrector.,episodes/006-figure3-hopf-bifurcation/scripts/run_loca_hopf_loci.py,episodes/006-figure3-hopf-bifurcation/outputs/figure3_loca_hopf_loci/raw/native_loca_hopf,nox_loca_native_moore_spence_hopf_continuation,True
loca,episode6-hopf-locus-schema-v1,lower_hopf,wb,61,220.5,30000.0,1.0,10000000000.0,10000.0,-3.6207196399366426,0.02676340954248879,0.026795578337070303,9.41604472684843,-13.714027060790839,12283.89982792275,1.106811652720474e-06,1.4808668346627092,0.0038428142652461427,-1.639254512296115e-09,0.003842745253011277,4.086460493233178e-14,True,0,Native LOCA Moore-Spence Hopf continuation row from C++ executable.,physical_ode_state,log_n_log_q_s_internal__physical_state_output,LOCA_MooreSpence_Hopf_bifurcation_parameter_log_w_continued_in_T,native_LOCA_MooreSpence_Hopf_continuation,C++ LOCA::Hopf::MooreSpence::ExtendedGroup over TASK-025 LOCA::LAPACK backend; no Python Hopf corrector.,episodes/006-figure3-hopf-bifurcation/scripts/run_loca_hopf_loci.py,episodes/006-figure3-hopf-bifurcation/outputs/figure3_loca_hopf_loci/raw/native_loca_hopf,nox_loca_native_moore_spence_hopf_continuation,True
loca,episode6-hopf-locus-schema-v1,lower_hopf,wb,62,221.0,30000.0,1.0,10000000000.0,10000.0,-3.5877198727011557,0.027661329925998446,0.02769138929197307,9.43031227772063,-13.653713470153429,12460.417234810242,1.1756216691507125e-06,1.4791899987319719,0.003959484138880365,-1.7993598287789972e-09,0.003959403876415101,4.14443851126091e-14,True,0,Native LOCA Moore-Spence Hopf continuation row from C++ executable.,physical_ode_state,log_n_log_q_s_internal__physical_state_output,LOCA_MooreSpence_Hopf_bifurcation_parameter_log_w_continued_in_T,native_LOCA_MooreSpence_Hopf_continuation,C++ LOCA::Hopf::MooreSpence::ExtendedGroup over TASK-025 LOCA::LAPACK backend; no Python Hopf corrector.,episodes/006-figure3-hopf-bifurcation/scripts/run_loca_hopf_loci.py,episodes/006-figure3-hopf-bifurcation/outputs/figure3_loca_hopf_loci/raw/native_loca_hopf,nox_loca_native_moore_spence_hopf_continuation,True
loca,episode6-hopf-locus-schema-v1,lower_hopf,wb,63,221.5,30000.0,1.0,10000000000.0,10000.0,-3.5549002103743654,0.028584227183295185,0.028611855115951143,9.444608198834862,-13.593666309596237,12639.82975468044,1.248376925978051e-06,1.4775046325922594,0.004078917310795057,-1.966546919339625e-09,0.004078824720496255,4.201551748799362e-14,True,0,Native LOCA Moore-Spence Hopf continuation row from C++ executable.,physical_ode_state,log_n_log_q_s_internal__physical_state_output,LOCA_MooreSpence_Hopf_bifurcation_parameter_log_w_continued_in_T,native_LOCA_MooreSpence_Hopf_continuation,C++ LOCA::Hopf::MooreSpence::ExtendedGroup over TASK-025 LOCA::LAPACK backend; no Python Hopf corrector.,episodes/006-figure3-hopf-bifurcation/scripts/run_loca_hopf_loci.py,episodes/006-figure3-hopf-bifurcation/outputs/figure3_loca_hopf_loci/raw/native_loca_hopf,nox_loca_native_moore_spence_hopf_continuation,True
loca,episode6-hopf-locus-schema-v1,lower_hopf,wb,64,222.0,30000.0,1.0,10000000000.0,10000.0,-3.52226145227346,0.029532573089133766,0.029557449167853467,9.458935682375605,-13.533883686236763,12822.230257343233,1.3252841267424007e-06,1.4758107575558725,0.004201147273341269,-2.1408694279162477e-09,0.004201041243067654,4.258679633882713e-14,True,0,Native LOCA Moore-Spence Hopf continuation row from C++ executable.,physical_ode_state,log_n_log_q_s_internal__physical_state_output,LOCA_MooreSpence_Hopf_bifurcation_parameter_log_w_continued_in_T,native_LOCA_MooreSpence_Hopf_continuation,C++ LOCA::Hopf::MooreSpence::ExtendedGroup over TASK-025 LOCA::LAPACK backend; no Python Hopf corrector.,episodes/006-figure3-hopf-bifurcation/scripts/run_loca_hopf_loci.py,episodes/006-figure3-hopf-bifurcation/outputs/figure3_loca_hopf_loci/raw/native_loca_hopf,nox_loca_native_moore_spence_hopf_continuation,True
loca,episode6-hopf-locus-schema-v1,lower_hopf,wb,65,222.5,30000.0,1.0,10000000000.0,10000.0,-3.4898044689171748,0.030506836622879084,0.03052864632173155,9.473298017668016,-13.47436372105552,13007.716245027503,1.4065597605866622e-06,1.4741083947466183,0.004326206273259737,-2.32247472425548e-09,0.004326085648990589,4.316095692480048e-14,True,0,Native LOCA Moore-Spence Hopf continuation row from C++ executable.,physical_ode_state,log_n_log_q_s_internal__physical_state_output,LOCA_MooreSpence_Hopf_bifurcation_parameter_log_w_continued_in_T,native_LOCA_MooreSpence_Hopf_continuation,C++ LOCA::Hopf::MooreSpence::ExtendedGroup over TASK-025 LOCA::LAPACK backend; no Python Hopf corrector.,episodes/006-figure3-hopf-bifurcation/scripts/run_loca_hopf_loci.py,episodes/006-figure3-hopf-bifurcation/outputs/figure3_loca_hopf_loci/raw/native_loca_hopf,nox_loca_native_moore_spence_hopf_continuation,True
loca,episode6-hopf-locus-schema-v1,lower_hopf,wb,66,223.0,30000.0,1.0,10000000000.0,10000.0,-3.457530205274623,0.031507483016769054,0.03152592265981132,9.487698591007598,-13.415104550804973,13196.390061830654,1.4924305121231218e-06,1.4723975650989467,0.0044541252438425405,-2.512105878025618e-09,0.004453988766438476,4.373672696680262e-14,True,0,Native LOCA Moore-Spence Hopf continuation row from C++ executable.,physical_ode_state,log_n_log_q_s_internal__physical_state_output,LOCA_MooreSpence_Hopf_bifurcation_parameter_log_w_continued_in_T,native_LOCA_MooreSpence_Hopf_continuation,C++ LOCA::Hopf::MooreSpence::ExtendedGroup over TASK-025 LOCA::LAPACK backend; no Python Hopf corrector.,episodes/006-figure3-hopf-bifurcation/scripts/run_loca_hopf_loci.py,episodes/006-figure3-hopf-bifurcation/outputs/figure3_loca_hopf_loci/raw/native_loca_hopf,nox_loca_native_moore_spence_hopf_continuation,True
loca,episode6-hopf-locus-schema-v1,lower_hopf,wb,67,223.5,30000.0,1.0,10000000000.0,10000.0,-3.4254396822412314,0.03253497279404781,0.032549755154207875,9.502140887078882,-13.35610432821802,13388.359134538563,1.5831336881702273e-06,1.470678289361647,0.004584933714420054,-2.711290513607821e-09,0.004584779920792547,4.429866005523581e-14,True,0,Native LOCA Moore-Spence Hopf continuation row from C++ executable.,physical_ode_state,log_n_log_q_s_internal__physical_state_output,LOCA_MooreSpence_Hopf_bifurcation_parameter_log_w_continued_in_T,native_LOCA_MooreSpence_Hopf_continuation,C++ LOCA::Hopf::MooreSpence::ExtendedGroup over TASK-025 LOCA::LAPACK backend; no Python Hopf corrector.,episodes/006-figure3-hopf-bifurcation/scripts/run_loca_hopf_loci.py,episodes/006-figure3-hopf-bifurcation/outputs/figure3_loca_hopf_loci/raw/native_loca_hopf,nox_loca_native_moore_spence_hopf_continuation,True
loca,episode6-hopf-locus-schema-v1,lower_hopf,wb,68,224.0,30000.0,1.0,10000000000.0,10000.0,-3.3935339887126648,0.03358976106326447,0.033600621337380746,9.516628499522861,-13.297361212907871,13583.736350318615,1.6789176755458428e-06,1.4689505881266918,0.004718659480083598,-2.9203078578661588e-09,0.004718486822527501,4.4867115894288856e-14,True,0,Native LOCA Moore-Spence Hopf continuation row from C++ executable.,physical_ode_state,log_n_log_q_s_internal__physical_state_output,LOCA_MooreSpence_Hopf_bifurcation_parameter_log_w_continued_in_T,native_LOCA_MooreSpence_Hopf_continuation,C++ LOCA::Hopf::MooreSpence::ExtendedGroup over TASK-025 LOCA::LAPACK backend; no Python Hopf corrector.,episodes/006-figure3-hopf-bifurcation/scripts/run_loca_hopf_loci.py,episodes/006-figure3-hopf-bifurcation/outputs/figure3_loca_hopf_loci/raw/native_loca_hopf,nox_loca_native_moore_spence_hopf_continuation,True
loca,episode6-hopf-locus-schema-v1,lower_hopf,wb,69,224.5,30000.0,1.0,10000000000.0,10000.0,-3.361814262565836,0.034672297196562035,0.034678998961328276,9.531165152311072,-13.23887335127786,13782.64060767672,1.7800424399466408e-06,1.4672144818872552,0.004855327861945808,-3.1330710474467872e-09,0.004855135476592495,4.542062906089989e-14,True,0,Native LOCA Moore-Spence Hopf continuation row from C++ executable.,physical_ode_state,log_n_log_q_s_internal__physical_state_output,LOCA_MooreSpence_Hopf_bifurcation_parameter_log_w_continued_in_T,native_LOCA_MooreSpence_Hopf_continuation,C++ LOCA::Hopf::MooreSpence::ExtendedGroup over TASK-025 LOCA::LAPACK backend; no Python Hopf corrector.,episodes/006-figure3-hopf-bifurcation/scripts/run_loca_hopf_loci.py,episodes/006-figure3-hopf-bifurcation/outputs/figure3_loca_hopf_loci/raw/native_loca_hopf,nox_loca_native_moore_spence_hopf_continuation,True
loca,episode6-hopf-locus-schema-v1,lower_hopf,wb,70,225.0,30000.0,1.0,10000000000.0,10000.0,-3.3302816918911415,0.03578302386016283,0.035785365645539614,9.545754700719332,-13.180638876767485,13985.197121128773,1.8867800165708329e-06,1.465469991039585,0.0049949613381653326,-3.3363491397223922e-09,0.004994750049921181,4.600463549877386e-14,True,0,Native LOCA Moore-Spence Hopf continuation row from C++ executable.,physical_ode_state,log_n_log_q_s_internal__physical_state_output,LOCA_MooreSpence_Hopf_bifurcation_parameter_log_w_continued_in_T,native_LOCA_MooreSpence_Hopf_continuation,C++ LOCA::Hopf::MooreSpence::ExtendedGroup over TASK-025 LOCA::LAPACK backend; no Python Hopf corrector.,episodes/006-figure3-hopf-bifurcation/scripts/run_loca_hopf_loci.py,episodes/006-figure3-hopf-bifurcation/outputs/figure3_loca_hopf_loci/raw/native_loca_hopf,nox_loca_native_moore_spence_hopf_continuation,True
loca,episode6-hopf-locus-schema-v1,lower_hopf,wb,71,225.5,30000.0,1.0,10000000000.0,10000.0,-3.298937607191496,0.03692237263503363,0.03692019851374277,9.560401041544376,-13.122656001082053,14191.536454203691,1.999414838264817e-06,1.4637171356393759,0.005137582058615609,-3.532813449007473e-09,0.005137352530206817,4.660499142662328e-14,True,0,Native LOCA Moore-Spence Hopf continuation row from C++ executable.,physical_ode_state,log_n_log_q_s_internal__physical_state_output,LOCA_MooreSpence_Hopf_bifurcation_parameter_log_w_continued_in_T,native_LOCA_MooreSpence_Hopf_continuation,C++ LOCA::Hopf::MooreSpence::ExtendedGroup over TASK-025 LOCA::LAPACK backend; no Python Hopf corrector.,episodes/006-figure3-hopf-bifurcation/scripts/run_loca_hopf_loci.py,episodes/006-figure3-hopf-bifurcation/outputs/figure3_loca_hopf_loci/raw/native_loca_hopf,nox_loca_native_moore_spence_hopf_continuation,True
loca,episode6-hopf-locus-schema-v1,lower_hopf,wb,72,226.0,30000.0,1.0,10000000000.0,10000.0,-3.267783664141401,0.038090755497892384,0.03808397381949414,9.575107932940103,-13.064923196011469,14401.79215372666,2.118243827124248e-06,1.461955934918679,0.005283218363210962,-3.792448156783677e-09,0.005282962136460956,4.712760140283486e-14,True,0,Native LOCA Moore-Spence Hopf continuation row from C++ executable.,physical_ode_state,log_n_log_q_s_internal__physical_state_output,LOCA_MooreSpence_Hopf_bifurcation_parameter_log_w_continued_in_T,native_LOCA_MooreSpence_Hopf_continuation,C++ LOCA::Hopf::MooreSpence::ExtendedGroup over TASK-025 LOCA::LAPACK backend; no Python Hopf corrector.,episodes/006-figure3-hopf-bifurcation/scripts/run_loca_hopf_loci.py,episodes/006-figure3-hopf-bifurcation/outputs/figure3_loca_hopf_loci/raw/native_loca_hopf,nox_loca_native_moore_spence_hopf_continuation,True
loca,episode6-hopf-locus-schema-v1,lower_hopf,wb,73,226.5,30000.0,1.0,10000000000.0,10000.0,-3.2368217910669674,0.039288564147444485,0.03927716656067673,9.58987904791478,-13.0074391403582,14616.10157946197,2.243576888692297e-06,1.4601864074406736,0.005431906269399947,-4.247172878473447e-09,0.00543159521064738,4.742523527716993e-14,True,0,Native LOCA Moore-Spence Hopf continuation row from C++ executable.,physical_ode_state,log_n_log_q_s_internal__physical_state_output,LOCA_MooreSpence_Hopf_bifurcation_parameter_log_w_continued_in_T,native_LOCA_MooreSpence_Hopf_continuation,C++ LOCA::Hopf::MooreSpence::ExtendedGroup over TASK-025 LOCA::LAPACK backend; no Python Hopf corrector.,episodes/006-figure3-hopf-bifurcation/scripts/run_loca_hopf_loci.py,episodes/006-figure3-hopf-bifurcation/outputs/figure3_loca_hopf_loci/raw/native_loca_hopf,nox_loca_native_moore_spence_hopf_continuation,True
loca,episode6-hopf-locus-schema-v1,lower_hopf,wb,74,227.0,30000.0,1.0,10000000000.0,10000.0,-3.2060532467396534,0.04051620559563861,0.04050025008299265,9.604718912277445,-12.950201778301128,14834.619925530533,2.3757395527902994e-06,1.4584085736265806,0.005583656879379595,-4.830769758550676e-09,0.005583267290105789,4.7580515558469187e-14,True,0,Native LOCA Moore-Spence Hopf continuation row from C++ executable.,physical_ode_state,log_n_log_q_s_internal__physical_state_output,LOCA_MooreSpence_Hopf_bifurcation_parameter_log_w_continued_in_T,native_LOCA_MooreSpence_Hopf_continuation,C++ LOCA::Hopf::MooreSpence::ExtendedGroup over TASK-025 LOCA::LAPACK backend; no Python Hopf corrector.,episodes/006-figure3-hopf-bifurcation/scripts/run_loca_hopf_loci.py,episodes/006-figure3-hopf-bifurcation/outputs/figure3_loca_hopf_loci/raw/native_loca_hopf,nox_loca_native_moore_spence_hopf_continuation,True
loca,episode6-hopf-locus-schema-v1,lower_hopf,wb,75,227.5,30000.0,1.0,10000000000.0,10000.0,-3.175476960476253,0.04177417470227273,0.04175369567254432,9.619634555879754,-12.893206661052442,15057.546241079483,2.5150782010164853e-06,1.4566224601488353,0.005738365621853823,-4.766146180902684e-09,0.005737997352344304,4.850539412075139e-14,True,0,Native LOCA Moore-Spence Hopf continuation row from C++ executable.,physical_ode_state,log_n_log_q_s_internal__physical_state_output,LOCA_MooreSpence_Hopf_bifurcation_parameter_log_w_continued_in_T,native_LOCA_MooreSpence_Hopf_continuation,C++ LOCA::Hopf::MooreSpence::ExtendedGroup over TASK-025 LOCA::LAPACK backend; no Python Hopf corrector.,episodes/006-figure3-hopf-bifurcation/scripts/run_loca_hopf_loci.py,episodes/006-figure3-hopf-bifurcation/outputs/figure3_loca_hopf_loci/raw/native_loca_hopf,nox_loca_native_moore_spence_hopf_continuation,True
loca,episode6-hopf-locus-schema-v1,lower_hopf,wb,76,228.0,30000.0,1.0,10000000000.0,10000.0,-3.1450905295447877,0.04306302539427583,0.04303797213762855,9.634634520542148,-12.836447943144147,15285.11137023584,2.6619597903869515e-06,1.4548280971935743,0.005895928952915247,-2.769459529110632e-09,0.005895805915771256,5.162266954447101e-14,True,0,Native LOCA Moore-Spence Hopf continuation row from C++ executable.,physical_ode_state,log_n_log_q_s_internal__physical_state_output,LOCA_MooreSpence_Hopf_bifurcation_parameter_log_w_continued_in_T,native_LOCA_MooreSpence_Hopf_continuation,C++ LOCA::Hopf::MooreSpence::ExtendedGroup over TASK-025 LOCA::LAPACK backend; no Python Hopf corrector.,episodes/006-figure3-hopf-bifurcation/scripts/run_loca_hopf_loci.py,episodes/006-figure3-hopf-bifurcation/outputs/figure3_loca_hopf_loci/raw/native_loca_hopf,nox_loca_native_moore_spence_hopf_continuation,True
loca,episode6-hopf-locus-schema-v1,lower_hopf,wb,77,228.5,30000.0,1.0,10000000000.0,10000.0,-3.11489999871502,0.044382945277134545,0.04435354537987528,9.649719134410297,-12.779928150499904,15517.429180192337,2.81674625204123e-06,1.4530254925254005,0.00605668956036581,1.5057995405047195e-13,0.0060566895387375854,2.009040137357707e-15,True,0,Native LOCA Moore-Spence Hopf continuation row from C++ executable.,physical_ode_state,log_n_log_q_s_internal__physical_state_output,LOCA_MooreSpence_Hopf_bifurcation_parameter_log_w_continued_in_T,native_LOCA_MooreSpence_Hopf_continuation,C++ LOCA::Hopf::MooreSpence::ExtendedGroup over TASK-025 LOCA::LAPACK backend; no Python Hopf corrector.,episodes/006-figure3-hopf-bifurcation/scripts/run_loca_hopf_loci.py,episodes/006-figure3-hopf-bifurcation/outputs/figure3_loca_hopf_loci/raw/native_loca_hopf,nox_loca_native_moore_spence_hopf_continuation,True
loca,episode6-hopf-locus-schema-v1,lower_hopf,wb,78,229.0,30000.0,1.0,10000000000.0,10000.0,-3.0849342884995545,0.04573303898809459,0.04570087795487968,9.664866158334123,-12.723672596850239,15754.261173093086,2.979745699429315e-06,1.451214593713732,0.006220942722070827,-4.953943449996958e-09,0.006220578499722285,5.081318391684243e-14,True,0,Native LOCA Moore-Spence Hopf continuation row from C++ executable.,physical_ode_state,log_n_log_q_s_internal__physical_state_output,LOCA_MooreSpence_Hopf_bifurcation_parameter_log_w_continued_in_T,native_LOCA_MooreSpence_Hopf_continuation,C++ LOCA::Hopf::MooreSpence::ExtendedGroup over TASK-025 LOCA::LAPACK backend; no Python Hopf corrector.,episodes/006-figure3-hopf-bifurcation/scripts/run_loca_hopf_loci.py,episodes/006-figure3-hopf-bifurcation/outputs/figure3_loca_hopf_loci/raw/native_loca_hopf,nox_loca_native_moore_spence_hopf_continuation,True
loca,episode6-hopf-locus-schema-v1,lower_hopf,wb,79,229.5,30000.0,1.0,10000000000.0,10000.0,-3.055138675498763,0.047116186456607104,0.047080428622511224,9.68013674804656,-12.667622953136823,15996.68429280157,3.1515285995397877e-06,1.4493955694154752,0.006387624393053472,1.2748090593811242e-10,0.0063876254707743415,1.4966624148249668e-12,True,0,Native LOCA Moore-Spence Hopf continuation row from C++ executable.,physical_ode_state,log_n_log_q_s_internal__physical_state_output,LOCA_MooreSpence_Hopf_bifurcation_parameter_log_w_continued_in_T,native_LOCA_MooreSpence_Hopf_continuation,C++ LOCA::Hopf::MooreSpence::ExtendedGroup over TASK-025 LOCA::LAPACK backend; no Python Hopf corrector.,episodes/006-figure3-hopf-bifurcation/scripts/run_loca_hopf_loci.py,episodes/006-figure3-hopf-bifurcation/outputs/figure3_loca_hopf_loci/raw/native_loca_hopf,nox_loca_native_moore_spence_hopf_continuation,True
loca,episode6-hopf-locus-schema-v1,lower_hopf,wb,80,230.0,30000.0,1.0,10000000000.0,10000.0,-3.025552509966718,0.048530999999987987,0.048492651887080344,9.695498596560808,-12.611814883582941,16244.320135920618,3.3324096948411777e-06,1.447568339520514,0.006557726013012231,3.5966496131996286e-09,0.006557726805577963,4.927120259766075e-17,True,0,Native LOCA Moore-Spence Hopf continuation row from C++ executable.,physical_ode_state,log_n_log_q_s_internal__physical_state_output,LOCA_MooreSpence_Hopf_bifurcation_parameter_log_w_continued_in_T,native_LOCA_MooreSpence_Hopf_continuation,C++ LOCA::Hopf::MooreSpence::ExtendedGroup over TASK-025 LOCA::LAPACK backend; no Python Hopf corrector.,episodes/006-figure3-hopf-bifurcation/scripts/run_loca_hopf_loci.py,episodes/006-figure3-hopf-bifurcation/outputs/figure3_loca_hopf_loci/raw/native_loca_hopf,nox_loca_native_moore_spence_hopf_continuation,True
loca,episode6-hopf-locus-schema-v1,lower_hopf,wb,81,230.5,30000.0,1.0,10000000000.0,10000.0,-2.9952306026024202,0.05002508984047441,0.04993799752757555,9.7118963778916,-12.55530284059909,16512.886876902146,3.5261538546879728e-06,1.445735395577109,0.006731540030644337,3.277033396207826e-07,0.006733652248297421,2.0915561404384853e-10,True,0,Native LOCA Moore-Spence Hopf continuation row from C++ executable.,physical_ode_state,log_n_log_q_s_internal__physical_state_output,LOCA_MooreSpence_Hopf_bifurcation_parameter_log_w_continued_in_T,native_LOCA_MooreSpence_Hopf_continuation,C++ LOCA::Hopf::MooreSpence::ExtendedGroup over TASK-025 LOCA::LAPACK backend; no Python Hopf corrector.,episodes/006-figure3-hopf-bifurcation/scripts/run_loca_hopf_loci.py,episodes/006-figure3-hopf-bifurcation/outputs/figure3_loca_hopf_loci/raw/native_loca_hopf,nox_loca_native_moore_spence_hopf_continuation,True
loca,episode6-hopf-locus-schema-v1,lower_hopf,wb,82,231.0,30000.0,1.0,10000000000.0,10000.0,-2.967031235453558,0.05145584408711945,0.05141691011820563,9.726502106955328,-12.500930844106243,16755.83956019819,3.723185852954576e-06,1.4438893009653035,0.006907201150337984,1.7823022436169386e-10,0.006907012249485236,6.230212635141168e-14,True,0,Native LOCA Moore-Spence Hopf continuation row from C++ executable.,physical_ode_state,log_n_log_q_s_internal__physical_state_output,LOCA_MooreSpence_Hopf_bifurcation_parameter_log_w_continued_in_T,native_LOCA_MooreSpence_Hopf_continuation,C++ LOCA::Hopf::MooreSpence::ExtendedGroup over TASK-025 LOCA::LAPACK backend; no Python Hopf corrector.,episodes/006-figure3-hopf-bifurcation/scripts/run_loca_hopf_loci.py,episodes/006-figure3-hopf-bifurcation/outputs/figure3_loca_hopf_loci/raw/native_loca_hopf,nox_loca_native_moore_spence_hopf_continuation,True
loca,episode6-hopf-locus-schema-v1,lower_hopf,wb,83,231.5,30000.0,1.0,10000000000.0,10000.0,-2.9380802508642274,0.05296731515442584,0.052929828539483886,9.742174198353315,-12.445831313753652,17020.507139321042,3.934088611372878e-06,1.4420375822807443,0.0070862311931983255,1.5187412959194457e-12,0.007086227993595392,1.4386292075381994e-15,True,0,Native LOCA Moore-Spence Hopf continuation row from C++ executable.,physical_ode_state,log_n_log_q_s_internal__physical_state_output,LOCA_MooreSpence_Hopf_bifurcation_parameter_log_w_continued_in_T,native_LOCA_MooreSpence_Hopf_continuation,C++ LOCA::Hopf::MooreSpence::ExtendedGroup over TASK-025 LOCA::LAPACK backend; no Python Hopf corrector.,episodes/006-figure3-hopf-bifurcation/scripts/run_loca_hopf_loci.py,episodes/006-figure3-hopf-bifurcation/outputs/figure3_loca_hopf_loci/raw/native_loca_hopf,nox_loca_native_moore_spence_hopf_continuation,True
loca,episode6-hopf-locus-schema-v1,lower_hopf,wb,84,232.0,30000.0,1.0,10000000000.0,10000.0,-2.909356461962348,0.054510798356231925,0.054477185480139086,9.757949259474259,-12.390975596860406,17291.135658273855,4.155924726656467e-06,1.4401777089224115,0.007268798108015974,-5.5668207320312e-09,0.007268412766904082,5.51163094086816e-14,True,0,Native LOCA Moore-Spence Hopf continuation row from C++ executable.,physical_ode_state,log_n_log_q_s_internal__physical_state_output,LOCA_MooreSpence_Hopf_bifurcation_parameter_log_w_continued_in_T,native_LOCA_MooreSpence_Hopf_continuation,C++ LOCA::Hopf::MooreSpence::ExtendedGroup over TASK-025 LOCA::LAPACK backend; no Python Hopf corrector.,episodes/006-figure3-hopf-bifurcation/scripts/run_loca_hopf_loci.py,episodes/006-figure3-hopf-bifurcation/outputs/figure3_loca_hopf_loci/raw/native_loca_hopf,nox_loca_native_moore_spence_hopf_continuation,True
loca,episode6-hopf-locus-schema-v1,lower_hopf,wb,85,232.5,30000.0,1.0,10000000000.0,10000.0,-2.88081729416312,0.05608890296317643,0.05605940693012955,9.77387737370849,-12.336317159025468,17568.755956749796,4.389403754923428e-06,1.438309815571763,0.007453685645030676,2.193674929207301e-13,0.007453685608956153,2.4547668028370424e-15,True,0,Native LOCA Moore-Spence Hopf continuation row from C++ executable.,physical_ode_state,log_n_log_q_s_internal__physical_state_output,LOCA_MooreSpence_Hopf_bifurcation_parameter_log_w_continued_in_T,native_LOCA_MooreSpence_Hopf_continuation,C++ LOCA::Hopf::MooreSpence::ExtendedGroup over TASK-025 LOCA::LAPACK backend; no Python Hopf corrector.,episodes/006-figure3-hopf-bifurcation/scripts/run_loca_hopf_loci.py,episodes/006-figure3-hopf-bifurcation/outputs/figure3_loca_hopf_loci/raw/native_loca_hopf,nox_loca_native_moore_spence_hopf_continuation,True
loca,episode6-hopf-locus-schema-v1,lower_hopf,wb,86,233.0,30000.0,1.0,10000000000.0,10000.0,-2.852523060015648,0.0576985601405711,0.057676911665075485,9.789906460670245,-12.281912185044671,17852.636165945998,4.634824679350639e-06,1.4364337701364367,0.007642106883802537,-4.816586798243178e-09,0.007641832496045866,5.749526610126582e-14,True,0,Native LOCA Moore-Spence Hopf continuation row from C++ executable.,physical_ode_state,log_n_log_q_s_internal__physical_state_output,LOCA_MooreSpence_Hopf_bifurcation_parameter_log_w_continued_in_T,native_LOCA_MooreSpence_Hopf_continuation,C++ LOCA::Hopf::MooreSpence::ExtendedGroup over TASK-025 LOCA::LAPACK backend; no Python Hopf corrector.,episodes/006-figure3-hopf-bifurcation/scripts/run_loca_hopf_loci.py,episodes/006-figure3-hopf-bifurcation/outputs/figure3_loca_hopf_loci/raw/native_loca_hopf,nox_loca_native_moore_spence_hopf_continuation,True
loca,episode6-hopf-locus-schema-v1,lower_hopf,wb,87,233.5,30000.0,1.0,10000000000.0,10000.0,-2.824423655920588,0.05934284887490527,0.0593301107224366,9.80609439224227,-12.227706514451263,18143.9852256152,4.8929923238970975e-06,1.4345497263422498,0.00783299359929525,2.2133900615117774e-13,0.007832993565061081,2.4682460901372055e-15,True,0,Native LOCA Moore-Spence Hopf continuation row from C++ executable.,physical_ode_state,log_n_log_q_s_internal__physical_state_output,LOCA_MooreSpence_Hopf_bifurcation_parameter_log_w_continued_in_T,native_LOCA_MooreSpence_Hopf_continuation,C++ LOCA::Hopf::MooreSpence::ExtendedGroup over TASK-025 LOCA::LAPACK backend; no Python Hopf corrector.,episodes/006-figure3-hopf-bifurcation/scripts/run_loca_hopf_loci.py,episodes/006-figure3-hopf-bifurcation/outputs/figure3_loca_hopf_loci/raw/native_loca_hopf,nox_loca_native_moore_spence_hopf_continuation,True
loca,episode6-hopf-locus-schema-v1,lower_hopf,wb,88,234.0,30000.0,1.0,10000000000.0,10000.0,-2.7965728309802036,0.06101882651817609,0.06101940686978718,9.822395901405745,-12.173749676922496,18442.183504468354,5.164255149511491e-06,1.4326575699086983,0.008027305667874067,-5.583311957950768e-09,0.008026957813554485,5.824344697546264e-14,True,0,Native LOCA Moore-Spence Hopf continuation row from C++ executable.,physical_ode_state,log_n_log_q_s_internal__physical_state_output,LOCA_MooreSpence_Hopf_bifurcation_parameter_log_w_continued_in_T,native_LOCA_MooreSpence_Hopf_continuation,C++ LOCA::Hopf::MooreSpence::ExtendedGroup over TASK-025 LOCA::LAPACK backend; no Python Hopf corrector.,episodes/006-figure3-hopf-bifurcation/scripts/run_loca_hopf_loci.py,episodes/006-figure3-hopf-bifurcation/outputs/figure3_loca_hopf_loci/raw/native_loca_hopf,nox_loca_native_moore_spence_hopf_continuation,True
loca,episode6-hopf-locus-schema-v1,lower_hopf,wb,89,234.5,30000.0,1.0,10000000000.0,10000.0,-2.7689193107854164,0.06272975949916558,0.06274519406555726,9.838870290077903,-12.119986251875096,18748.523658363047,5.44950242362179e-06,1.4307574567626495,0.008223869289692683,2.5986656403131914e-13,0.0082238692449064,2.6741914604221225e-15,True,0,Native LOCA Moore-Spence Hopf continuation row from C++ executable.,physical_ode_state,log_n_log_q_s_internal__physical_state_output,LOCA_MooreSpence_Hopf_bifurcation_parameter_log_w_continued_in_T,native_LOCA_MooreSpence_Hopf_continuation,C++ LOCA::Hopf::MooreSpence::ExtendedGroup over TASK-025 LOCA::LAPACK backend; no Python Hopf corrector.,episodes/006-figure3-hopf-bifurcation/scripts/run_loca_hopf_loci.py,episodes/006-figure3-hopf-bifurcation/outputs/figure3_loca_hopf_loci/raw/native_loca_hopf,nox_loca_native_moore_spence_hopf_continuation,True
loca,episode6-hopf-locus-schema-v1,lower_hopf,wb,90,235.0,30000.0,1.0,10000000000.0,10000.0,-2.741521310543069,0.0644721900261397,0.06450785691263297,9.85546809983756,-12.066470145053978,19062.30492467171,5.749083282164519e-06,1.4288492618713566,0.00842386683813097,-6.031104142359758e-09,0.008423482667386392,5.930356785711605e-14,True,0,Native LOCA Moore-Spence Hopf continuation row from C++ executable.,physical_ode_state,log_n_log_q_s_internal__physical_state_output,LOCA_MooreSpence_Hopf_bifurcation_parameter_log_w_continued_in_T,native_LOCA_MooreSpence_Hopf_continuation,C++ LOCA::Hopf::MooreSpence::ExtendedGroup over TASK-025 LOCA::LAPACK backend; no Python Hopf corrector.,episodes/006-figure3-hopf-bifurcation/scripts/run_loca_hopf_loci.py,episodes/006-figure3-hopf-bifurcation/outputs/figure3_loca_hopf_loci/raw/native_loca_hopf,nox_loca_native_moore_spence_hopf_continuation,True
loca,episode6-hopf-locus-schema-v1,lower_hopf,wb,91,235.5,30000.0,1.0,10000000000.0,10000.0,-2.7143250493700033,0.06624965316531728,0.06630777010522569,9.872251350006321,-12.01314335767867,19384.932150705277,6.063985155015886e-06,1.426933146746123,0.008625950354213664,2.933768679380666e-13,0.008625950300426717,2.8390548993179333e-15,True,0,Native LOCA Moore-Spence Hopf continuation row from C++ executable.,physical_ode_state,log_n_log_q_s_internal__physical_state_output,LOCA_MooreSpence_Hopf_bifurcation_parameter_log_w_continued_in_T,native_LOCA_MooreSpence_Hopf_continuation,C++ LOCA::Hopf::MooreSpence::ExtendedGroup over TASK-025 LOCA::LAPACK backend; no Python Hopf corrector.,episodes/006-figure3-hopf-bifurcation/scripts/run_loca_hopf_loci.py,episodes/006-figure3-hopf-bifurcation/outputs/figure3_loca_hopf_loci/raw/native_loca_hopf,nox_loca_native_moore_spence_hopf_continuation,True
loca,episode6-hopf-locus-schema-v1,lower_hopf,wb,92,236.0,30000.0,1.0,10000000000.0,10000.0,-2.687390703942835,0.06805829212151175,0.0681452978694417,9.889168837057243,-11.960061687272862,19715.666195803395,6.3945679406456414e-06,1.4250089820516985,0.008831432457828681,-6.578253877601373e-09,0.008830999601052335,6.022247667644141e-14,True,0,Native LOCA Moore-Spence Hopf continuation row from C++ executable.,physical_ode_state,log_n_log_q_s_internal__physical_state_output,LOCA_MooreSpence_Hopf_bifurcation_parameter_log_w_continued_in_T,native_LOCA_MooreSpence_Hopf_continuation,C++ LOCA::Hopf::MooreSpence::ExtendedGroup over TASK-025 LOCA::LAPACK backend; no Python Hopf corrector.,episodes/006-figure3-hopf-bifurcation/scripts/run_loca_hopf_loci.py,episodes/006-figure3-hopf-bifurcation/outputs/figure3_loca_hopf_loci/raw/native_loca_hopf,nox_loca_native_moore_spence_hopf_continuation,True
loca,episode6-hopf-locus-schema-v1,lower_hopf,wb,93,236.5,30000.0,1.0,10000000000.0,10000.0,-2.6606623379297214,0.0699019077237368,0.07002079339800749,9.906284900083516,-11.907164926636462,20056.02527549741,6.741925936273304e-06,1.4230769338502423,0.00903879050828654,3.317487343862391e-13,0.009038790443621839,3.013723091140393e-15,True,0,Native LOCA Moore-Spence Hopf continuation row from C++ executable.,physical_ode_state,log_n_log_q_s_internal__physical_state_output,LOCA_MooreSpence_Hopf_bifurcation_parameter_log_w_continued_in_T,native_LOCA_MooreSpence_Hopf_continuation,C++ LOCA::Hopf::MooreSpence::ExtendedGroup over TASK-025 LOCA::LAPACK backend; no Python Hopf corrector.,episodes/006-figure3-hopf-bifurcation/scripts/run_loca_hopf_loci.py,episodes/006-figure3-hopf-bifurcation/outputs/figure3_loca_hopf_loci/raw/native_loca_hopf,nox_loca_native_moore_spence_hopf_continuation,True
loca,episode6-hopf-locus-schema-v1,lower_hopf,wb,94,237.0,30000.0,1.0,10000000000.0,10000.0,-2.6342025207942354,0.07177618660708363,0.07193459827962047,9.923546109562299,-11.854511216395746,20405.22163464909,7.10642526397325e-06,1.4211368673818374,0.009249501623098351,-7.127164486841683e-09,0.009249019847441553,6.111925226127135e-14,True,0,Native LOCA Moore-Spence Hopf continuation row from C++ executable.,physical_ode_state,log_n_log_q_s_internal__physical_state_output,LOCA_MooreSpence_Hopf_bifurcation_parameter_log_w_continued_in_T,native_LOCA_MooreSpence_Hopf_continuation,C++ LOCA::Hopf::MooreSpence::ExtendedGroup over TASK-025 LOCA::LAPACK backend; no Python Hopf corrector.,episodes/006-figure3-hopf-bifurcation/scripts/run_loca_hopf_loci.py,episodes/006-figure3-hopf-bifurcation/outputs/figure3_loca_hopf_loci/raw/native_loca_hopf,nox_loca_native_moore_spence_hopf_continuation,True
loca,episode6-hopf-locus-schema-v1,lower_hopf,wb,95,237.5,30000.0,1.0,10000000000.0,10000.0,-2.607953149800503,0.07368521210378678,0.0738870419234246,9.941019078942764,-11.802038152253013,20764.894573827438,7.489278060079283e-06,1.4191889531598152,0.009461856056642275,3.724514186648209e-13,0.009461855980152041,3.1829134347111882e-15,True,0,Native LOCA Moore-Spence Hopf continuation row from C++ executable.,physical_ode_state,log_n_log_q_s_internal__physical_state_output,LOCA_MooreSpence_Hopf_bifurcation_parameter_log_w_continued_in_T,native_LOCA_MooreSpence_Hopf_continuation,C++ LOCA::Hopf::MooreSpence::ExtendedGroup over TASK-025 LOCA::LAPACK backend; no Python Hopf corrector.,episodes/006-figure3-hopf-bifurcation/scripts/run_loca_hopf_loci.py,episodes/006-figure3-hopf-bifurcation/outputs/figure3_loca_hopf_loci/raw/native_loca_hopf,nox_loca_native_moore_spence_hopf_continuation,True
loca,episode6-hopf-locus-schema-v1,lower_hopf,wb,96,238.0,30000.0,1.0,10000000000.0,10000.0,-2.5819630855445226,0.0756253990807278,0.07587844097911052,9.958664102645798,-11.749790159249436,21134.543270080198,7.890980502751432e-06,1.4172330913936138,0.009677031950148771,1.509218097717202e-13,0.00967703193983287,2.0174356140910507e-15,True,0,Native LOCA Moore-Spence Hopf continuation row from C++ executable.,physical_ode_state,log_n_log_q_s_internal__physical_state_output,LOCA_MooreSpence_Hopf_bifurcation_parameter_log_w_continued_in_T,native_LOCA_MooreSpence_Hopf_continuation,C++ LOCA::Hopf::MooreSpence::ExtendedGroup over TASK-025 LOCA::LAPACK backend; no Python Hopf corrector.,episodes/006-figure3-hopf-bifurcation/scripts/run_loca_hopf_loci.py,episodes/006-figure3-hopf-bifurcation/outputs/figure3_loca_hopf_loci/raw/native_loca_hopf,nox_loca_native_moore_spence_hopf_continuation,True
loca,episode6-hopf-locus-schema-v1,lower_hopf,wb,97,238.5,30000.0,1.0,10000000000.0,10000.0,-2.5562197717055737,0.07759752305431364,0.07790909875319106,9.97650256425585,-11.697750316839695,21514.93371202457,8.31249862962303e-06,1.4152693371431238,0.009894523283118533,2.281718650826159e-13,0.00989452325764816,2.4967031545484753e-15,True,0,Native LOCA Moore-Spence Hopf continuation row from C++ executable.,physical_ode_state,log_n_log_q_s_internal__physical_state_output,LOCA_MooreSpence_Hopf_bifurcation_parameter_log_w_continued_in_T,native_LOCA_MooreSpence_Hopf_continuation,C++ LOCA::Hopf::MooreSpence::ExtendedGroup over TASK-025 LOCA::LAPACK backend; no Python Hopf corrector.,episodes/006-figure3-hopf-bifurcation/scripts/run_loca_hopf_loci.py,episodes/006-figure3-hopf-bifurcation/outputs/figure3_loca_hopf_loci/raw/native_loca_hopf,nox_loca_native_moore_spence_hopf_continuation,True
loca,episode6-hopf-locus-schema-v1,lower_hopf,wb,98,239.0,30000.0,1.0,10000000000.0,10000.0,-2.530726007802459,0.07960120820418475,0.07997930462198864,9.994540581657713,-11.645917048077436,21906.541759034735,8.754724608356058e-06,1.4132977065289325,0.01011423770747691,2.3989404213109466e-13,0.010114237680019539,2.5582036756847417e-15,True,0,Native LOCA Moore-Spence Hopf continuation row from C++ executable.,physical_ode_state,log_n_log_q_s_internal__physical_state_output,LOCA_MooreSpence_Hopf_bifurcation_parameter_log_w_continued_in_T,native_LOCA_MooreSpence_Hopf_continuation,C++ LOCA::Hopf::MooreSpence::ExtendedGroup over TASK-025 LOCA::LAPACK backend; no Python Hopf corrector.,episodes/006-figure3-hopf-bifurcation/scripts/run_loca_hopf_loci.py,episodes/006-figure3-hopf-bifurcation/outputs/figure3_loca_hopf_loci/raw/native_loca_hopf,nox_loca_native_moore_spence_hopf_continuation,True
loca,episode6-hopf-locus-schema-v1,lower_hopf,wb,99,239.5,30000.0,1.0,10000000000.0,10000.0,-2.5054845833652237,0.08163602893719063,0.08208933344191788,10.012784267061148,-11.594288779272985,22309.865686051566,9.218587061427552e-06,1.4113182154882598,0.010336077251806108,2.5201195297253065e-13,0.01033607722230183,2.6193808182972234e-15,True,0,Native LOCA Moore-Spence Hopf continuation row from C++ executable.,physical_ode_state,log_n_log_q_s_internal__physical_state_output,LOCA_MooreSpence_Hopf_bifurcation_parameter_log_w_continued_in_T,native_LOCA_MooreSpence_Hopf_continuation,C++ LOCA::Hopf::MooreSpence::ExtendedGroup over TASK-025 LOCA::LAPACK backend; no Python Hopf corrector.,episodes/006-figure3-hopf-bifurcation/scripts/run_loca_hopf_loci.py,episodes/006-figure3-hopf-bifurcation/outputs/figure3_loca_hopf_loci/raw/native_loca_hopf,nox_loca_native_moore_spence_hopf_continuation,True
loca,episode6-hopf-locus-schema-v1,lower_hopf,wb,100,240.0,30000.0,1.0,10000000000.0,10000.0,-2.480498270823508,0.08370150918011551,0.08423944495764461,10.0312397145546,-11.542863940657082,22725.42713195428,9.705052413801289e-06,1.4093308797659831,0.010559938223426268,2.643805313562453e-13,0.01055993819182625,2.6794748755926133e-15,True,0,Native LOCA Moore-Spence Hopf continuation row from C++ executable.,physical_ode_state,log_n_log_q_s_internal__physical_state_output,LOCA_MooreSpence_Hopf_bifurcation_parameter_log_w_continued_in_T,native_LOCA_MooreSpence_Hopf_continuation,C++ LOCA::Hopf::MooreSpence::ExtendedGroup over TASK-025 LOCA::LAPACK backend; no Python Hopf corrector.,episodes/006-figure3-hopf-bifurcation/scripts/run_loca_hopf_loci.py,episodes/006-figure3-hopf-bifurcation/outputs/figure3_loca_hopf_loci/raw/native_loca_hopf,nox_loca_native_moore_spence_hopf_continuation,True
loca,episode6-hopf-locus-schema-v1,upper_hopf,wa,0,190.0,30000.0,1.0,10000000000.0,10000.0,-3.1479325431882166,0.04294081343486524,0.04319757152548583,11.330871641857879,-15.155835786135158,83355.64746045551,2.61760522839127e-07,1.5756128664906284,0.0015871458949780314,-1.9201620416570923e-11,0.0015871440099809735,3.5876370937654225e-14,True,0,Native LOCA Moore-Spence Hopf continuation row from C++ executable.,physical_ode_state,log_n_log_q_s_internal__physical_state_output,LOCA_MooreSpence_Hopf_bifurcation_parameter_log_w_continued_in_T,native_LOCA_MooreSpence_Hopf_continuation,C++ LOCA::Hopf::MooreSpence::ExtendedGroup over TASK-025 LOCA::LAPACK backend; no Python Hopf corrector.,episodes/006-figure3-hopf-bifurcation/scripts/run_loca_hopf_loci.py,episodes/006-figure3-hopf-bifurcation/outputs/figure3_loca_hopf_loci/raw/native_loca_hopf,nox_loca_native_moore_spence_hopf_continuation,True
loca,episode6-hopf-locus-schema-v1,upper_hopf,wa,1,190.5,30000.0,1.0,10000000000.0,10000.0,-3.1017617347452666,0.04496990751723292,0.04521712566542807,11.348600442280695,-15.07333648295549,84846.62062911256,2.8427138247585774e-07,1.5744788757507928,0.0016566329150520694,-2.0912524695878426e-11,0.0016566308515058965,3.7539913286067186e-14,True,0,Native LOCA Moore-Spence Hopf continuation row from C++ executable.,physical_ode_state,log_n_log_q_s_internal__physical_state_output,LOCA_MooreSpence_Hopf_bifurcation_parameter_log_w_continued_in_T,native_LOCA_MooreSpence_Hopf_continuation,C++ LOCA::Hopf::MooreSpence::ExtendedGroup over TASK-025 LOCA::LAPACK backend; no Python Hopf corrector.,episodes/006-figure3-hopf-bifurcation/scripts/run_loca_hopf_loci.py,episodes/006-figure3-hopf-bifurcation/outputs/figure3_loca_hopf_loci/raw/native_loca_hopf,nox_loca_native_moore_spence_hopf_continuation,True
loca,episode6-hopf-locus-schema-v1,upper_hopf,wa,2,191.0,30000.0,1.0,10000000000.0,10000.0,-3.0558867045692493,0.04708095535803286,0.04731945723665355,11.366188637714531,-14.99133197017031,86352.12027599433,3.08565416162993e-07,1.5733343733463956,0.0017287002872110517,-2.271535452682931e-11,0.0017286980351925588,3.922419227314937e-14,True,0,Native LOCA Moore-Spence Hopf continuation row from C++ executable.,physical_ode_state,log_n_log_q_s_internal__physical_state_output,LOCA_MooreSpence_Hopf_bifurcation_parameter_log_w_continued_in_T,native_LOCA_MooreSpence_Hopf_continuation,C++ LOCA::Hopf::MooreSpence::ExtendedGroup over TASK-025 LOCA::LAPACK backend; no Python Hopf corrector.,episodes/006-figure3-hopf-bifurcation/scripts/run_loca_hopf_loci.py,episodes/006-figure3-hopf-bifurcation/outputs/figure3_loca_hopf_loci/raw/native_loca_hopf,nox_loca_native_moore_spence_hopf_continuation,True
loca,episode6-hopf-locus-schema-v1,upper_hopf,wa,3,191.5,30000.0,1.0,10000000000.0,10000.0,-3.0103043992076204,0.04927667669592931,0.04950735683606412,11.383638578437829,-14.90981747836278,87872.18359205643,3.347715498942528e-07,1.572179412347682,0.0018034251093532309,-2.461411433560875e-11,0.0018034226585384745,4.092163226826683e-14,True,0,Native LOCA Moore-Spence Hopf continuation row from C++ executable.,physical_ode_state,log_n_log_q_s_internal__physical_state_output,LOCA_MooreSpence_Hopf_bifurcation_parameter_log_w_continued_in_T,native_LOCA_MooreSpence_Hopf_continuation,C++ LOCA::Hopf::MooreSpence::ExtendedGroup over TASK-025 LOCA::LAPACK backend; no Python Hopf corrector.,episodes/006-figure3-hopf-bifurcation/scripts/run_loca_hopf_loci.py,episodes/006-figure3-hopf-bifurcation/outputs/figure3_loca_hopf_loci/raw/native_loca_hopf,nox_loca_native_moore_spence_hopf_continuation,True
loca,episode6-hopf-locus-schema-v1,upper_hopf,wa,4,192.0,30000.0,1.0,10000000000.0,10000.0,-2.9650118973028228,0.051559855818246965,0.05178367985878251,11.400952507707748,-14.82878838128277,89406.84352314583,3.630270885784421e-07,1.571014044618277,0.0018808860435456452,-2.6613246979431682e-11,0.0018808833831649534,4.264307632491327e-14,True,0,Native LOCA Moore-Spence Hopf continuation row from C++ executable.,physical_ode_state,log_n_log_q_s_internal__physical_state_output,LOCA_MooreSpence_Hopf_bifurcation_parameter_log_w_continued_in_T,native_LOCA_MooreSpence_Hopf_continuation,C++ LOCA::Hopf::MooreSpence::ExtendedGroup over TASK-025 LOCA::LAPACK backend; no Python Hopf corrector.,episodes/006-figure3-hopf-bifurcation/scripts/run_loca_hopf_loci.py,episodes/006-figure3-hopf-bifurcation/outputs/figure3_loca_hopf_loci/raw/native_loca_hopf,nox_loca_native_moore_spence_hopf_continuation,True
loca,episode6-hopf-locus-schema-v1,upper_hopf,wa,5,192.5,30000.0,1.0,10000000000.0,10000.0,-2.9200064015744824,0.05393334204094475,0.05415134662084678,11.418132570363726,-14.748240187309912,90956.12900117117,3.934781935342959e-07,1.56983832086553,0.0019611633201067212,-2.8717525319549297e-11,0.0019611604388885093,4.4378896093427636e-14,True,0,Native LOCA Moore-Spence Hopf continuation row from C++ executable.,physical_ode_state,log_n_log_q_s_internal__physical_state_output,LOCA_MooreSpence_Hopf_bifurcation_parameter_log_w_continued_in_T,native_LOCA_MooreSpence_Hopf_continuation,C++ LOCA::Hopf::MooreSpence::ExtendedGroup over TASK-025 LOCA::LAPACK backend; no Python Hopf corrector.,episodes/006-figure3-hopf-bifurcation/scripts/run_loca_hopf_loci.py,episodes/006-figure3-hopf-bifurcation/outputs/figure3_loca_hopf_loci/raw/native_loca_hopf,nox_loca_native_moore_spence_hopf_continuation,True
loca,episode6-hopf-locus-schema-v1,upper_hopf,wa,6,193.0,30000.0,1.0,10000000000.0,10000.0,-2.8752852314674215,0.0564000501402259,0.05661334240591734,11.435180820805137,-14.668168531571446,92520.06517664006,4.262803828090794e-07,1.5686522906876286,0.0020443387403179707,-3.0932486010538246e-11,0.0020443356264439284,4.6137489950806265e-14,True,0,Native LOCA Moore-Spence Hopf continuation row from C++ executable.,physical_ode_state,log_n_log_q_s_internal__physical_state_output,LOCA_MooreSpence_Hopf_bifurcation_parameter_log_w_continued_in_T,native_LOCA_MooreSpence_Hopf_continuation,C++ LOCA::Hopf::MooreSpence::ExtendedGroup over TASK-025 LOCA::LAPACK backend; no Python Hopf corrector.,episodes/006-figure3-hopf-bifurcation/scripts/run_loca_hopf_loci.py,episodes/006-figure3-hopf-bifurcation/outputs/figure3_loca_hopf_loci/raw/native_loca_hopf,nox_loca_native_moore_spence_hopf_continuation,True
loca,episode6-hopf-locus-schema-v1,upper_hopf,wa,7,193.5,30000.0,1.0,10000000000.0,10000.0,-2.830845816436849,0.058962960730937077,0.059172717432431646,11.452099230371843,-14.588569168686789,94098.6736508744,4.6159905513610927e-07,1.567456002617652,0.002130495677710883,-3.3263852718297404e-11,0.002130492318751133,4.791296336232149e-14,True,0,Native LOCA Moore-Spence Hopf continuation row from C++ executable.,physical_ode_state,log_n_log_q_s_internal__physical_state_output,LOCA_MooreSpence_Hopf_bifurcation_parameter_log_w_continued_in_T,native_LOCA_MooreSpence_Hopf_continuation,C++ LOCA::Hopf::MooreSpence::ExtendedGroup over TASK-025 LOCA::LAPACK backend; no Python Hopf corrector.,episodes/006-figure3-hopf-bifurcation/scripts/run_loca_hopf_loci.py,episodes/006-figure3-hopf-bifurcation/outputs/figure3_loca_hopf_loci/raw/native_loca_hopf,nox_loca_native_moore_spence_hopf_continuation,True
loca,episode6-hopf-locus-schema-v1,upper_hopf,wa,8,194.0,30000.0,1.0,10000000000.0,10000.0,-2.7866856897826078,0.06162512059017809,0.06183258673761164,11.468889694217978,-14.50943796604896,95691.97271223454,4.996100383868043e-07,1.5662495041649425,0.0022197190778238812,-3.571822655354384e-11,0.002219715460679175,4.970907431905129e-14,True,0,Native LOCA Moore-Spence Hopf continuation row from C++ executable.,physical_ode_state,log_n_log_q_s_internal__physical_state_output,LOCA_MooreSpence_Hopf_bifurcation_parameter_log_w_continued_in_T,native_LOCA_MooreSpence_Hopf_continuation,C++ LOCA::Hopf::MooreSpence::ExtendedGroup over TASK-025 LOCA::LAPACK backend; no Python Hopf corrector.,episodes/006-figure3-hopf-bifurcation/scripts/run_loca_hopf_loci.py,episodes/006-figure3-hopf-bifurcation/outputs/figure3_loca_hopf_loci/raw/native_loca_hopf,nox_loca_native_moore_spence_hopf_continuation,True
loca,episode6-hopf-locus-schema-v1,upper_hopf,wa,9,194.5,30000.0,1.0,10000000000.0,10000.0,-2.7428024830283713,0.06438964292004266,0.0645961299747321,11.48555403768385,-14.430770897638775,97299.97757330156,5.405001633544605e-07,1.5650328418538688,0.0023120954563402027,-3.830257674073724e-11,0.0023120915671772406,5.152498019351687e-14,True,0,Native LOCA Moore-Spence Hopf continuation row from C++ executable.,physical_ode_state,log_n_log_q_s_internal__physical_state_output,LOCA_MooreSpence_Hopf_bifurcation_parameter_log_w_continued_in_T,native_LOCA_MooreSpence_Hopf_continuation,C++ LOCA::Hopf::MooreSpence::ExtendedGroup over TASK-025 LOCA::LAPACK backend; no Python Hopf corrector.,episodes/006-figure3-hopf-bifurcation/scripts/run_loca_hopf_loci.py,episodes/006-figure3-hopf-bifurcation/outputs/figure3_loca_hopf_loci/raw/native_loca_hopf,nox_loca_native_moore_spence_hopf_continuation,True
loca,episode6-hopf-locus-schema-v1,upper_hopf,wa,10,195.0,30000.0,1.0,10000000000.0,10000.0,-2.6991939207688724,0.06725970754750656,0.06746659112002755,11.502094022244611,-14.352564038293801,98922.70061313188,5.844678637527844e-07,1.563806061260311,0.0024077128955360544,-4.102469611851761e-11,0.002407708719714053,5.33595902887385e-14,True,0,Native LOCA Moore-Spence Hopf continuation row from C++ executable.,physical_ode_state,log_n_log_q_s_internal__physical_state_output,LOCA_MooreSpence_Hopf_bifurcation_parameter_log_w_continued_in_T,native_LOCA_MooreSpence_Hopf_continuation,C++ LOCA::Hopf::MooreSpence::ExtendedGroup over TASK-025 LOCA::LAPACK backend; no Python Hopf corrector.,episodes/006-figure3-hopf-bifurcation/scripts/run_loca_hopf_loci.py,episodes/006-figure3-hopf-bifurcation/outputs/figure3_loca_hopf_loci/raw/native_loca_hopf,nox_loca_native_moore_spence_hopf_continuation,True
loca,episode6-hopf-locus-schema-v1,upper_hopf,wa,11,195.5,30000.0,1.0,10000000000.0,10000.0,-2.655857815975237,0.07023856105562533,0.07044727808561638,11.518511351047067,-14.274813558421476,100560.15162276656,6.317238032962898e-07,1.5625692070459547,0.0025066610389010563,-4.389285885707944e-11,0.002506656560900184,5.5220295760130346e-14,True,0,Native LOCA Moore-Spence Hopf continuation row from C++ executable.,physical_ode_state,log_n_log_q_s_internal__physical_state_output,LOCA_MooreSpence_Hopf_bifurcation_parameter_log_w_continued_in_T,native_LOCA_MooreSpence_Hopf_continuation,C++ LOCA::Hopf::MooreSpence::ExtendedGroup over TASK-025 LOCA::LAPACK backend; no Python Hopf corrector.,episodes/006-figure3-hopf-bifurcation/scripts/run_loca_hopf_loci.py,episodes/006-figure3-hopf-bifurcation/outputs/figure3_loca_hopf_loci/raw/native_loca_hopf,nox_loca_native_moore_spence_hopf_continuation,True
loca,episode6-hopf-locus-schema-v1,upper_hopf,wa,12,196.0,30000.0,1.0,10000000000.0,10000.0,-2.6127920656981556,0.0733295168432945,0.07354156223483022,11.534807674096013,-14.19751571909569,102212.33805727841,6.824915307678193e-07,1.5613223229906448,0.002609031083879663,-4.691638332172954e-11,0.0026090262872161983,5.71005756050642e-14,True,0,Native LOCA Moore-Spence Hopf continuation row from C++ executable.,physical_ode_state,log_n_log_q_s_internal__physical_state_output,LOCA_MooreSpence_Hopf_bifurcation_parameter_log_w_continued_in_T,native_LOCA_MooreSpence_Hopf_continuation,C++ LOCA::Hopf::MooreSpence::ExtendedGroup over TASK-025 LOCA::LAPACK backend; no Python Hopf corrector.,episodes/006-figure3-hopf-bifurcation/scripts/run_loca_hopf_loci.py,episodes/006-figure3-hopf-bifurcation/outputs/figure3_loca_hopf_loci/raw/native_loca_hopf,nox_loca_native_moore_spence_hopf_continuation,True
loca,episode6-hopf-locus-schema-v1,upper_hopf,wa,13,196.5,30000.0,1.0,10000000000.0,10000.0,-2.56999464716729,0.07653595510697901,0.07675287779633934,11.550984593093897,-14.12066686753396,103879.26529231021,7.370081639586529e-07,1.5600654520228636,0.0027149157725673903,-5.010503725247015e-11,0.0027149106397064806,5.900071237808417e-14,True,0,Native LOCA Moore-Spence Hopf continuation row from C++ executable.,physical_ode_state,log_n_log_q_s_internal__physical_state_output,LOCA_MooreSpence_Hopf_bifurcation_parameter_log_w_continued_in_T,native_LOCA_MooreSpence_Hopf_continuation,C++ LOCA::Hopf::MooreSpence::ExtendedGroup over TASK-025 LOCA::LAPACK backend; no Python Hopf corrector.,episodes/006-figure3-hopf-bifurcation/scripts/run_loca_hopf_loci.py,episodes/006-figure3-hopf-bifurcation/outputs/figure3_loca_hopf_loci/raw/native_loca_hopf,nox_loca_native_moore_spence_hopf_continuation,True
loca,episode6-hopf-locus-schema-v1,upper_hopf,wa,14,197.0,30000.0,1.0,10000000000.0,10000.0,-2.5274636142239273,0.07986132274196786,0.08008472117349621,11.567043665997694,-14.044263432891945,105560.93688931622,7.955251034141376e-07,1.5587986362485753,0.002824409380300914,-5.3469723576083164e-11,0.0028244038925635457,6.092394612490376e-14,True,0,Native LOCA Moore-Spence Hopf continuation row from C++ executable.,physical_ode_state,log_n_log_q_s_internal__physical_state_output,LOCA_MooreSpence_Hopf_bifurcation_parameter_log_w_continued_in_T,native_LOCA_MooreSpence_Hopf_continuation,C++ LOCA::Hopf::MooreSpence::ExtendedGroup over TASK-025 LOCA::LAPACK backend; no Python Hopf corrector.,episodes/006-figure3-hopf-bifurcation/scripts/run_loca_hopf_loci.py,episodes/006-figure3-hopf-bifurcation/outputs/figure3_loca_hopf_loci/raw/native_loca_hopf,nox_loca_native_moore_spence_hopf_continuation,True
loca,episode6-hopf-locus-schema-v1,upper_hopf,wa,15,197.5,30000.0,1.0,10000000000.0,10000.0,-2.485197094089489,0.08330913315611452,0.08354065014532089,11.582986411292291,-13.968301922377012,107257.35486751776,8.583087768878316e-07,1.5575219169784817,0.0029376077019905265,-5.70223573220785e-11,0.002937601839450528,6.287177827736594e-14,True,0,Native LOCA Moore-Spence Hopf continuation row from C++ executable.,physical_ode_state,log_n_log_q_s_internal__physical_state_output,LOCA_MooreSpence_Hopf_bifurcation_parameter_log_w_continued_in_T,native_LOCA_MooreSpence_Hopf_continuation,C++ LOCA::Hopf::MooreSpence::ExtendedGroup over TASK-025 LOCA::LAPACK backend; no Python Hopf corrector.,episodes/006-figure3-hopf-bifurcation/scripts/run_loca_hopf_loci.py,episodes/006-figure3-hopf-bifurcation/outputs/figure3_loca_hopf_loci/raw/native_loca_hopf,nox_loca_native_moore_spence_hopf_continuation,True
loca,episode6-hopf-locus-schema-v1,upper_hopf,wa,16,198.0,30000.0,1.0,10000000000.0,10000.0,-2.4431932844342827,0.08688296599153722,0.08712428295561428,11.598814312017556,-13.892778917644419,108968.51998459139,9.256414154384168e-07,1.5562353347538405,0.003054608036077586,-6.077573329581892e-11,0.0030546017774498494,6.484205325038639e-14,True,0,Native LOCA Moore-Spence Hopf continuation row from C++ executable.,physical_ode_state,log_n_log_q_s_internal__physical_state_output,LOCA_MooreSpence_Hopf_bifurcation_parameter_log_w_continued_in_T,native_LOCA_MooreSpence_Hopf_continuation,C++ LOCA::Hopf::MooreSpence::ExtendedGroup over TASK-025 LOCA::LAPACK backend; no Python Hopf corrector.,episodes/006-figure3-hopf-bifurcation/scripts/run_loca_hopf_loci.py,episodes/006-figure3-hopf-bifurcation/outputs/figure3_loca_hopf_loci/raw/native_loca_hopf,nox_loca_native_moore_spence_hopf_continuation,True
loca,episode6-hopf-locus-schema-v1,upper_hopf,wa,17,198.5,30000.0,1.0,10000000000.0,10000.0,-2.401450450722208,0.09058646674897226,0.09083929728671371,11.61452881957511,-13.817691071451046,110694.4320272701,9.97821862105777e-07,1.5549389293709595,0.003175509165995038,-6.474362352119033e-11,0.0031755024885089644,6.684959543032396e-14,True,0,Native LOCA Moore-Spence Hopf continuation row from C++ executable.,physical_ode_state,log_n_log_q_s_internal__physical_state_output,LOCA_MooreSpence_Hopf_bifurcation_parameter_log_w_continued_in_T,native_LOCA_MooreSpence_Hopf_continuation,C++ LOCA::Hopf::MooreSpence::ExtendedGroup over TASK-025 LOCA::LAPACK backend; no Python Hopf corrector.,episodes/006-figure3-hopf-bifurcation/scripts/run_loca_hopf_loci.py,episodes/006-figure3-hopf-bifurcation/outputs/figure3_loca_hopf_loci/raw/native_loca_hopf,nox_loca_native_moore_spence_hopf_continuation,True
loca,episode6-hopf-locus-schema-v1,upper_hopf,wa,18,199.0,30000.0,1.0,10000000000.0,10000.0,-2.359966923807719,0.09442334630941003,0.09468942911445459,11.630131357339557,-13.74303510454271,112435.09011316087,1.0751664141095248e-06,1.553632739904484,0.003300411338976725,-6.894144250705475e-11,0.003300404218253269,6.886620030742752e-14,True,0,Native LOCA Moore-Spence Hopf continuation row from C++ executable.,physical_ode_state,log_n_log_q_s_internal__physical_state_output,LOCA_MooreSpence_Hopf_bifurcation_parameter_log_w_continued_in_T,native_LOCA_MooreSpence_Hopf_continuation,C++ LOCA::Hopf::MooreSpence::ExtendedGroup over TASK-025 LOCA::LAPACK backend; no Python Hopf corrector.,episodes/006-figure3-hopf-bifurcation/scripts/run_loca_hopf_loci.py,episodes/006-figure3-hopf-bifurcation/outputs/figure3_loca_hopf_loci/raw/native_loca_hopf,nox_loca_native_moore_spence_hopf_continuation,True
loca,episode6-hopf-locus-schema-v1,upper_hopf,wa,19,199.5,30000.0,1.0,10000000000.0,10000.0,-2.3187410977891587,0.09839738034493295,0.09867847144097296,11.645623324073123,-13.6688078027772,114190.49300239285,1.1580096994906226e-06,1.5523168047294935,0.0034294162420831823,-7.338561282634916e-11,0.003429408651988182,7.09185662194494e-14,True,0,Native LOCA Moore-Spence Hopf continuation row from C++ executable.,physical_ode_state,log_n_log_q_s_internal__physical_state_output,LOCA_MooreSpence_Hopf_bifurcation_parameter_log_w_continued_in_T,native_LOCA_MooreSpence_Hopf_continuation,C++ LOCA::Hopf::MooreSpence::ExtendedGroup over TASK-025 LOCA::LAPACK backend; no Python Hopf corrector.,episodes/006-figure3-hopf-bifurcation/scripts/run_loca_hopf_loci.py,episodes/006-figure3-hopf-bifurcation/outputs/figure3_loca_hopf_loci/raw/native_loca_hopf,nox_loca_native_moore_spence_hopf_continuation,True
loca,episode6-hopf-locus-schema-v1,upper_hopf,wa,20,200.0,30000.0,1.0,10000000000.0,10000.0,-2.2777714280707686,0.10251240861515358,0.1028102729020545,11.661006097191052,-13.595006014436382,115960.63942323011,1.2467055891669778e-06,1.550991161542589,0.003562626975298398,-7.809416367699981e-11,0.0035626188877821525,7.299851490599846e-14,True,0,Native LOCA Moore-Spence Hopf continuation row from C++ executable.,physical_ode_state,log_n_log_q_s_internal__physical_state_output,LOCA_MooreSpence_Hopf_bifurcation_parameter_log_w_continued_in_T,native_LOCA_MooreSpence_Hopf_continuation,C++ LOCA::Hopf::MooreSpence::ExtendedGroup over TASK-025 LOCA::LAPACK backend; no Python Hopf corrector.,episodes/006-figure3-hopf-bifurcation/scripts/run_loca_hopf_loci.py,episodes/006-figure3-hopf-bifurcation/outputs/figure3_loca_hopf_loci/raw/native_loca_hopf,nox_loca_native_moore_spence_hopf_continuation,True
loca,episode6-hopf-locus-schema-v1,upper_hopf,wa,21,200.5,30000.0,1.0,10000000000.0,10000.0,-2.237056429641493,0.10677233414054514,0.10708873624579374,11.676281035873144,-13.521626647733065,117745.52841025709,1.3416281453249774e-06,1.5496558473819761,0.003700148021512907,-8.308670854735752e-11,0.0037001394064393833,7.509997434778512e-14,True,0,Native LOCA Moore-Spence Hopf continuation row from C++ executable.,physical_ode_state,log_n_log_q_s_internal__physical_state_output,LOCA_MooreSpence_Hopf_bifurcation_parameter_log_w_continued_in_T,native_LOCA_MooreSpence_Hopf_continuation,C++ LOCA::Hopf::MooreSpence::ExtendedGroup over TASK-025 LOCA::LAPACK backend; no Python Hopf corrector.,episodes/006-figure3-hopf-bifurcation/scripts/run_loca_hopf_loci.py,episodes/006-figure3-hopf-bifurcation/outputs/figure3_loca_hopf_loci/raw/native_loca_hopf,nox_loca_native_moore_spence_hopf_continuation,True
loca,episode6-hopf-locus-schema-v1,upper_hopf,wa,22,201.0,30000.0,1.0,10000000000.0,10000.0,-2.196594675549173,0.11118112224631538,0.11151781667945866,11.691449484043577,-13.448666668491361,119545.15965682268,1.4431726070924753e-06,1.5483108986466352,0.003842085213244117,-8.83843020744058e-11,0.0038420760382030183,7.722452615181135e-14,True,0,Native LOCA Moore-Spence Hopf continuation row from C++ executable.,physical_ode_state,log_n_log_q_s_internal__physical_state_output,LOCA_MooreSpence_Hopf_bifurcation_parameter_log_w_continued_in_T,native_LOCA_MooreSpence_Hopf_continuation,C++ LOCA::Hopf::MooreSpence::ExtendedGroup over TASK-025 LOCA::LAPACK backend; no Python Hopf corrector.,episodes/006-figure3-hopf-bifurcation/scripts/run_loca_hopf_loci.py,episodes/006-figure3-hopf-bifurcation/outputs/figure3_loca_hopf_loci/raw/native_loca_hopf,nox_loca_native_moore_spence_hopf_continuation,True
loca,episode6-hopf-locus-schema-v1,upper_hopf,wa,23,201.5,30000.0,1.0,10000000000.0,10000.0,-2.1563847955451276,0.11574279947095267,0.11610152008151065,11.706512773245798,-13.376123097974599,121359.53388424503,1.551756414448172e-06,1.5469563511146864,0.003988545695926129,-9.401060640135302e-11,0.003988535926038789,7.938271427585579e-14,True,0,Native LOCA Moore-Spence Hopf continuation row from C++ executable.,physical_ode_state,log_n_log_q_s_internal__physical_state_output,LOCA_MooreSpence_Hopf_bifurcation_parameter_log_w_continued_in_T,native_LOCA_MooreSpence_Hopf_continuation,C++ LOCA::Hopf::MooreSpence::ExtendedGroup over TASK-025 LOCA::LAPACK backend; no Python Hopf corrector.,episodes/006-figure3-hopf-bifurcation/scripts/run_loca_hopf_loci.py,episodes/006-figure3-hopf-bifurcation/outputs/figure3_loca_hopf_loci/raw/native_loca_hopf,nox_loca_native_moore_spence_hopf_continuation,True
loca,episode6-hopf-locus-schema-v1,upper_hopf,wa,24,202.0,30000.0,1.0,10000000000.0,10000.0,-2.1164254749200393,0.12046145232830308,0.12084390107587739,11.721472225393372,-13.30399301088102,123188.65322496927,1.667820271252369e-06,1.5455922399609023,0.004139637887578285,-9.99908109870079e-11,0.00413962748525472,8.158682135156118e-14,True,0,Native LOCA Moore-Spence Hopf continuation row from C++ executable.,physical_ode_state,log_n_log_q_s_internal__physical_state_output,LOCA_MooreSpence_Hopf_bifurcation_parameter_log_w_continued_in_T,native_LOCA_MooreSpence_Hopf_continuation,C++ LOCA::Hopf::MooreSpence::ExtendedGroup over TASK-025 LOCA::LAPACK backend; no Python Hopf corrector.,episodes/006-figure3-hopf-bifurcation/scripts/run_loca_hopf_loci.py,episodes/006-figure3-hopf-bifurcation/outputs/figure3_loca_hopf_loci/raw/native_loca_hopf,nox_loca_native_moore_spence_hopf_continuation,True
loca,episode6-hopf-locus-schema-v1,upper_hopf,wa,25,202.5,30000.0,1.0,10000000000.0,10000.0,-2.0767154534804257,0.12534122591958266,0.12574906096566876,11.736329155448843,-13.232273533455864,125032.5216254414,1.7918292483761577e-06,1.5442185997735494,0.00429547143463117,-1.0635270387884116e-10,0.004295460359337621,8.381263363025007e-14,True,0,Native LOCA Moore-Spence Hopf continuation row from C++ executable.,physical_ode_state,log_n_log_q_s_internal__physical_state_output,LOCA_MooreSpence_Hopf_bifurcation_parameter_log_w_continued_in_T,native_LOCA_MooreSpence_Hopf_continuation,C++ LOCA::Hopf::MooreSpence::ExtendedGroup over TASK-025 LOCA::LAPACK backend; no Python Hopf corrector.,episodes/006-figure3-hopf-bifurcation/scripts/run_loca_hopf_loci.py,episodes/006-figure3-hopf-bifurcation/outputs/figure3_loca_hopf_loci/raw/native_loca_hopf,nox_loca_native_moore_spence_hopf_continuation,True
loca,episode6-hopf-locus-schema-v1,upper_hopf,wa,26,203.0,30000.0,1.0,10000000000.0,10000.0,-2.037253524687347,0.13038632238358244,0.13082114552368268,11.751084874011244,-13.16096184174025,126891.14526612622,1.9242739277967644e-06,1.5428354645705156,0.0044561571637726,-1.131265144901179e-10,0.004456145371749856,8.60637852079632e-14,True,0,Native LOCA Moore-Spence Hopf continuation row from C++ executable.,physical_ode_state,log_n_log_q_s_internal__physical_state_output,LOCA_MooreSpence_Hopf_bifurcation_parameter_log_w_continued_in_T,native_LOCA_MooreSpence_Hopf_continuation,C++ LOCA::Hopf::MooreSpence::ExtendedGroup over TASK-025 LOCA::LAPACK backend; no Python Hopf corrector.,episodes/006-figure3-hopf-bifurcation/scripts/run_loca_hopf_loci.py,episodes/006-figure3-hopf-bifurcation/outputs/figure3_loca_hopf_loci/raw/native_loca_hopf,nox_loca_native_moore_spence_hopf_continuation,True
loca,episode6-hopf-locus-schema-v1,upper_hopf,wa,27,203.5,30000.0,1.0,10000000000.0,10000.0,-1.9980385349333185,0.1356009991780474,0.13606434263716427,11.765740689836928,-13.090055159933003,128764.53300144828,2.0656715885765917e-06,1.5414428678148104,0.00462180702952491,-1.203450679360769e-10,0.00462179447349966,8.83363336878439e-14,True,0,Native LOCA Moore-Spence Hopf continuation row from C++ executable.,physical_ode_state,log_n_log_q_s_internal__physical_state_output,LOCA_MooreSpence_Hopf_bifurcation_parameter_log_w_continued_in_T,native_LOCA_MooreSpence_Hopf_continuation,C++ LOCA::Hopf::MooreSpence::ExtendedGroup over TASK-025 LOCA::LAPACK backend; no Python Hopf corrector.,episodes/006-figure3-hopf-bifurcation/scripts/run_loca_hopf_loci.py,episodes/006-figure3-hopf-bifurcation/outputs/figure3_loca_hopf_loci/raw/native_loca_hopf,nox_loca_native_moore_spence_hopf_continuation,True
loca,episode6-hopf-locus-schema-v1,upper_hopf,wa,28,204.0,30000.0,1.0,10000000000.0,10000.0,-1.9590693829454109,0.14098956718384612,0.1414828798044634,11.780297912307997,-13.019550758852017,130652.69682141746,2.216567435620756e-06,1.5400408424294971,0.004792534057422651,-1.2804508823138945e-10,0.0047925206862783195,9.066500166888423e-14,True,0,Native LOCA Moore-Spence Hopf continuation row from C++ executable.,physical_ode_state,log_n_log_q_s_internal__physical_state_output,LOCA_MooreSpence_Hopf_bifurcation_parameter_log_w_continued_in_T,native_LOCA_MooreSpence_Hopf_continuation,C++ LOCA::Hopf::MooreSpence::ExtendedGroup over TASK-025 LOCA::LAPACK backend; no Python Hopf corrector.,episodes/006-figure3-hopf-bifurcation/scripts/run_loca_hopf_loci.py,episodes/006-figure3-hopf-bifurcation/outputs/figure3_loca_hopf_loci/raw/native_loca_hopf,nox_loca_native_moore_spence_hopf_continuation,True
loca,episode6-hopf-locus-schema-v1,upper_hopf,wa,29,204.5,30000.0,1.0,10000000000.0,10000.0,-1.9203450193360185,0.14655638861854164,0.14708102148136346,11.79475785382748,-12.949445954516733,132555.65233223425,2.3775358720147085e-06,1.5386294208120073,0.0049684522824545,-1.362655001449541e-10,0.0049684380408682866,9.302209701854213e-14,True,0,Native LOCA Moore-Spence Hopf continuation row from C++ executable.,physical_ode_state,log_n_log_q_s_internal__physical_state_output,LOCA_MooreSpence_Hopf_bifurcation_parameter_log_w_continued_in_T,native_LOCA_MooreSpence_Hopf_continuation,C++ LOCA::Hopf::MooreSpence::ExtendedGroup over TASK-025 LOCA::LAPACK backend; no Python Hopf corrector.,episodes/006-figure3-hopf-bifurcation/scripts/run_loca_hopf_loci.py,episodes/006-figure3-hopf-bifurcation/outputs/figure3_loca_hopf_loci/raw/native_loca_hopf,nox_loca_native_moore_spence_hopf_continuation,True
loca,episode6-hopf-locus-schema-v1,upper_hopf,wa,30,205.0,30000.0,1.0,10000000000.0,10000.0,-1.88186444624174,0.15230587475672477,0.15286306627508262,11.809121832203312,-12.879738106790535,134473.4192639855,2.5491818158966126e-06,1.5372086348480316,0.005149676682647137,-1.45050237066683e-10,0.005149661510699563,9.540654217313367e-14,True,0,Native LOCA Moore-Spence Hopf continuation row from C++ executable.,physical_ode_state,log_n_log_q_s_internal__physical_state_output,LOCA_MooreSpence_Hopf_bifurcation_parameter_log_w_continued_in_T,native_LOCA_MooreSpence_Hopf_continuation,C++ LOCA::Hopf::MooreSpence::ExtendedGroup over TASK-025 LOCA::LAPACK backend; no Python Hopf corrector.,episodes/006-figure3-hopf-bifurcation/scripts/run_loca_hopf_loci.py,episodes/006-figure3-hopf-bifurcation/outputs/figure3_loca_hopf_loci/raw/native_loca_hopf,nox_loca_native_moore_spence_hopf_continuation,True
loca,episode6-hopf-locus-schema-v1,upper_hopf,wa,31,205.5,30000.0,1.0,10000000000.0,10000.0,-1.8436267171097083,0.15824248343773525,0.1588333439840599,11.823391172962154,-12.810424618142651,136406.02199796768,2.7321420625383927e-06,1.5357785159248276,0.005336323107421967,-1.5444623981423697e-10,0.005336306940157075,9.783998111641675e-14,True,0,Native LOCA Moore-Spence Hopf continuation row from C++ executable.,physical_ode_state,log_n_log_q_s_internal__physical_state_output,LOCA_MooreSpence_Hopf_bifurcation_parameter_log_w_continued_in_T,native_LOCA_MooreSpence_Hopf_continuation,C++ LOCA::Hopf::MooreSpence::ExtendedGroup over TASK-025 LOCA::LAPACK backend; no Python Hopf corrector.,episodes/006-figure3-hopf-bifurcation/scripts/run_loca_hopf_loci.py,episodes/006-figure3-hopf-bifurcation/outputs/figure3_loca_hopf_loci/raw/native_loca_hopf,nox_loca_native_moore_spence_hopf_continuation,True
loca,episode6-hopf-locus-schema-v1,upper_hopf,wa,32,206.0,30000.0,1.0,10000000000.0,10000.0,-1.805630936559448,0.1643707163595944,0.1649962124819275,11.837567211666103,-12.741502932457218,138353.4901235217,2.9270866925765346e-06,1.534339094944168,0.005528508200585666,-1.6450608570132107e-10,0.005528490967528092,1.0028902545788357e-13,True,0,Native LOCA Moore-Spence Hopf continuation row from C++ executable.,physical_ode_state,log_n_log_q_s_internal__physical_state_output,LOCA_MooreSpence_Hopf_bifurcation_parameter_log_w_continued_in_T,native_LOCA_MooreSpence_Hopf_continuation,C++ LOCA::Hopf::MooreSpence::ExtendedGroup over TASK-025 LOCA::LAPACK backend; no Python Hopf corrector.,episodes/006-figure3-hopf-bifurcation/scripts/run_loca_hopf_loci.py,episodes/006-figure3-hopf-bifurcation/outputs/figure3_loca_hopf_loci/raw/native_loca_hopf,nox_loca_native_moore_spence_hopf_continuation,True
loca,episode6-hopf-locus-schema-v1,upper_hopf,wa,33,206.5,30000.0,1.0,10000000000.0,10000.0,-1.7678762603756604,0.17069511613906505,0.17135605444418778,11.851651296179082,-12.672970533943285,140315.85901767688,3.1347205270073906e-06,1.5328904023347794,0.005726349317536762,-1.752866301814402e-10,0.005726330942176962,1.0279926377395121e-13,True,0,Native LOCA Moore-Spence Hopf continuation row from C++ executable.,physical_ode_state,log_n_log_q_s_internal__physical_state_output,LOCA_MooreSpence_Hopf_bifurcation_parameter_log_w_continued_in_T,native_LOCA_MooreSpence_Hopf_continuation,C++ LOCA::Hopf::MooreSpence::ExtendedGroup over TASK-025 LOCA::LAPACK backend; no Python Hopf corrector.,episodes/006-figure3-hopf-bifurcation/scripts/run_loca_hopf_loci.py,episodes/006-figure3-hopf-bifurcation/outputs/figure3_loca_hopf_loci/raw/native_loca_hopf,nox_loca_native_moore_spence_hopf_continuation,True
loca,episode6-hopf-locus-schema-v1,upper_hopf,wa,34,207.0,30000.0,1.0,10000000000.0,10000.0,-1.7303618955732711,0.1772202631346277,0.177917273916397,11.865644788940624,-12.604824946088522,142293.17045585322,3.3557846298077304e-06,1.531432468064462,0.0059299644365947085,-1.8685138774231745e-10,0.005929944835795156,1.0533630026584029e-13,True,0,Native LOCA Moore-Spence Hopf continuation row from C++ executable.,physical_ode_state,log_n_log_q_s_internal__physical_state_output,LOCA_MooreSpence_Hopf_bifurcation_parameter_log_w_continued_in_T,native_LOCA_MooreSpence_Hopf_continuation,C++ LOCA::Hopf::MooreSpence::ExtendedGroup over TASK-025 LOCA::LAPACK backend; no Python Hopf corrector.,episodes/006-figure3-hopf-bifurcation/scripts/run_loca_hopf_loci.py,episodes/006-figure3-hopf-bifurcation/outputs/figure3_loca_hopf_loci/raw/native_loca_hopf,nox_loca_native_moore_spence_hopf_continuation,True
loca,episode6-hopf-locus-schema-v1,upper_hopf,wa,35,207.5,30000.0,1.0,10000000000.0,10000.0,-1.693087100585783,0.18395077201136273,0.1846842927228794,11.879549069198973,-12.537063730705176,144285.47324751737,3.5910578587125203e-06,1.529965321651738,0.006139472063944538,-1.9926832593394374e-10,0.006139451147288113,1.0793007965627279e-13,True,0,Native LOCA Moore-Spence Hopf continuation row from C++ executable.,physical_ode_state,log_n_log_q_s_internal__physical_state_output,LOCA_MooreSpence_Hopf_bifurcation_parameter_log_w_continued_in_T,native_LOCA_MooreSpence_Hopf_continuation,C++ LOCA::Hopf::MooreSpence::ExtendedGroup over TASK-025 LOCA::LAPACK backend; no Python Hopf corrector.,episodes/006-figure3-hopf-bifurcation/scripts/run_loca_hopf_loci.py,episodes/006-figure3-hopf-bifurcation/outputs/figure3_loca_hopf_loci/raw/native_loca_hopf,nox_loca_native_moore_spence_hopf_continuation,True
loca,episode6-hopf-locus-schema-v1,upper_hopf,wa,36,208.0,30000.0,1.0,10000000000.0,10000.0,-1.6560511855044031,0.19089128804701383,0.19166154671519123,11.893365535274421,-12.469684486997565,146292.82390734722,3.8413584650029025e-06,1.5284889921772682,0.006354991132093727,-2.1261390538624049e-10,0.006354968801184393,1.1052728431865406e-13,True,0,Native LOCA Moore-Spence Hopf continuation row from C++ executable.,physical_ode_state,log_n_log_q_s_internal__physical_state_output,LOCA_MooreSpence_Hopf_bifurcation_parameter_log_w_continued_in_T,native_LOCA_MooreSpence_Hopf_continuation,C++ LOCA::Hopf::MooreSpence::ExtendedGroup over TASK-025 LOCA::LAPACK backend; no Python Hopf corrector.,episodes/006-figure3-hopf-bifurcation/scripts/run_loca_hopf_loci.py,episodes/006-figure3-hopf-bifurcation/outputs/figure3_loca_hopf_loci/raw/native_loca_hopf,nox_loca_native_moore_spence_hopf_continuation,True
loca,episode6-hopf-locus-schema-v1,upper_hopf,wa,37,208.5,30000.0,1.0,10000000000.0,10000.0,-1.6192535124351435,0.19804648315420473,0.1988534818598673,11.907095606788298,-12.402684850715989,148315.2873535017,4.107545742684991e-06,1.5270035082948368,0.0065766408913571495,-2.269720007949639e-10,0.006576617039053821,1.1317559777648334e-13,True,0,Native LOCA Moore-Spence Hopf continuation row from C++ executable.,physical_ode_state,log_n_log_q_s_internal__physical_state_output,LOCA_MooreSpence_Hopf_bifurcation_parameter_log_w_continued_in_T,native_LOCA_MooreSpence_Hopf_continuation,C++ LOCA::Hopf::MooreSpence::ExtendedGroup over TASK-025 LOCA::LAPACK backend; no Python Hopf corrector.,episodes/006-figure3-hopf-bifurcation/scripts/run_loca_hopf_loci.py,episodes/006-figure3-hopf-bifurcation/outputs/figure3_loca_hopf_loci/raw/native_loca_hopf,nox_loca_native_moore_spence_hopf_continuation,True
loca,episode6-hopf-locus-schema-v1,upper_hopf,wa,38,209.0,30000.0,1.0,10000000000.0,10000.0,-1.5826934959260217,0.2054210516130892,0.20626455016522202,11.9207407269035,-12.336062493351234,150352.93764019248,4.390521727738769e-06,1.5255088982420544,0.006804540794209475,-2.4243445663122256e-10,0.006804515303728069,1.158571195091754e-13,True,0,Native LOCA Moore-Spence Hopf continuation row from C++ executable.,physical_ode_state,log_n_log_q_s_internal__physical_state_output,LOCA_MooreSpence_Hopf_bifurcation_parameter_log_w_continued_in_T,native_LOCA_MooreSpence_Hopf_continuation,C++ LOCA::Hopf::MooreSpence::ExtendedGroup over TASK-025 LOCA::LAPACK backend; no Python Hopf corrector.,episodes/006-figure3-hopf-bifurcation/scripts/run_loca_hopf_loci.py,episodes/006-figure3-hopf-bifurcation/outputs/figure3_loca_hopf_loci/raw/native_loca_hopf,nox_loca_native_moore_spence_hopf_continuation,True
loca,episode6-hopf-locus-schema-v1,upper_hopf,wa,39,209.5,30000.0,1.0,10000000000.0,10000.0,-1.5463706034687352,0.21301970549970894,0.21389920544720536,11.934302364573904,-12.269815121372131,152405.85872510815,4.691232947923878e-06,1.5240051898507798,0.007038810371989007,-2.5910269695300463e-10,0.007038783115975679,1.185927906812627e-13,True,0,Native LOCA Moore-Spence Hopf continuation row from C++ executable.,physical_ode_state,log_n_log_q_s_internal__physical_state_output,LOCA_MooreSpence_Hopf_bifurcation_parameter_log_w_continued_in_T,native_LOCA_MooreSpence_Hopf_continuation,C++ LOCA::Hopf::MooreSpence::ExtendedGroup over TASK-025 LOCA::LAPACK backend; no Python Hopf corrector.,episodes/006-figure3-hopf-bifurcation/scripts/run_loca_hopf_loci.py,episodes/006-figure3-hopf-bifurcation/outputs/figure3_loca_hopf_loci/raw/native_loca_hopf,nox_loca_native_moore_spence_hopf_continuation,True
loca,episode6-hopf-locus-schema-v1,upper_hopf,wa,40,210.0,30000.0,1.0,10000000000.0,10000.0,-1.5102843560763108,0.22084716979519253,0.2217618989347088,11.947782016799586,-12.203940475509091,154474.14527217057,5.010672223559854e-06,1.5224924105572548,0.007279569103803116,-2.7708919720878e-10,0.007279539943267597,1.2135233784605671e-13,True,0,Native LOCA Moore-Spence Hopf continuation row from C++ executable.,physical_ode_state,log_n_log_q_s_internal__physical_state_output,LOCA_MooreSpence_Hopf_bifurcation_parameter_log_w_continued_in_T,native_LOCA_MooreSpence_Hopf_continuation,C++ LOCA::Hopf::MooreSpence::ExtendedGroup over TASK-025 LOCA::LAPACK backend; no Python Hopf corrector.,episodes/006-figure3-hopf-bifurcation/scripts/run_loca_hopf_loci.py,episodes/006-figure3-hopf-bifurcation/outputs/figure3_loca_hopf_loci/raw/native_loca_hopf,nox_loca_native_moore_spence_hopf_continuation,True
loca,episode6-hopf-locus-schema-v1,upper_hopf,wa,41,210.5,30000.0,1.0,10000000000.0,10000.0,-1.474434328943521,0.2289081771590895,0.22985707471486946,11.96118121088155,-12.138436330089577,156557.90348958032,5.349880519606466e-06,1.5209705874119437,0.007526936277102479,-2.965169631097969e-10,0.007526905060245931,1.2417468087680413e-13,True,0,Native LOCA Moore-Spence Hopf continuation row from C++ executable.,physical_ode_state,log_n_log_q_s_internal__physical_state_output,LOCA_MooreSpence_Hopf_bifurcation_parameter_log_w_continued_in_T,native_LOCA_MooreSpence_Hopf_continuation,C++ LOCA::Hopf::MooreSpence::ExtendedGroup over TASK-025 LOCA::LAPACK backend; no Python Hopf corrector.,episodes/006-figure3-hopf-bifurcation/scripts/run_loca_hopf_loci.py,episodes/006-figure3-hopf-bifurcation/outputs/figure3_loca_hopf_loci/raw/native_loca_hopf,nox_loca_native_moore_spence_hopf_continuation,True
loca,episode6-hopf-locus-schema-v1,upper_hopf,wa,42,211.0,30000.0,1.0,10000000000.0,10000.0,-1.4388201521574613,0.23720746235848336,0.23818916501934803,11.97450150670618,-12.073300492394416,158657.25200882828,5.709948849489177e-06,1.5194397470891718,0.007781030839667153,-3.1752274035979147e-10,0.0077809974006313575,1.2700174619189284e-13,True,0,Native LOCA Moore-Spence Hopf continuation row from C++ executable.,physical_ode_state,log_n_log_q_s_internal__physical_state_output,LOCA_MooreSpence_Hopf_bifurcation_parameter_log_w_continued_in_T,native_LOCA_MooreSpence_Hopf_continuation,C++ LOCA::Hopf::MooreSpence::ExtendedGroup over TASK-025 LOCA::LAPACK backend; no Python Hopf corrector.,episodes/006-figure3-hopf-bifurcation/scripts/run_loca_hopf_loci.py,episodes/006-figure3-hopf-bifurcation/outputs/figure3_loca_hopf_loci/raw/native_loca_hopf,nox_loca_native_moore_spence_hopf_continuation,True
loca,episode6-hopf-locus-schema-v1,upper_hopf,wa,43,211.5,30000.0,1.0,10000000000.0,10000.0,-1.4034415114888432,0.2457497563306447,0.2467625853527837,11.987744499029395,-12.00853080206446,160772.32280122375,6.092020230754741e-06,1.5178999158964832,0.008041971242674964,-3.4025766254032475e-10,0.008041935400087985,1.2989523837754852e-13,True,0,Native LOCA Moore-Spence Hopf continuation row from C++ executable.,physical_ode_state,log_n_log_q_s_internal__physical_state_output,LOCA_MooreSpence_Hopf_bifurcation_parameter_log_w_continued_in_T,native_LOCA_MooreSpence_Hopf_continuation,C++ LOCA::Hopf::MooreSpence::ExtendedGroup over TASK-025 LOCA::LAPACK backend; no Python Hopf corrector.,episodes/006-figure3-hopf-bifurcation/scripts/run_loca_hopf_loci.py,episodes/006-figure3-hopf-bifurcation/outputs/figure3_loca_hopf_loci/raw/native_loca_hopf,nox_loca_native_moore_spence_hopf_continuation,True
loca,episode6-hopf-locus-schema-v1,upper_hopf,wa,44,212.0,30000.0,1.0,10000000000.0,10000.0,-1.3682981492393733,0.2545397798685229,0.2555817294649985,12.00091181978132,-11.944125130535527,162903.2621363062,6.497291692808508e-06,1.516351119783785,0.008309875274291683,-3.6488910374124495e-10,0.008309836829737053,1.3280830809384925e-13,True,0,Native LOCA Moore-Spence Hopf continuation row from C++ executable.,physical_ode_state,log_n_log_q_s_internal__physical_state_output,LOCA_MooreSpence_Hopf_bifurcation_parameter_log_w_continued_in_T,native_LOCA_MooreSpence_Hopf_continuation,C++ LOCA::Hopf::MooreSpence::ExtendedGroup over TASK-025 LOCA::LAPACK backend; no Python Hopf corrector.,episodes/006-figure3-hopf-bifurcation/scripts/run_loca_hopf_loci.py,episodes/006-figure3-hopf-bifurcation/outputs/figure3_loca_hopf_loci/raw/native_loca_hopf,nox_loca_native_moore_spence_hopf_continuation,True
loca,episode6-hopf-locus-schema-v1,upper_hopf,wa,45,212.5,30000.0,1.0,10000000000.0,10000.0,-1.3333898651595792,0.2635822369093161,0.2646509641688511,12.01400514037707,-11.880081380514692,165050.23158111272,6.927016336719195e-06,1.514793384352244,0.008584859883647105,-3.9160058670165837e-10,0.008584818619875789,1.357945444322034e-13,True,0,Native LOCA Moore-Spence Hopf continuation row from C++ executable.,physical_ode_state,log_n_log_q_s_internal__physical_state_output,LOCA_MooreSpence_Hopf_bifurcation_parameter_log_w_continued_in_T,native_LOCA_MooreSpence_Hopf_continuation,C++ LOCA::Hopf::MooreSpence::ExtendedGroup over TASK-025 LOCA::LAPACK backend; no Python Hopf corrector.,episodes/006-figure3-hopf-bifurcation/scripts/run_loca_hopf_loci.py,episodes/006-figure3-hopf-bifurcation/outputs/figure3_loca_hopf_loci/raw/native_loca_hopf,nox_loca_native_moore_spence_hopf_continuation,True
loca,episode6-hopf-locus-schema-v1,upper_hopf,wa,46,213.0,30000.0,1.0,10000000000.0,10000.0,-1.2987165173953485,0.2728818074202252,0.27397462400592126,12.02702617407053,-11.816397485459502,167213.40904765707,7.382505447318656e-06,1.5132267348630533,0.008867040994538151,-4.2059834364253576e-10,0.008866996673663462,1.387097470460206e-13,True,0,Native LOCA Moore-Spence Hopf continuation row from C++ executable.,physical_ode_state,log_n_log_q_s_internal__physical_state_output,LOCA_MooreSpence_Hopf_bifurcation_parameter_log_w_continued_in_T,native_LOCA_MooreSpence_Hopf_continuation,C++ LOCA::Hopf::MooreSpence::ExtendedGroup over TASK-025 LOCA::LAPACK backend; no Python Hopf corrector.,episodes/006-figure3-hopf-bifurcation/scripts/run_loca_hopf_loci.py,episodes/006-figure3-hopf-bifurcation/outputs/figure3_loca_hopf_loci/raw/native_loca_hopf,nox_loca_native_moore_spence_hopf_continuation,True
loca,episode6-hopf-locus-schema-v1,upper_hopf,wa,47,213.5,30000.0,1.0,10000000000.0,10000.0,-1.264278023530919,0.2824431398473121,0.2835570057626617,12.039976678283528,-11.753071409125864,169392.9898789849,7.865130657046304e-06,1.5116511962458752,0.009156533308821196,-4.5210854753962443e-10,0.009156485670107937,1.4178732941946422e-13,True,0,Native LOCA Moore-Spence Hopf continuation row from C++ executable.,physical_ode_state,log_n_log_q_s_internal__physical_state_output,LOCA_MooreSpence_Hopf_bifurcation_parameter_log_w_continued_in_T,native_LOCA_MooreSpence_Hopf_continuation,C++ LOCA::Hopf::MooreSpence::ExtendedGroup over TASK-025 LOCA::LAPACK backend; no Python Hopf corrector.,episodes/006-figure3-hopf-bifurcation/scripts/run_loca_hopf_loci.py,episodes/006-figure3-hopf-bifurcation/outputs/figure3_loca_hopf_loci/raw/native_loca_hopf,nox_loca_native_moore_spence_hopf_continuation,True
loca,episode6-hopf-locus-schema-v1,upper_hopf,wa,48,214.0,30000.0,1.0,10000000000.0,10000.0,-1.230074361647994,0.2922708431312051,0.2934023628398887,12.052858456981813,-11.690101145110754,171589.1879869326,8.376326161803755e-06,1.5100667931071832,0.009453450098656231,-4.863820053093923e-10,0.009453398856253611,1.447819654877088e-13,True,0,Native LOCA Moore-Spence Hopf continuation row from C++ executable.,physical_ode_state,log_n_log_q_s_internal__physical_state_output,LOCA_MooreSpence_Hopf_bifurcation_parameter_log_w_continued_in_T,native_LOCA_MooreSpence_Hopf_continuation,C++ LOCA::Hopf::MooreSpence::ExtendedGroup over TASK-025 LOCA::LAPACK backend; no Python Hopf corrector.,episodes/006-figure3-hopf-bifurcation/scripts/run_loca_hopf_loci.py,episodes/006-figure3-hopf-bifurcation/outputs/figure3_loca_hopf_loci/raw/native_loca_hopf,nox_loca_native_moore_spence_hopf_continuation,True
loca,episode6-hopf-locus-schema-v1,upper_hopf,wa,49,214.5,30000.0,1.0,10000000000.0,10000.0,-1.1961055714435485,0.30236947826213156,0.3035148994789277,12.06567336305789,-11.627484716427267,173802.23703668403,8.917590988267966e-06,1.5084735497383928,0.009757902987622677,-5.236982043767963e-10,0.009757847828025776,1.4787515550422633e-13,True,0,Native LOCA Moore-Spence Hopf continuation row from C++ executable.,physical_ode_state,log_n_log_q_s_internal__physical_state_output,LOCA_MooreSpence_Hopf_bifurcation_parameter_log_w_continued_in_T,native_LOCA_MooreSpence_Hopf_continuation,C++ LOCA::Hopf::MooreSpence::ExtendedGroup over TASK-025 LOCA::LAPACK backend; no Python Hopf corrector.,episodes/006-figure3-hopf-bifurcation/scripts/run_loca_hopf_loci.py,episodes/006-figure3-hopf-bifurcation/outputs/figure3_loca_hopf_loci/raw/native_loca_hopf,nox_loca_native_moore_spence_hopf_continuation,True
loca,episode6-hopf-locus-schema-v1,upper_hopf,wa,50,215.0,30000.0,1.0,10000000000.0,10000.0,-1.1623717553970199,0.31274354935948967,0.31389876484806495,12.0784233007181,-11.565220175111593,176032.39167919024,9.490491312208281e-06,1.5068714901237825,0.01007000172014175,-5.643668798353124e-10,0.010069942299332175,1.5096348586323233e-13,True,0,Native LOCA Moore-Spence Hopf continuation row from C++ executable.,physical_ode_state,log_n_log_q_s_internal__physical_state_output,LOCA_MooreSpence_Hopf_bifurcation_parameter_log_w_continued_in_T,native_LOCA_MooreSpence_Hopf_continuation,C++ LOCA::Hopf::MooreSpence::ExtendedGroup over TASK-025 LOCA::LAPACK backend; no Python Hopf corrector.,episodes/006-figure3-hopf-bifurcation/scripts/run_loca_hopf_loci.py,episodes/006-figure3-hopf-bifurcation/outputs/figure3_loca_hopf_loci/raw/native_loca_hopf,nox_loca_native_moore_spence_hopf_continuation,True
loca,episode6-hopf-locus-schema-v1,upper_hopf,wa,51,215.5,30000.0,1.0,10000000000.0,10000.0,-1.1288730799735514,0.3233974942630357,0.32455804699332147,12.09111022788724,-11.50330560184514,178279.92883540684,1.009666282739069e-05,1.5052606379482556,0.010389853918723668,-6.087322728135988e-10,0.010389789859106598,1.5411260985006231e-13,True,0,Native LOCA Moore-Spence Hopf continuation row from C++ executable.,physical_ode_state,log_n_log_q_s_internal__physical_state_output,LOCA_MooreSpence_Hopf_bifurcation_parameter_log_w_continued_in_T,native_LOCA_MooreSpence_Hopf_continuation,C++ LOCA::Hopf::MooreSpence::ExtendedGroup over TASK-025 LOCA::LAPACK backend; no Python Hopf corrector.,episodes/006-figure3-hopf-bifurcation/scripts/run_loca_hopf_loci.py,episodes/006-figure3-hopf-bifurcation/outputs/figure3_loca_hopf_loci/raw/native_loca_hopf,nox_loca_native_moore_spence_hopf_continuation,True
loca,episode6-hopf-locus-schema-v1,upper_hopf,wa,52,216.0,30000.0,1.0,10000000000.0,10000.0,-1.0956097768717166,0.3343356746165459,0.33549676665795103,12.103736158612033,-11.441739105606823,180545.14903087428,1.0737813164259697e-05,1.5036410166049026,0.010717564828865907,-6.571748514296039e-10,0.010717495715850161,1.571594884111788e-13,True,0,Native LOCA Moore-Spence Hopf continuation row from C++ executable.,physical_ode_state,log_n_log_q_s_internal__physical_state_output,LOCA_MooreSpence_Hopf_bifurcation_parameter_log_w_continued_in_T,native_LOCA_MooreSpence_Hopf_continuation,C++ LOCA::Hopf::MooreSpence::ExtendedGroup over TASK-025 LOCA::LAPACK backend; no Python Hopf corrector.,episodes/006-figure3-hopf-bifurcation/scripts/run_loca_hopf_loci.py,episodes/006-figure3-hopf-bifurcation/outputs/figure3_loca_hopf_loci/raw/native_loca_hopf,nox_loca_native_moore_spence_hopf_continuation,True
loca,episode6-hopf-locus-schema-v1,upper_hopf,wa,53,216.5,30000.0,1.0,10000000000.0,10000.0,-1.0625821442917238,0.34556236543531454,0.34671887097545556,12.116303165483554,-11.380518823330787,182828.37778604313,1.1415724357831171e-05,1.5020126492024288,0.011053237051205232,-7.101180729595161e-10,0.011053162429422,1.602743083411725e-13,True,0,Native LOCA Moore-Spence Hopf continuation row from C++ executable.,physical_ode_state,log_n_log_q_s_internal__physical_state_output,LOCA_MooreSpence_Hopf_bifurcation_parameter_log_w_continued_in_T,native_LOCA_MooreSpence_Hopf_continuation,C++ LOCA::Hopf::MooreSpence::ExtendedGroup over TASK-025 LOCA::LAPACK backend; no Python Hopf corrector.,episodes/006-figure3-hopf-bifurcation/scripts/run_loca_hopf_loci.py,episodes/006-figure3-hopf-bifurcation/outputs/figure3_loca_hopf_loci/raw/native_loca_hopf,nox_loca_native_moore_spence_hopf_continuation,True
loca,episode6-hopf-locus-schema-v1,upper_hopf,wa,54,217.0,30000.0,1.0,10000000000.0,10000.0,-1.0297905482292953,0.3570817441406948,0.35822822704127233,12.128813382061612,-11.319642919582,185129.96706137518,1.2132255363768168e-05,1.500375558572415,0.011396970260392481,-7.68036258940244e-10,0.011396889629675328,1.633437496045014e-13,True,0,Native LOCA Moore-Spence Hopf continuation row from C++ executable.,physical_ode_state,log_n_log_q_s_internal__physical_state_output,LOCA_MooreSpence_Hopf_bifurcation_parameter_log_w_continued_in_T,native_LOCA_MooreSpence_Hopf_continuation,C++ LOCA::Hopf::MooreSpence::ExtendedGroup over TASK-025 LOCA::LAPACK backend; no Python Hopf corrector.,episodes/006-figure3-hopf-bifurcation/scripts/run_loca_hopf_loci.py,episodes/006-figure3-hopf-bifurcation/outputs/figure3_loca_hopf_loci/raw/native_loca_hopf,nox_loca_native_moore_spence_hopf_continuation,True
loca,episode6-hopf-locus-schema-v1,upper_hopf,wa,55,217.5,30000.0,1.0,10000000000.0,10000.0,-0.9972354238286487,0.3688978790343089,0.37002861536871384,12.141269005263007,-11.259109586282412,187450.2967521329,1.2889344621141179e-05,1.4987297672763151,0.011748860910568499,-8.314527573383135e-10,0.0117487737214313,1.6646282631133807e-13,True,0,Native LOCA Moore-Spence Hopf continuation row from C++ executable.,physical_ode_state,log_n_log_q_s_internal__physical_state_output,LOCA_MooreSpence_Hopf_bifurcation_parameter_log_w_continued_in_T,native_LOCA_MooreSpence_Hopf_continuation,C++ LOCA::Hopf::MooreSpence::ExtendedGroup over TASK-025 LOCA::LAPACK backend; no Python Hopf corrector.,episodes/006-figure3-hopf-bifurcation/scripts/run_loca_hopf_loci.py,episodes/006-figure3-hopf-bifurcation/outputs/figure3_loca_hopf_loci/raw/native_loca_hopf,nox_loca_native_moore_spence_hopf_continuation,True
loca,episode6-hopf-locus-schema-v1,upper_hopf,wa,56,218.0,30000.0,1.0,10000000000.0,10000.0,-0.9649172767187558,0.3810147172233154,0.3821237232350551,12.153672297775644,-11.198917042419536,189789.77624620154,1.368901266139128e-05,1.497075297612384,0.012109001927219764,-9.009494128390041e-10,0.012108907575838598,1.694684820862342e-13,True,0,Native LOCA Moore-Spence Hopf continuation row from C++ executable.,physical_ode_state,log_n_log_q_s_internal__physical_state_output,LOCA_MooreSpence_Hopf_bifurcation_parameter_log_w_continued_in_T,native_LOCA_MooreSpence_Hopf_continuation,C++ LOCA::Hopf::MooreSpence::ExtendedGroup over TASK-025 LOCA::LAPACK backend; no Python Hopf corrector.,episodes/006-figure3-hopf-bifurcation/scripts/run_loca_hopf_loci.py,episodes/006-figure3-hopf-bifurcation/outputs/figure3_loca_hopf_loci/raw/native_loca_hopf,nox_loca_native_moore_spence_hopf_continuation,True
loca,episode6-hopf-locus-schema-v1,upper_hopf,wa,57,218.5,30000.0,1.0,10000000000.0,10000.0,-0.9328366843724544,0.39343607197043834,0.394517137924147,12.166025590451568,-11.139063533777932,192148.84603868084,1.4533364761692843e-05,1.495412171622416,0.0124774823846827,-9.77175469989329e-10,0.012477380207645728,1.7248481633956853e-13,True,0,Native LOCA Moore-Spence Hopf continuation row from C++ executable.,physical_ode_state,log_n_log_q_s_internal__physical_state_output,LOCA_MooreSpence_Hopf_bifurcation_parameter_log_w_continued_in_T,native_LOCA_MooreSpence_Hopf_continuation,C++ LOCA::Hopf::MooreSpence::ExtendedGroup over TASK-025 LOCA::LAPACK backend; no Python Hopf corrector.,episodes/006-figure3-hopf-bifurcation/scripts/run_loca_hopf_loci.py,episodes/006-figure3-hopf-bifurcation/outputs/figure3_loca_hopf_loci/raw/native_loca_hopf,nox_loca_native_moore_spence_hopf_continuation,True
loca,episode6-hopf-locus-schema-v1,upper_hopf,wa,58,219.0,30000.0,1.0,10000000000.0,10000.0,-0.9009942974880082,0.4061656094555983,0.40721233987227035,12.178331284664155,-11.079547332701285,194527.9794025412,1.542459364100116e-05,1.4937404110982708,0.01285438716969195,-1.0608517548573934e-09,0.012854276438086995,1.7549127809132298e-13,True,0,Native LOCA Moore-Spence Hopf continuation row from C++ executable.,physical_ode_state,log_n_log_q_s_internal__physical_state_output,LOCA_MooreSpence_Hopf_bifurcation_parameter_log_w_continued_in_T,native_LOCA_MooreSpence_Hopf_continuation,C++ LOCA::Hopf::MooreSpence::ExtendedGroup over TASK-025 LOCA::LAPACK backend; no Python Hopf corrector.,episodes/006-figure3-hopf-bifurcation/scripts/run_loca_hopf_loci.py,episodes/006-figure3-hopf-bifurcation/outputs/figure3_loca_hopf_loci/raw/native_loca_hopf,nox_loca_native_moore_spence_hopf_continuation,True
loca,episode6-hopf-locus-schema-v1,upper_hopf,wa,59,219.5,30000.0,1.0,10000000000.0,10000.0,-0.8693908413589551,0.4192068349508942,0.420212695724322,12.190591854652764,-11.020366737853704,196927.68412204034,1.6364982197465956e-05,1.4920600375882693,0.013239796630323526,-1.1527814847448956e-09,0.013239676543365143,1.783614436469113e-13,True,0,Native LOCA Moore-Spence Hopf continuation row from C++ executable.,physical_ode_state,log_n_log_q_s_internal__physical_state_output,LOCA_MooreSpence_Hopf_bifurcation_parameter_log_w_continued_in_T,native_LOCA_MooreSpence_Hopf_continuation,C++ LOCA::Hopf::MooreSpence::ExtendedGroup over TASK-025 LOCA::LAPACK backend; no Python Hopf corrector.,episodes/006-figure3-hopf-bifurcation/scripts/run_loca_hopf_loci.py,episodes/006-figure3-hopf-bifurcation/outputs/figure3_loca_hopf_loci/raw/native_loca_hopf,nox_loca_native_moore_spence_hopf_continuation,True
loca,episode6-hopf-locus-schema-v1,upper_hopf,wa,60,220.0,30000.0,1.0,10000000000.0,10000.0,-0.8380271172542042,0.4325630783908875,0.4335214513078588,12.202809849818287,-10.961520074008309,199348.50428431266,1.7356906284901795e-05,1.4903710724033805,0.013633786210232358,-1.2538574896241161e-09,0.013633655888416805,1.8115477579239808e-13,True,0,Native LOCA Moore-Spence Hopf continuation row from C++ executable.,physical_ode_state,log_n_log_q_s_internal__physical_state_output,LOCA_MooreSpence_Hopf_bifurcation_parameter_log_w_continued_in_T,native_LOCA_MooreSpence_Hopf_continuation,C++ LOCA::Hopf::MooreSpence::ExtendedGroup over TASK-025 LOCA::LAPACK backend; no Python Hopf corrector.,episodes/006-figure3-hopf-bifurcation/scripts/run_loca_hopf_loci.py,episodes/006-figure3-hopf-bifurcation/outputs/figure3_loca_hopf_loci/raw/native_loca_hopf,nox_loca_native_moore_spence_hopf_continuation,True
loca,episode6-hopf-locus-schema-v1,upper_hopf,wa,61,220.5,30000.0,1.0,10000000000.0,10000.0,-0.8069040037802783,0.4462374793413519,0.4471417245328864,12.214987896980883,-10.90300569184252,201791.0221337039,1.8402837526495196e-05,1.4886735366232473,0.01403642606847914,-1.365072964170863e-09,0.014036284545979986,1.837801018285241e-13,True,0,Native LOCA Moore-Spence Hopf continuation row from C++ executable.,physical_ode_state,log_n_log_q_s_internal__physical_state_output,LOCA_MooreSpence_Hopf_bifurcation_parameter_log_w_continued_in_T,native_LOCA_MooreSpence_Hopf_continuation,C++ LOCA::Hopf::MooreSpence::ExtendedGroup over TASK-025 LOCA::LAPACK backend; no Python Hopf corrector.,episodes/006-figure3-hopf-bifurcation/scripts/run_loca_hopf_loci.py,episodes/006-figure3-hopf-bifurcation/outputs/figure3_loca_hopf_loci/raw/native_loca_hopf,nox_loca_native_moore_spence_hopf_continuation,True
loca,episode6-hopf-locus-schema-v1,upper_hopf,wa,62,221.0,30000.0,1.0,10000000000.0,10000.0,-0.7760224582345687,0.4602329713570003,0.4610764982256569,12.227128702576373,-10.844821967753415,204255.85998676537,1.9505346163226644e-05,1.4869674511020115,0.014447780684117733,-1.4875309658091834e-09,0.014447626900848852,1.8647470484465298e-13,True,0,Native LOCA Moore-Spence Hopf continuation row from C++ executable.,physical_ode_state,log_n_log_q_s_internal__physical_state_output,LOCA_MooreSpence_Hopf_bifurcation_parameter_log_w_continued_in_T,native_LOCA_MooreSpence_Hopf_continuation,C++ LOCA::Hopf::MooreSpence::ExtendedGroup over TASK-025 LOCA::LAPACK backend; no Python Hopf corrector.,episodes/006-figure3-hopf-bifurcation/scripts/run_loca_hopf_loci.py,episodes/006-figure3-hopf-bifurcation/outputs/figure3_loca_hopf_loci/raw/native_loca_hopf,nox_loca_native_moore_spence_hopf_continuation,True
loca,episode6-hopf-locus-schema-v1,upper_hopf,wa,63,221.5,30000.0,1.0,10000000000.0,10000.0,-0.7453835179206206,0.4745522657372728,0.47532861290510453,12.239235054798963,-10.78696730367465,206743.68221204812,2.066710393482042e-05,1.4852528364739817,0.01486790844655783,-1.6224594588838681e-09,0.014867741239469002,1.8886639754038524e-13,True,0,Native LOCA Moore-Spence Hopf continuation row from C++ executable.,physical_ode_state,log_n_log_q_s_internal__physical_state_output,LOCA_MooreSpence_Hopf_bifurcation_parameter_log_w_continued_in_T,native_LOCA_MooreSpence_Hopf_continuation,C++ LOCA::Hopf::MooreSpence::ExtendedGroup over TASK-025 LOCA::LAPACK backend; no Python Hopf corrector.,episodes/006-figure3-hopf-bifurcation/scripts/run_loca_hopf_loci.py,episodes/006-figure3-hopf-bifurcation/outputs/figure3_loca_hopf_loci/raw/native_loca_hopf,nox_loca_native_moore_spence_hopf_continuation,True
loca,episode6-hopf-locus-schema-v1,upper_hopf,wa,64,222.0,30000.0,1.0,10000000000.0,10000.0,-0.7149883014475406,0.4891978346693887,0.48990075951098594,12.251309825653465,-10.729440126920005,209255.19726993254,2.189088699003297e-05,1.483529713159069,0.015296861231066772,-1.771222693145412e-09,0.0152966793248121,1.9095956902943986e-13,True,0,Native LOCA Moore-Spence Hopf continuation row from C++ executable.,physical_ode_state,log_n_log_q_s_internal__physical_state_output,LOCA_MooreSpence_Hopf_bifurcation_parameter_log_w_continued_in_T,native_LOCA_MooreSpence_Hopf_continuation,C++ LOCA::Hopf::MooreSpence::ExtendedGroup over TASK-025 LOCA::LAPACK backend; no Python Hopf corrector.,episodes/006-figure3-hopf-bifurcation/scripts/run_loca_hopf_loci.py,episodes/006-figure3-hopf-bifurcation/outputs/figure3_loca_hopf_loci/raw/native_loca_hopf,nox_loca_native_moore_spence_hopf_continuation,True
loca,episode6-hopf-locus-schema-v1,upper_hopf,wa,65,222.5,30000.0,1.0,10000000000.0,10000.0,-0.6848380099885617,0.5041718937710937,0.5047954720931018,12.263355972916717,-10.672238890041461,211791.1598150011,2.3179578823486184e-05,1.4817981013680157,0.015734683959755115,-1.935332154842477e-09,0.015734485956805214,1.929284071320883e-13,True,0,Native LOCA Moore-Spence Hopf continuation row from C++ executable.,physical_ode_state,log_n_log_q_s_internal__physical_state_output,LOCA_MooreSpence_Hopf_bifurcation_parameter_log_w_continued_in_T,native_LOCA_MooreSpence_Hopf_continuation,C++ LOCA::Hopf::MooreSpence::ExtendedGroup over TASK-025 LOCA::LAPACK backend; no Python Hopf corrector.,episodes/006-figure3-hopf-bifurcation/scripts/run_loca_hopf_loci.py,episodes/006-figure3-hopf-bifurcation/outputs/figure3_loca_hopf_loci/raw/native_loca_hopf,nox_loca_native_moore_spence_hopf_continuation,True
loca,episode6-hopf-locus-schema-v1,upper_hopf,wa,66,223.0,30000.0,1.0,10000000000.0,10000.0,-0.6549339284667486,0.519476384054382,0.520015120471294,12.27537654201903,-10.61536207067724,214352.3728661134,2.4536173236428234e-05,1.4800580211074772,0.01618141414856659,-2.116468940860025e-09,0.016181198518790105,1.945849644235161e-13,True,0,Native LOCA Moore-Spence Hopf continuation row from C++ executable.,physical_ode_state,log_n_log_q_s_internal__physical_state_output,LOCA_MooreSpence_Hopf_bifurcation_parameter_log_w_continued_in_T,native_LOCA_MooreSpence_Hopf_continuation,C++ LOCA::Hopf::MooreSpence::ExtendedGroup over TASK-025 LOCA::LAPACK backend; no Python Hopf corrector.,episodes/006-figure3-hopf-bifurcation/scripts/run_loca_hopf_loci.py,episodes/006-figure3-hopf-bifurcation/outputs/figure3_loca_hopf_loci/raw/native_loca_hopf,nox_loca_native_moore_spence_hopf_continuation,True
loca,episode6-hopf-locus-schema-v1,upper_hopf,wa,67,223.5,30000.0,1.0,10000000000.0,10000.0,-0.6252774267074178,0.5351129532997163,0.5355619028764238,12.28737466778431,-10.558808171437278,216939.69003420192,2.5963777316964263e-05,1.4783094921848148,0.016637081440467806,-2.3164967966841227e-09,0.01663684651005895,1.9586566820669236e-13,True,0,Native LOCA Moore-Spence Hopf continuation row from C++ executable.,physical_ode_state,log_n_log_q_s_internal__physical_state_output,LOCA_MooreSpence_Hopf_bifurcation_parameter_log_w_continued_in_T,native_LOCA_MooreSpence_Hopf_continuation,C++ LOCA::Hopf::MooreSpence::ExtendedGroup over TASK-025 LOCA::LAPACK backend; no Python Hopf corrector.,episodes/006-figure3-hopf-bifurcation/scripts/run_loca_hopf_loci.py,episodes/006-figure3-hopf-bifurcation/outputs/figure3_loca_hopf_loci/raw/native_loca_hopf,nox_loca_native_moore_spence_hopf_continuation,True
loca,episode6-hopf-locus-schema-v1,upper_hopf,wa,68,224.0,30000.0,1.0,10000000000.0,10000.0,-0.5958699605238026,0.5510829368685151,0.5514378385826285,12.299353576035227,-10.502575719804314,219554.0178117224,2.7465614436422923e-05,1.4765525342126566,0.017101707125200784,-2.5374740472336975e-09,0.017101451065127483,1.971103377506165e-13,True,0,Native LOCA Moore-Spence Hopf continuation row from C++ executable.,physical_ode_state,log_n_log_q_s_internal__physical_state_output,LOCA_MooreSpence_Hopf_bifurcation_parameter_log_w_continued_in_T,native_LOCA_MooreSpence_Hopf_continuation,C++ LOCA::Hopf::MooreSpence::ExtendedGroup over TASK-025 LOCA::LAPACK backend; no Python Hopf corrector.,episodes/006-figure3-hopf-bifurcation/scripts/run_loca_hopf_loci.py,episodes/006-figure3-hopf-bifurcation/outputs/figure3_loca_hopf_loci/raw/native_loca_hopf,nox_loca_native_moore_spence_hopf_continuation,True
loca,episode6-hopf-locus-schema-v1,upper_hopf,wa,69,224.5,30000.0,1.0,10000000000.0,10000.0,-0.5667130726685454,0.5673873380081816,0.5676447605417925,12.311316585102254,-10.446663267995582,222196.31793532937,2.9045027259448067e-05,1.4747871666133623,0.017575303647421547,-2.7816919456334806e-09,0.017575024460840066,1.9769671198982333e-13,True,0,Native LOCA Moore-Spence Hopf continuation row from C++ executable.,physical_ode_state,log_n_log_q_s_internal__physical_state_output,LOCA_MooreSpence_Hopf_bifurcation_parameter_log_w_continued_in_T,native_LOCA_MooreSpence_Hopf_continuation,C++ LOCA::Hopf::MooreSpence::ExtendedGroup over TASK-025 LOCA::LAPACK backend; no Python Hopf corrector.,episodes/006-figure3-hopf-bifurcation/scripts/run_loca_hopf_loci.py,episodes/006-figure3-hopf-bifurcation/outputs/figure3_loca_hopf_loci/raw/native_loca_hopf,nox_loca_native_moore_spence_hopf_continuation,True
loca,episode6-hopf-locus-schema-v1,upper_hopf,wa,70,225.0,30000.0,1.0,10000000000.0,10000.0,-0.5378083938355824,0.5840268075691634,0.5841843080311976,12.323267107030814,-10.391069392974735,224867.6097795108,3.070548075834071e-05,1.4730134086228617,0.018057874098179615,-3.051645608843738e-09,0.01805756961050156,1.9808615468704803e-13,True,0,Native LOCA Moore-Spence Hopf continuation row from C++ executable.,physical_ode_state,log_n_log_q_s_internal__physical_state_output,LOCA_MooreSpence_Hopf_bifurcation_parameter_log_w_continued_in_T,native_LOCA_MooreSpence_Hopf_continuation,C++ LOCA::Hopf::MooreSpence::ExtendedGroup over TASK-025 LOCA::LAPACK backend; no Python Hopf corrector.,episodes/006-figure3-hopf-bifurcation/scripts/run_loca_hopf_loci.py,episodes/006-figure3-hopf-bifurcation/outputs/figure3_loca_hopf_loci/raw/native_loca_hopf,nox_loca_native_moore_spence_hopf_continuation,True
loca,episode6-hopf-locus-schema-v1,upper_hopf,wa,71,225.5,30000.0,1.0,10000000000.0,10000.0,-0.5091576431933356,0.6010016234556026,0.601057919325815,12.335208648964263,-10.335792696116238,227568.97289038292,3.245056524167093e-05,1.4712312792952158,0.018549411712397504,-3.350192658203464e-09,0.01854907955020735,1.9767850278953453e-13,True,0,Native LOCA Moore-Spence Hopf continuation row from C++ executable.,physical_ode_state,log_n_log_q_s_internal__physical_state_output,LOCA_MooreSpence_Hopf_bifurcation_parameter_log_w_continued_in_T,native_LOCA_MooreSpence_Hopf_continuation,C++ LOCA::Hopf::MooreSpence::ExtendedGroup over TASK-025 LOCA::LAPACK backend; no Python Hopf corrector.,episodes/006-figure3-hopf-bifurcation/scripts/run_loca_hopf_loci.py,episodes/006-figure3-hopf-bifurcation/outputs/figure3_loca_hopf_loci/raw/native_loca_hopf,nox_loca_native_moore_spence_hopf_continuation,True
loca,episode6-hopf-locus-schema-v1,upper_hopf,wa,72,226.0,30000.0,1.0,10000000000.0,10000.0,-0.4807626299527049,0.6183116689551639,0.6182668244068766,12.347144813186413,-10.280831804026501,230301.549320281,3.428399934521456e-05,1.469440797503817,0.01904989929462446,-3.6800961832744988e-09,0.019049536905160425,1.9717176788029523e-13,True,0,Native LOCA Moore-Spence Hopf continuation row from C++ executable.,physical_ode_state,log_n_log_q_s_internal__physical_state_output,LOCA_MooreSpence_Hopf_bifurcation_parameter_log_w_continued_in_T,native_LOCA_MooreSpence_Hopf_continuation,C++ LOCA::Hopf::MooreSpence::ExtendedGroup over TASK-025 LOCA::LAPACK backend; no Python Hopf corrector.,episodes/006-figure3-hopf-bifurcation/scripts/run_loca_hopf_loci.py,episodes/006-figure3-hopf-bifurcation/outputs/figure3_loca_hopf_loci/raw/native_loca_hopf,nox_loca_native_moore_spence_hopf_continuation,True
loca,episode6-hopf-locus-schema-v1,upper_hopf,wa,73,226.5,30000.0,1.0,10000000000.0,10000.0,-0.4526252513353406,0.6359564127927017,0.6358120377188091,12.359079300389537,-10.226185365916365,233066.5468084779,3.6209633131928224e-05,1.4676419819516238,0.01955930883303294,-4.045480220211733e-09,0.019558913378917728,1.9534412814811533e-13,True,0,Native LOCA Moore-Spence Hopf continuation row from C++ executable.,physical_ode_state,log_n_log_q_s_internal__physical_state_output,LOCA_MooreSpence_Hopf_bifurcation_parameter_log_w_continued_in_T,native_LOCA_MooreSpence_Hopf_continuation,C++ LOCA::Hopf::MooreSpence::ExtendedGroup over TASK-025 LOCA::LAPACK backend; no Python Hopf corrector.,episodes/006-figure3-hopf-bifurcation/scripts/run_loca_hopf_loci.py,episodes/006-figure3-hopf-bifurcation/outputs/figure3_loca_hopf_loci/raw/native_loca_hopf,nox_loca_native_moore_spence_hopf_continuation,True
loca,episode6-hopf-locus-schema-v1,upper_hopf,wa,74,227.0,30000.0,1.0,10000000000.0,10000.0,-0.4247475023235071,0.6539348813238793,0.6536943509866011,12.371015900850132,-10.171852062888684,235865.23926499774,3.823145075537668e-05,1.4658348511491714,0.02007760040558465,-4.446487580098222e-09,0.020077169123493065,1.9378778132369446e-13,True,0,Native LOCA Moore-Spence Hopf continuation row from C++ executable.,physical_ode_state,log_n_log_q_s_internal__physical_state_output,LOCA_MooreSpence_Hopf_bifurcation_parameter_log_w_continued_in_T,native_LOCA_MooreSpence_Hopf_continuation,C++ LOCA::Hopf::MooreSpence::ExtendedGroup over TASK-025 LOCA::LAPACK backend; no Python Hopf corrector.,episodes/006-figure3-hopf-bifurcation/scripts/run_loca_hopf_loci.py,episodes/006-figure3-hopf-bifurcation/outputs/figure3_loca_hopf_loci/raw/native_loca_hopf,nox_loca_native_moore_spence_hopf_continuation,True
loca,episode6-hopf-locus-schema-v1,upper_hopf,wa,75,227.5,30000.0,1.0,10000000000.0,10000.0,-0.3971314530185121,0.672245651104216,0.6719143261062258,12.382958517393918,-10.117830585048765,238698.97480169372,4.03535742886516e-05,1.4640194234784967,0.020604722996573187,-4.892602903274878e-09,0.020604252411205216,1.9059044490271524e-13,True,0,Native LOCA Moore-Spence Hopf continuation row from C++ executable.,physical_ode_state,log_n_log_q_s_internal__physical_state_output,LOCA_MooreSpence_Hopf_bifurcation_parameter_log_w_continued_in_T,native_LOCA_MooreSpence_Hopf_continuation,C++ LOCA::Hopf::MooreSpence::ExtendedGroup over TASK-025 LOCA::LAPACK backend; no Python Hopf corrector.,episodes/006-figure3-hopf-bifurcation/scripts/run_loca_hopf_loci.py,episodes/006-figure3-hopf-bifurcation/outputs/figure3_loca_hopf_loci/raw/native_loca_hopf,nox_loca_native_moore_spence_hopf_continuation,True
loca,episode6-hopf-locus-schema-v1,upper_hopf,wa,76,228.0,30000.0,1.0,10000000000.0,10000.0,-0.3697793428783026,0.6908867629036247,0.6904722881207873,12.394911071668469,-10.064119725540127,241569.15608177782,4.2580262845397536e-05,1.462195716944984,0.021140608211082625,-5.345295899157089e-09,0.021140098140118288,1.8674111385865752e-13,True,0,Native LOCA Moore-Spence Hopf continuation row from C++ executable.,physical_ode_state,log_n_log_q_s_internal__physical_state_output,LOCA_MooreSpence_Hopf_bifurcation_parameter_log_w_continued_in_T,native_LOCA_MooreSpence_Hopf_continuation,C++ LOCA::Hopf::MooreSpence::ExtendedGroup over TASK-025 LOCA::LAPACK backend; no Python Hopf corrector.,episodes/006-figure3-hopf-bifurcation/scripts/run_loca_hopf_loci.py,episodes/006-figure3-hopf-bifurcation/outputs/figure3_loca_hopf_loci/raw/native_loca_hopf,nox_loca_native_moore_spence_hopf_continuation,True
loca,episode6-hopf-locus-schema-v1,upper_hopf,wa,77,228.5,30000.0,1.0,10000000000.0,10000.0,-0.3426934336997973,0.7098557960715444,0.7093683182952385,12.406877649877933,-10.01071823378768,244477.27771022107,4.4915921193433565e-05,1.4603637495713087,0.021685178578156473,-5.8055070083955565e-09,0.021684628720549756,1.814402303513421e-13,True,0,Native LOCA Moore-Spence Hopf continuation row from C++ executable.,physical_ode_state,log_n_log_q_s_internal__physical_state_output,LOCA_MooreSpence_Hopf_bifurcation_parameter_log_w_continued_in_T,native_LOCA_MooreSpence_Hopf_continuation,C++ LOCA::Hopf::MooreSpence::ExtendedGroup over TASK-025 LOCA::LAPACK backend; no Python Hopf corrector.,episodes/006-figure3-hopf-bifurcation/scripts/run_loca_hopf_loci.py,episodes/006-figure3-hopf-bifurcation/outputs/figure3_loca_hopf_loci/raw/native_loca_hopf,nox_loca_native_moore_spence_hopf_continuation,True
loca,episode6-hopf-locus-schema-v1,upper_hopf,wa,78,229.0,30000.0,1.0,10000000000.0,10000.0,-0.3158769518218651,0.7291491651242368,0.7286022473028959,12.418861564631406,-9.957625757013265,247424.69810865648,4.736505880953414e-05,1.4585235369086929,0.02223828697999516,-5.701406841215548e-09,0.022237743466671477,1.665158342602935e-13,True,0,Native LOCA Moore-Spence Hopf continuation row from C++ executable.,physical_ode_state,log_n_log_q_s_internal__physical_state_output,LOCA_MooreSpence_Hopf_bifurcation_parameter_log_w_continued_in_T,native_LOCA_MooreSpence_Hopf_continuation,C++ LOCA::Hopf::MooreSpence::ExtendedGroup over TASK-025 LOCA::LAPACK backend; no Python Hopf corrector.,episodes/006-figure3-hopf-bifurcation/scripts/run_loca_hopf_loci.py,episodes/006-figure3-hopf-bifurcation/outputs/figure3_loca_hopf_loci/raw/native_loca_hopf,nox_loca_native_moore_spence_hopf_continuation,True
loca,episode6-hopf-locus-schema-v1,upper_hopf,wa,79,229.5,30000.0,1.0,10000000000.0,10000.0,-0.28933399461175174,0.7487620811343326,0.7481736485369086,12.430865463710495,-9.90484272990399,250412.65691367685,4.993228702351646e-05,1.456675092361828,0.022799290382651407,-3.89522832044964e-09,0.022799318081566124,1.8953785761970902e-11,True,0,Native LOCA Moore-Spence Hopf continuation row from C++ executable.,physical_ode_state,log_n_log_q_s_internal__physical_state_output,LOCA_MooreSpence_Hopf_bifurcation_parameter_log_w_continued_in_T,native_LOCA_MooreSpence_Hopf_continuation,C++ LOCA::Hopf::MooreSpence::ExtendedGroup over TASK-025 LOCA::LAPACK backend; no Python Hopf corrector.,episodes/006-figure3-hopf-bifurcation/scripts/run_loca_hopf_loci.py,episodes/006-figure3-hopf-bifurcation/outputs/figure3_loca_hopf_loci/raw/native_loca_hopf,nox_loca_native_moore_spence_hopf_continuation,True
loca,episode6-hopf-locus-schema-v1,upper_hopf,wa,80,230.0,30000.0,1.0,10000000000.0,10000.0,-0.26308052091786144,0.7686800000000379,0.7680818315601948,12.442880310412864,-9.852381441149342,253439.4735561613,5.2621728132467375e-05,1.4548183981421376,0.023369077231189115,9.052703559757173e-09,0.023369077744277024,4.890937810257222e-17,True,0,Native LOCA Moore-Spence Hopf continuation row from C++ executable.,physical_ode_state,log_n_log_q_s_internal__physical_state_output,LOCA_MooreSpence_Hopf_bifurcation_parameter_log_w_continued_in_T,native_LOCA_MooreSpence_Hopf_continuation,C++ LOCA::Hopf::MooreSpence::ExtendedGroup over TASK-025 LOCA::LAPACK backend; no Python Hopf corrector.,episodes/006-figure3-hopf-bifurcation/scripts/run_loca_hopf_loci.py,episodes/006-figure3-hopf-bifurcation/outputs/figure3_loca_hopf_loci/raw/native_loca_hopf,nox_loca_native_moore_spence_hopf_continuation,True
loca,episode6-hopf-locus-schema-v1,upper_hopf,wa,81,230.5,30000.0,1.0,10000000000.0,10000.0,-0.2370711549655741,0.7889351493669681,0.7883258357074118,12.454958353947442,-9.800192742987505,256519.08696604933,5.544091255518386e-05,1.45295359772555,0.023947430217868923,4.355685733967163e-13,0.02394743019629821,1.8507359310780748e-15,True,0,Native LOCA Moore-Spence Hopf continuation row from C++ executable.,physical_ode_state,log_n_log_q_s_internal__physical_state_output,LOCA_MooreSpence_Hopf_bifurcation_parameter_log_w_continued_in_T,native_LOCA_MooreSpence_Hopf_continuation,C++ LOCA::Hopf::MooreSpence::ExtendedGroup over TASK-025 LOCA::LAPACK backend; no Python Hopf corrector.,episodes/006-figure3-hopf-bifurcation/scripts/run_loca_hopf_loci.py,episodes/006-figure3-hopf-bifurcation/outputs/figure3_loca_hopf_loci/raw/native_loca_hopf,nox_loca_native_moore_spence_hopf_continuation,True
loca,episode6-hopf-locus-schema-v1,upper_hopf,wa,82,231.0,30000.0,1.0,10000000000.0,10000.0,-0.21135376721418095,0.8094876460316599,0.8089044238524087,12.467059207799023,-9.74832064110799,259642.04406331226,5.8392643641451754e-05,1.45108058969822,0.02453371464334393,4.948149095324039e-13,0.024533714618124,1.8345970125392884e-15,True,0,Native LOCA Moore-Spence Hopf continuation row from C++ executable.,physical_ode_state,log_n_log_q_s_internal__physical_state_output,LOCA_MooreSpence_Hopf_bifurcation_parameter_log_w_continued_in_T,native_LOCA_MooreSpence_Hopf_continuation,C++ LOCA::Hopf::MooreSpence::ExtendedGroup over TASK-025 LOCA::LAPACK backend; no Python Hopf corrector.,episodes/006-figure3-hopf-bifurcation/scripts/run_loca_hopf_loci.py,episodes/006-figure3-hopf-bifurcation/outputs/figure3_loca_hopf_loci/raw/native_loca_hopf,nox_loca_native_moore_spence_hopf_continuation,True
loca,episode6-hopf-locus-schema-v1,upper_hopf,wa,83,231.5,30000.0,1.0,10000000000.0,10000.0,-0.18591802101910554,0.8303416627551381,0.8298160763552123,12.479200566579221,-9.696750919028727,262813.6662146113,6.148293391190453e-05,1.4491994255667153,0.025127911707545487,5.627026622434528e-13,0.025127911678067827,1.7762076540860993e-15,True,0,Native LOCA Moore-Spence Hopf continuation row from C++ executable.,physical_ode_state,log_n_log_q_s_internal__physical_state_output,LOCA_MooreSpence_Hopf_bifurcation_parameter_log_w_continued_in_T,native_LOCA_MooreSpence_Hopf_continuation,C++ LOCA::Hopf::MooreSpence::ExtendedGroup over TASK-025 LOCA::LAPACK backend; no Python Hopf corrector.,episodes/006-figure3-hopf-bifurcation/scripts/run_loca_hopf_loci.py,episodes/006-figure3-hopf-bifurcation/outputs/figure3_loca_hopf_loci/raw/native_loca_hopf,nox_loca_native_moore_spence_hopf_continuation,True
loca,episode6-hopf-locus-schema-v1,upper_hopf,wa,84,232.0,30000.0,1.0,10000000000.0,10000.0,-0.1607667945924747,0.8514906201719747,0.8510589852019781,12.49138714795925,-9.645482502319132,266036.06145617383,6.471726776663224e-05,1.447310122211878,0.025729836735646716,6.404859281827768e-13,0.0257298367012067,1.7005269718830972e-15,True,0,Native LOCA Moore-Spence Hopf continuation row from C++ executable.,physical_ode_state,log_n_log_q_s_internal__physical_state_output,LOCA_MooreSpence_Hopf_bifurcation_parameter_log_w_continued_in_T,native_LOCA_MooreSpence_Hopf_continuation,C++ LOCA::Hopf::MooreSpence::ExtendedGroup over TASK-025 LOCA::LAPACK backend; no Python Hopf corrector.,episodes/006-figure3-hopf-bifurcation/scripts/run_loca_hopf_loci.py,episodes/006-figure3-hopf-bifurcation/outputs/figure3_loca_hopf_loci/raw/native_loca_hopf,nox_loca_native_moore_spence_hopf_continuation,True
loca,episode6-hopf-locus-schema-v1,upper_hopf,wa,85,232.5,30000.0,1.0,10000000000.0,10000.0,-0.13590304769667294,0.8729272606947647,0.8726310483520109,12.503623749162877,-9.594514341722375,269311.43751168204,6.810129412248217e-05,1.4454126963513412,0.026339287742326717,7.295388251837842e-13,0.026339287702115743,1.5837099469892312e-15,True,0,Native LOCA Moore-Spence Hopf continuation row from C++ executable.,physical_ode_state,log_n_log_q_s_internal__physical_state_output,LOCA_MooreSpence_Hopf_bifurcation_parameter_log_w_continued_in_T,native_LOCA_MooreSpence_Hopf_continuation,C++ LOCA::Hopf::MooreSpence::ExtendedGroup over TASK-025 LOCA::LAPACK backend; no Python Hopf corrector.,episodes/006-figure3-hopf-bifurcation/scripts/run_loca_hopf_loci.py,episodes/006-figure3-hopf-bifurcation/outputs/figure3_loca_hopf_loci/raw/native_loca_hopf,nox_loca_native_moore_spence_hopf_continuation,True
loca,episode6-hopf-locus-schema-v1,upper_hopf,wa,86,233.0,30000.0,1.0,10000000000.0,10000.0,-0.11132981921361174,0.8946436296053155,0.8945298643053717,12.515915242788774,-9.54384541328532,272642.1048340974,7.164082869952176e-05,1.443507164537971,0.026956044989994564,8.313896446288105e-13,0.026956044943081438,1.4443723642734542e-15,True,0,Native LOCA Moore-Spence Hopf continuation row from C++ executable.,physical_ode_state,log_n_log_q_s_internal__physical_state_output,LOCA_MooreSpence_Hopf_bifurcation_parameter_log_w_continued_in_T,native_LOCA_MooreSpence_Hopf_continuation,C++ LOCA::Hopf::MooreSpence::ExtendedGroup over TASK-025 LOCA::LAPACK backend; no Python Hopf corrector.,episodes/006-figure3-hopf-bifurcation/scripts/run_loca_hopf_loci.py,episodes/006-figure3-hopf-bifurcation/outputs/figure3_loca_hopf_loci/raw/native_loca_hopf,nox_loca_native_moore_spence_hopf_continuation,True
loca,episode6-hopf-locus-schema-v1,upper_hopf,wa,87,233.5,30000.0,1.0,10000000000.0,10000.0,-0.08705022438481107,0.9166310572460883,0.9167527269050731,12.528266572105425,-9.493474718503146,276030.4796469572,7.53418561893051e-05,1.441593543157865,0.02757987057749588,9.47726272459981e-13,0.027579870522819464,1.2804904892920464e-15,True,0,Native LOCA Moore-Spence Hopf continuation row from C++ executable.,physical_ode_state,log_n_log_q_s_internal__physical_state_output,LOCA_MooreSpence_Hopf_bifurcation_parameter_log_w_continued_in_T,native_LOCA_MooreSpence_Hopf_continuation,C++ LOCA::Hopf::MooreSpence::ExtendedGroup over TASK-025 LOCA::LAPACK backend; no Python Hopf corrector.,episodes/006-figure3-hopf-bifurcation/scripts/run_loca_hopf_loci.py,episodes/006-figure3-hopf-bifurcation/outputs/figure3_loca_hopf_loci/raw/native_loca_hopf,nox_loca_native_moore_spence_hopf_continuation,True
loca,episode6-hopf-locus-schema-v1,upper_hopf,wa,88,234.0,30000.0,1.0,10000000000.0,10000.0,-0.06306745171156,0.9388801424806981,0.9392966203874636,12.540682745800378,-9.44340128447958,279479.0869777792,7.921053229366232e-05,1.43967184842788,0.028210508063653973,1.0803870818809624e-12,0.02821050800000134,1.0394256948619006e-15,True,0,Native LOCA Moore-Spence Hopf continuation row from C++ executable.,physical_ode_state,log_n_log_q_s_internal__physical_state_output,LOCA_MooreSpence_Hopf_bifurcation_parameter_log_w_continued_in_T,native_LOCA_MooreSpence_Hopf_continuation,C++ LOCA::Hopf::MooreSpence::ExtendedGroup over TASK-025 LOCA::LAPACK backend; no Python Hopf corrector.,episodes/006-figure3-hopf-bifurcation/scripts/run_loca_hopf_loci.py,episodes/006-figure3-hopf-bifurcation/outputs/figure3_loca_hopf_loci/raw/native_loca_hopf,nox_loca_native_moore_spence_hopf_continuation,True
loca,episode6-hopf-locus-schema-v1,upper_hopf,wa,89,234.5,30000.0,1.0,10000000000.0,10000.0,-0.03938475950466067,0.9613807375995073,0.9621582146943174,12.553168832168497,-9.393624164102606,282990.5636760291,8.325318562229134e-05,1.437742096392702,0.02884768213012616,1.2313511755374096e-12,0.02884768205612714,7.391651487947228e-16,True,0,Native LOCA Moore-Spence Hopf continuation row from C++ executable.,physical_ode_state,log_n_log_q_s_internal__physical_state_output,LOCA_MooreSpence_Hopf_bifurcation_parameter_log_w_continued_in_T,native_LOCA_MooreSpence_Hopf_continuation,C++ LOCA::Hopf::MooreSpence::ExtendedGroup over TASK-025 LOCA::LAPACK backend; no Python Hopf corrector.,episodes/006-figure3-hopf-bifurcation/scripts/run_loca_hopf_loci.py,episodes/006-figure3-hopf-bifurcation/outputs/figure3_loca_hopf_loci/raw/native_loca_hopf,nox_loca_native_moore_spence_hopf_continuation,True
loca,episode6-hopf-locus-schema-v1,upper_hopf,wa,90,235.0,30000.0,1.0,10000000000.0,10000.0,-0.01600547207628149,0.9841219348502532,0.9853338610604303,12.56572995272499,-9.344142436236757,286567.6614073651,8.747631943681848e-05,1.435804302921439,0.029491098288205595,1.4027368676339247e-12,0.029491098202309475,4.528009895236311e-16,True,0,Native LOCA Moore-Spence Hopf continuation row from C++ executable.,physical_ode_state,log_n_log_q_s_internal__physical_state_output,LOCA_MooreSpence_Hopf_bifurcation_parameter_log_w_continued_in_T,native_LOCA_MooreSpence_Hopf_continuation,C++ LOCA::Hopf::MooreSpence::ExtendedGroup over TASK-025 LOCA::LAPACK backend; no Python Hopf corrector.,episodes/006-figure3-hopf-bifurcation/scripts/run_loca_hopf_loci.py,episodes/006-figure3-hopf-bifurcation/outputs/figure3_loca_hopf_loci/raw/native_loca_hopf,nox_loca_native_moore_spence_hopf_continuation,True
loca,episode6-hopf-locus-schema-v1,upper_hopf,wa,91,235.5,30000.0,1.0,10000000000.0,10000.0,0.007067024433774011,1.0070920547795619,1.0088195878897048,12.578371275233145,-9.294955205931299,290213.24961588584,9.188661322859383e-05,1.4338584837037531,0.030140442634247432,1.5962931931151614e-12,0.030140442534719914,1.4355362908393988e-16,True,0,Native LOCA Moore-Spence Hopf continuation row from C++ executable.,physical_ode_state,log_n_log_q_s_internal__physical_state_output,LOCA_MooreSpence_Hopf_bifurcation_parameter_log_w_continued_in_T,native_LOCA_MooreSpence_Hopf_continuation,C++ LOCA::Hopf::MooreSpence::ExtendedGroup over TASK-025 LOCA::LAPACK backend; no Python Hopf corrector.,episodes/006-figure3-hopf-bifurcation/scripts/run_loca_hopf_loci.py,episodes/006-figure3-hopf-bifurcation/outputs/figure3_loca_hopf_loci/raw/native_loca_hopf,nox_loca_native_moore_spence_hopf_continuation,True
loca,episode6-hopf-locus-schema-v1,upper_hopf,wa,92,236.0,30000.0,1.0,10000000000.0,10000.0,0.029829286599060194,1.0302786365699592,1.0326110969333075,12.59109800613449,-9.246061604648942,293930.3184442104,9.649092411646578e-05,1.4319046542455078,0.030795381658465664,1.8161609674114624e-12,0.030795381543359337,6.80187518307822e-16,True,0,Native LOCA Moore-Spence Hopf continuation row from C++ executable.,physical_ode_state,log_n_log_q_s_internal__physical_state_output,LOCA_MooreSpence_Hopf_bifurcation_parameter_log_w_continued_in_T,native_LOCA_MooreSpence_Hopf_continuation,C++ LOCA::Hopf::MooreSpence::ExtendedGroup over TASK-025 LOCA::LAPACK backend; no Python Hopf corrector.,episodes/006-figure3-hopf-bifurcation/scripts/run_loca_hopf_loci.py,episodes/006-figure3-hopf-bifurcation/outputs/figure3_loca_hopf_loci/raw/native_loca_hopf,nox_loca_native_moore_spence_hopf_continuation,True
loca,episode6-hopf-locus-schema-v1,upper_hopf,wa,93,236.5,30000.0,1.0,10000000000.0,10000.0,0.05227781862581764,1.0536684305698338,1.0567037597824351,12.60391538238854,-9.197460790503277,297721.98160551686,0.0001012962880517146,1.4299428298639765,0.03145556211194145,2.0623335938302345e-12,0.03145556197910958,1.4736815777438918e-15,True,0,Native LOCA Moore-Spence Hopf continuation row from C++ executable.,physical_ode_state,log_n_log_q_s_internal__physical_state_output,LOCA_MooreSpence_Hopf_bifurcation_parameter_log_w_continued_in_T,native_LOCA_MooreSpence_Hopf_continuation,C++ LOCA::Hopf::MooreSpence::ExtendedGroup over TASK-025 LOCA::LAPACK backend; no Python Hopf corrector.,episodes/006-figure3-hopf-bifurcation/scripts/run_loca_hopf_loci.py,episodes/006-figure3-hopf-bifurcation/outputs/figure3_loca_hopf_loci/raw/native_loca_hopf,nox_loca_native_moore_spence_hopf_continuation,True
loca,episode6-hopf-locus-schema-v1,upper_hopf,wa,94,237.0,30000.0,1.0,10000000000.0,10000.0,0.07440907763435703,1.077247393188013,1.0810926146888526,12.616828662698154,-9.149151948527983,301591.4791911636,0.00010630992081351397,1.4279730256825551,0.03212061093637224,2.337853760407682e-12,0.032120610783446746,2.253900055677151e-15,True,0,Native LOCA Moore-Spence Hopf continuation row from C++ executable.,physical_ode_state,log_n_log_q_s_internal__physical_state_output,LOCA_MooreSpence_Hopf_bifurcation_parameter_log_w_continued_in_T,native_LOCA_MooreSpence_Hopf_continuation,C++ LOCA::Hopf::MooreSpence::ExtendedGroup over TASK-025 LOCA::LAPACK backend; no Python Hopf corrector.,episodes/006-figure3-hopf-bifurcation/scripts/run_loca_hopf_loci.py,episodes/006-figure3-hopf-bifurcation/outputs/figure3_loca_hopf_loci/raw/native_loca_hopf,nox_loca_native_moore_spence_hopf_continuation,True
loca,episode6-hopf-locus-schema-v1,upper_hopf,wa,95,237.5,30000.0,1.0,10000000000.0,10000.0,0.09621947932085095,1.1010006843601319,1.1057723637254382,12.629843118148607,-9.101134290952576,305542.18041115586,0.00011153921878218522,1.4259952566250607,0.032790135261447285,2.6442113472760487e-12,0.03279013508584079,3.1535945534715926e-15,True,0,Native LOCA Moore-Spence Hopf continuation row from C++ executable.,physical_ode_state,log_n_log_q_s_internal__physical_state_output,LOCA_MooreSpence_Hopf_bifurcation_parameter_log_w_continued_in_T,native_LOCA_MooreSpence_Hopf_continuation,C++ LOCA::Hopf::MooreSpence::ExtendedGroup over TASK-025 LOCA::LAPACK backend; no Python Hopf corrector.,episodes/006-figure3-hopf-bifurcation/scripts/run_loca_hopf_loci.py,episodes/006-figure3-hopf-bifurcation/outputs/figure3_loca_hopf_loci/raw/native_loca_hopf,nox_loca_native_moore_spence_hopf_continuation,True
loca,episode6-hopf-locus-schema-v1,upper_hopf,wa,96,238.0,30000.0,1.0,10000000000.0,10000.0,0.11770540397551485,1.1249126677489414,1.1307373702988248,12.642964022247112,-9.05340705750509,309577.5862510652,0.00011699175947259848,1.4240095374095696,0.03346372247411979,2.983427632545499e-12,0.033463722273028275,4.120620355572776e-15,True,0,Native LOCA Moore-Spence Hopf continuation row from C++ executable.,physical_ode_state,log_n_log_q_s_internal__physical_state_output,LOCA_MooreSpence_Hopf_bifurcation_parameter_log_w_continued_in_T,native_LOCA_MooreSpence_Hopf_continuation,C++ LOCA::Hopf::MooreSpence::ExtendedGroup over TASK-025 LOCA::LAPACK backend; no Python Hopf corrector.,episodes/006-figure3-hopf-bifurcation/scripts/run_loca_hopf_loci.py,episodes/006-figure3-hopf-bifurcation/outputs/figure3_loca_hopf_loci/raw/native_loca_hopf,nox_loca_native_moore_spence_hopf_continuation,True
loca,episode6-hopf-locus-schema-v1,upper_hopf,wa,97,238.5,30000.0,1.0,10000000000.0,10000.0,0.13886320284700923,1.1489669138498457,1.155981657026311,12.65619664037093,-9.005969515745232,313701.3320333085,0.00012267530181069052,1.4220158825418137,0.034140940365200365,3.371374848130243e-12,0.03414094013440588,5.428233541470185e-15,True,0,Native LOCA Moore-Spence Hopf continuation row from C++ executable.,physical_ode_state,log_n_log_q_s_internal__physical_state_output,LOCA_MooreSpence_Hopf_bifurcation_parameter_log_w_continued_in_T,native_LOCA_MooreSpence_Hopf_continuation,C++ LOCA::Hopf::MooreSpence::ExtendedGroup over TASK-025 LOCA::LAPACK backend; no Python Hopf corrector.,episodes/006-figure3-hopf-bifurcation/scripts/run_loca_hopf_loci.py,episodes/006-figure3-hopf-bifurcation/outputs/figure3_loca_hopf_loci/raw/native_loca_hopf,nox_loca_native_moore_spence_hopf_continuation,True
loca,episode6-hopf-locus-schema-v1,upper_hopf,wa,98,239.0,30000.0,1.0,10000000000.0,10000.0,0.15968920040257711,1.17314620095812,1.181498903988153,12.669546214220714,-8.958820965867286,317917.1884662697,0.00012859778556480615,1.4200143062970563,0.034821337800818364,8.472912123433027e-12,0.03482133701278052,1.755252940565927e-14,True,0,Native LOCA Moore-Spence Hopf continuation row from C++ executable.,physical_ode_state,log_n_log_q_s_internal__physical_state_output,LOCA_MooreSpence_Hopf_bifurcation_parameter_log_w_continued_in_T,native_LOCA_MooreSpence_Hopf_continuation,C++ LOCA::Hopf::MooreSpence::ExtendedGroup over TASK-025 LOCA::LAPACK backend; no Python Hopf corrector.,episodes/006-figure3-hopf-bifurcation/scripts/run_loca_hopf_loci.py,episodes/006-figure3-hopf-bifurcation/outputs/figure3_loca_hopf_loci/raw/native_loca_hopf,nox_loca_native_moore_spence_hopf_continuation,True
loca,episode6-hopf-locus-schema-v1,upper_hopf,wa,99,239.5,30000.0,1.0,10000000000.0,10000.0,0.1801801455586872,1.1974330559400281,1.2072824473664978,12.683018391638475,-8.911960297607868,322229.2061481487,0.00013476739068605845,1.4180048238183631,0.03550444692337949,-4.4129336777387184e-10,0.03550444972032348,3.5001927508007924e-13,True,0,Native LOCA Moore-Spence Hopf continuation row from C++ executable.,physical_ode_state,log_n_log_q_s_internal__physical_state_output,LOCA_MooreSpence_Hopf_bifurcation_parameter_log_w_continued_in_T,native_LOCA_MooreSpence_Hopf_continuation,C++ LOCA::Hopf::MooreSpence::ExtendedGroup over TASK-025 LOCA::LAPACK backend; no Python Hopf corrector.,episodes/006-figure3-hopf-bifurcation/scripts/run_loca_hopf_loci.py,episodes/006-figure3-hopf-bifurcation/outputs/figure3_loca_hopf_loci/raw/native_loca_hopf,nox_loca_native_moore_spence_hopf_continuation,True
loca,episode6-hopf-locus-schema-v1,upper_hopf,wa,100,240.0,30000.0,1.0,10000000000.0,10000.0,0.2004302416907703,1.2219283696098238,1.233325278481749,12.69671568154203,-8.865289088026204,326673.2391234895,0.0001412062333944899,1.4159876920091143,0.03619111628080659,-1.0694458488150606e-07,0.03619150026963583,1.0278958110271477e-11,True,0,Native LOCA Moore-Spence Hopf continuation row from C++ executable.,physical_ode_state,log_n_log_q_s_internal__physical_state_output,LOCA_MooreSpence_Hopf_bifurcation_parameter_log_w_continued_in_T,native_LOCA_MooreSpence_Hopf_continuation,C++ LOCA::Hopf::MooreSpence::ExtendedGroup over TASK-025 LOCA::LAPACK backend; no Python Hopf corrector.,episodes/006-figure3-hopf-bifurcation/scripts/run_loca_hopf_loci.py,episodes/006-figure3-hopf-bifurcation/outputs/figure3_loca_hopf_loci/raw/native_loca_hopf,nox_loca_native_moore_spence_hopf_continuation,True
