sample_id,panel,pixel_x,pixel_y,sample_position_fraction_from_lower_boundary,temperature_K,log_w_ln_m_s,w_m_s,log10_period_from_colorbar,period_s,source_type,value_role,validity,patch_colorful_pixel_count,mean_rgb,matched_colorbar_pixel_y,rgb_distance_to_colorbar
upper-color-x064-f08,upper_period_map,64,270,0.08,190.54347826086956,-5.698865269348597,0.003349764382004827,4.331378299120234,21447.580132836152,direct_digitized_color_sample,image_colorbar_lookup_not_backend_result,valid,25,"[74.96, 14.72, 104.64]",83,4.070727759233708
upper-color-x064-f14,upper_period_map,64,263,0.14,190.54347826086956,-5.531038458449172,0.003961872711925426,4.3841642228739,24219.447008495903,direct_digitized_color_sample,image_colorbar_lookup_not_backend_result,valid,25,"[66.88, 10.56, 102.2]",77,1.7021714822843257
upper-color-x064-f20,upper_period_map,64,256,0.2,190.54347826086956,-5.363211647549747,0.004685832672238582,4.410557184750733,25736.956277088506,direct_digitized_color_sample,image_colorbar_lookup_not_backend_result,valid,25,"[61.88, 10.2, 101.08]",74,0.9837371475705315
upper-color-x064-f26,upper_period_map,64,249,0.26,190.54347826086956,-5.195384836650321,0.005542083107851221,4.44574780058651,27909.226521663473,direct_digitized_color_sample,image_colorbar_lookup_not_backend_result,valid,25,"[56.64, 8.8, 97.12]",70,1.4645191451567325
upper-color-x064-f32,upper_period_map,64,242,0.32,190.54347826086956,-5.027558025750896,0.0065547976897041855,4.463343108504398,29063.17844960971,direct_digitized_color_sample,image_colorbar_lookup_not_backend_result,valid,25,"[55.08, 9.6, 97.36]",68,0.8584989272930202
upper-color-x064-f38,upper_period_map,64,235,0.38,190.54347826086956,-4.859731214851471,0.007752567386094251,4.463343108504398,29063.17844960971,direct_digitized_color_sample,image_colorbar_lookup_not_backend_result,valid,25,"[56.92, 10.12, 94.96]",68,3.0360675424715073
upper-color-x064-f44,upper_period_map,64,228,0.44,190.54347826086956,-4.691904403952045,0.009169207643179718,4.463343108504398,29063.17844960971,direct_digitized_color_sample,image_colorbar_lookup_not_backend_result,valid,25,"[56.08, 11.6, 96.36]",68,2.0367741601836515
upper-color-x064-f50,upper_period_map,64,222,0.5,190.54347826086956,-4.5240775930526205,0.010844713062997566,4.375366568914956,23733.76123106134,direct_digitized_color_sample,image_colorbar_lookup_not_backend_result,valid,25,"[66.24, 14.24, 101.24]",78,2.719195559314549
upper-color-x064-f56,upper_period_map,64,215,0.56,190.54347826086956,-4.356250782153195,0.012826386531471971,4.366568914956011,23257.81517536029,direct_digitized_color_sample,image_colorbar_lookup_not_backend_result,valid,25,"[69.76, 12.04, 103.68]",79,0.9894174744643968
upper-color-x064-f62,upper_period_map,64,208,0.62,190.54347826086956,-4.18842397125377,0.015170174673967073,4.331378299120234,21447.580132836152,direct_digitized_color_sample,image_colorbar_lookup_not_backend_result,valid,25,"[75.36, 13.84, 104.96]",83,3.2493113870166264
upper-color-x064-f68,upper_period_map,64,201,0.68,190.54347826086956,-4.020597160354345,0.017942247340978996,4.26099706744868,18238.83386598592,direct_digitized_color_sample,image_colorbar_lookup_not_backend_result,valid,25,"[84.04, 16.36, 105.56]",91,3.9365767787119186
upper-color-x064-f74,upper_period_map,64,194,0.74,190.54347826086956,-3.8527703494549197,0.021220865716022993,4.217008797653959,16481.957792609253,direct_digitized_color_sample,image_colorbar_lookup_not_backend_result,valid,25,"[91.64, 19.8, 107.56]",96,1.8961120263124074
upper-color-x064-f80,upper_period_map,64,187,0.8,190.54347826086956,-3.684943538555494,0.025098591786156296,4.129032258064516,13459.603241553643,direct_digitized_color_sample,image_colorbar_lookup_not_backend_result,valid,25,"[103.0, 22.64, 106.4]",106,2.1541151884005516
upper-color-x064-f86,upper_period_map,64,180,0.86,190.54347826086956,-3.5171167276560698,0.029684901552931024,4.0498533724340176,11216.39699626748,direct_digitized_color_sample,image_colorbar_lookup_not_backend_result,valid,25,"[112.96, 28.04, 108.36]",115,2.5676050939284583
upper-color-x064-f92,upper_period_map,64,173,0.92,190.54347826086956,-3.3492899167566437,0.03510927575997513,3.9266862170087977,8446.6834159386,direct_digitized_color_sample,image_colorbar_lookup_not_backend_result,valid,25,"[130.12, 35.24, 102.52]",129,5.0175154433733224
upper-color-x072-f08,upper_period_map,72,266,0.08,191.6304347826087,-5.601574364479365,0.0036920465116000905,4.252199413489736,17873.080585054537,direct_digitized_color_sample,image_colorbar_lookup_not_backend_result,valid,25,"[84.6, 14.4, 108.08]",92,2.891802629672295
upper-color-x072-f14,upper_period_map,72,259,0.14,191.6304347826087,-5.4337475535799395,0.004366700656334933,4.331378299120234,21447.580132836152,direct_digitized_color_sample,image_colorbar_lookup_not_backend_result,valid,25,"[74.44, 11.04, 106.8]",83,0.7573422917933338
upper-color-x072-f20,upper_period_map,72,252,0.2,191.6304347826087,-5.265920742680514,0.00516463553807507,4.366568914956011,23257.81517536029,direct_digitized_color_sample,image_colorbar_lookup_not_backend_result,valid,25,"[68.44, 10.32, 104.36]",79,1.8921125220024233
upper-color-x072-f26,upper_period_map,72,245,0.26,191.6304347826087,-5.098093931781089,0.006108378462455812,4.3841642228739,24219.447008495903,direct_digitized_color_sample,image_colorbar_lookup_not_backend_result,valid,25,"[64.96, 10.44, 103.2]",77,1.7949179959666448
upper-color-x072-f32,upper_period_map,72,238,0.32,191.6304347826087,-4.930267120881664,0.007224573189244023,4.3841642228739,24219.447008495903,direct_digitized_color_sample,image_colorbar_lookup_not_backend_result,valid,25,"[63.72, 9.72, 104.72]",77,3.7870477435919536
upper-color-x072-f38,upper_period_map,72,231,0.38,191.6304347826087,-4.762440309982239,0.008544732139232791,4.375366568914956,23733.76123106134,direct_digitized_color_sample,image_colorbar_lookup_not_backend_result,valid,25,"[66.68, 9.72, 105.28]",78,3.4310134160659396
upper-color-x072-f44,upper_period_map,72,224,0.44,191.6304347826087,-4.594613499082814,0.01010612605322333,4.234604105571847,17163.430887406303,direct_digitized_color_sample,image_colorbar_lookup_not_backend_result,valid,25,"[79.72, 29.92, 111.2]",94,12.947630151136243
upper-color-x072-f50,upper_period_map,72,218,0.5,191.6304347826087,-4.426786688183388,0.011952836219955486,4.357771260997067,22791.413525441872,direct_digitized_color_sample,image_colorbar_lookup_not_backend_result,valid,25,"[72.36, 11.76, 106.56]",80,1.352618020804136
upper-color-x072-f56,upper_period_map,72,211,0.56,191.6304347826087,-4.258959877283963,0.014136998979496353,4.313782991202346,20596.005124033218,direct_digitized_color_sample,image_colorbar_lookup_not_backend_result,valid,25,"[77.8, 11.8, 108.8]",85,1.7425058193912089
upper-color-x072-f62,upper_period_map,72,204,0.62,191.6304347826087,-4.091133066384537,0.01672027763691932,4.26099706744868,18238.83386598592,direct_digitized_color_sample,image_colorbar_lookup_not_backend_result,valid,25,"[81.96, 15.92, 108.32]",91,0.7383047321743438
upper-color-x072-f68,upper_period_map,72,197,0.68,191.6304347826087,-3.9233062554851132,0.019775603341355263,4.217008797653959,16481.957792609253,direct_digitized_color_sample,image_colorbar_lookup_not_backend_result,valid,25,"[91.8, 17.4, 107.8]",96,1.065315896428698
upper-color-x072-f74,upper_period_map,72,190,0.74,191.6304347826087,-3.7554794445856876,0.023389234078931034,4.146627565982405,14016.112218895825,direct_digitized_color_sample,image_colorbar_lookup_not_backend_result,valid,25,"[99.96, 20.48, 109.8]",104,2.009508011673399
upper-color-x072-f80,upper_period_map,72,183,0.8,191.6304347826087,-3.587652633686263,0.027663189909104317,4.07624633431085,11919.178789595768,direct_digitized_color_sample,image_colorbar_lookup_not_backend_result,valid,25,"[109.76, 23.16, 108.48]",112,2.211733090882828
upper-color-x072-f86,upper_period_map,72,176,0.86,191.6304347826087,-3.419825822786838,0.032718133196012085,3.961876832844575,9159.60684216839,direct_digitized_color_sample,image_colorbar_lookup_not_backend_result,valid,25,"[123.16, 28.56, 108.44]",125,1.9922666815996852
upper-color-x072-f92,upper_period_map,72,169,0.92,191.6304347826087,-3.2519990118874116,0.03869677514955289,3.8826979472140764,7633.047187773535,direct_digitized_color_sample,image_colorbar_lookup_not_backend_result,valid,25,"[134.96, 36.24, 105.8]",134,2.4614613213972443
upper-color-x080-f08,upper_period_map,80,262,0.08,192.7173913043478,-5.504283459610133,0.004069303356691657,4.234604105571847,17163.430887406303,direct_digitized_color_sample,image_colorbar_lookup_not_backend_result,valid,25,"[86.72, 16.24, 113.0]",94,3.608844011874279
upper-color-x080-f14,upper_period_map,80,255,0.14,192.7173913043478,-5.336456648710708,0.0048128943074420595,4.278592375366569,18992.947832089885,direct_digitized_color_sample,image_colorbar_lookup_not_backend_result,valid,25,"[81.0, 12.68, 106.04]",89,3.0665942020423858
upper-color-x080-f20,upper_period_map,80,248,0.2,192.7173913043478,-5.168629837811283,0.005692362938859507,4.348973607038123,22334.36488213248,direct_digitized_color_sample,image_colorbar_lookup_not_backend_result,valid,25,"[73.92, 11.48, 107.16]",81,0.38299571053174675
upper-color-x080-f26,upper_period_map,80,241,0.26,192.7173913043478,-5.000803026911857,0.006732538418223174,4.357771260997067,22791.413525441872,direct_digitized_color_sample,image_colorbar_lookup_not_backend_result,valid,25,"[69.92, 10.76, 108.2]",80,3.0990650334629426
upper-color-x080-f32,upper_period_map,80,234,0.32,192.7173913043478,-4.832976216012432,0.007962786990165538,4.366568914956011,23257.81517536029,direct_digitized_color_sample,image_colorbar_lookup_not_backend_result,valid,25,"[71.08, 9.52, 101.68]",79,4.1880071730636494
upper-color-x080-f38,upper_period_map,80,227,0.38,192.7173913043478,-4.665149405113008,0.009417841044787293,4.234604105571847,17163.430887406303,direct_digitized_color_sample,image_colorbar_lookup_not_backend_result,valid,25,"[79.2, 25.04, 111.72]",94,8.976909154000815
upper-color-x080-f44,upper_period_map,80,220,0.44,192.7173913043478,-4.497322594213582,0.011138779682845233,4.348973607038123,22334.36488213248,direct_digitized_color_sample,image_colorbar_lookup_not_backend_result,valid,25,"[73.36, 12.6, 106.24]",81,1.892103893251416
upper-color-x080-f50,upper_period_map,80,214,0.5,192.7173913043478,-4.329495783314156,0.01317418846133945,4.313782991202346,20596.005124033218,direct_digitized_color_sample,image_colorbar_lookup_not_backend_result,valid,25,"[76.88, 12.32, 107.2]",85,1.1508931757729761
upper-color-x080-f56,upper_period_map,80,207,0.56,192.7173913043478,-4.161668972414731,0.01558153106144895,4.26099706744868,18238.83386598592,direct_digitized_color_sample,image_colorbar_lookup_not_backend_result,valid,25,"[82.28, 14.48, 108.68]",91,1.3459599411814989
upper-color-x080-f62,upper_period_map,80,200,0.62,192.7173913043478,-3.993842161515306,0.018428771603758724,4.217008797653959,16481.957792609253,direct_digitized_color_sample,image_colorbar_lookup_not_backend_result,valid,25,"[89.6, 17.08, 108.84]",96,2.5164682086006938
upper-color-x080-f68,upper_period_map,80,193,0.68,192.7173913043478,-3.8260153506158816,0.021796293411998117,4.173020527859237,14894.314772172429,direct_digitized_color_sample,image_colorbar_lookup_not_backend_result,valid,25,"[96.36, 19.6, 109.68]",101,1.9490342977684023
upper-color-x080-f74,upper_period_map,80,186,0.74,192.7173913043478,-3.658188539716456,0.025779168395847728,4.102639296187683,12665.994531543925,direct_digitized_color_sample,image_colorbar_lookup_not_backend_result,valid,25,"[104.28, 22.4, 110.8]",109,2.547554249287192
upper-color-x080-f80,upper_period_map,80,179,0.8,192.7173913043478,-3.4903617288170303,0.03048984112205306,4.041055718475073,10991.468471134935,direct_digitized_color_sample,image_colorbar_lookup_not_backend_result,valid,25,"[115.64, 26.48, 109.2]",116,1.5714935051519383
upper-color-x080-f86,upper_period_map,80,172,0.86,192.7173913043478,-3.322534917917606,0.03606130335056786,3.935483870967742,8619.535664753032,direct_digitized_color_sample,image_colorbar_lookup_not_backend_result,valid,25,"[129.2, 28.8, 107.68]",128,2.7520218912275958
upper-color-x080-f92,upper_period_map,80,165,0.92,192.7173913043478,-3.1547081070181795,0.04265084865926368,3.8299120234604107,6759.460327895383,direct_digitized_color_sample,image_colorbar_lookup_not_backend_result,valid,25,"[144.56, 36.28, 101.64]",140,3.1692991564156907
upper-color-x088-f08,upper_period_map,88,257,0.08,193.80434782608697,-5.384615646620977,0.0045866028598075675,4.234604105571847,17163.430887406303,direct_digitized_color_sample,image_colorbar_lookup_not_backend_result,valid,25,"[86.32, 19.32, 113.28]",94,3.456602082852999
upper-color-x088-f14,upper_period_map,88,250,0.14,193.80434782608697,-5.218248199294591,0.005416809991287323,4.26099706744868,18238.83386598592,direct_digitized_color_sample,image_colorbar_lookup_not_backend_result,valid,25,"[82.72, 14.44, 107.64]",91,1.9789628287441448
upper-color-x088-f20,upper_period_map,88,243,0.2,193.80434782608697,-5.051880751968204,0.006397290408296046,4.3049853372434015,20182.98220252707,direct_digitized_color_sample,image_colorbar_lookup_not_backend_result,valid,25,"[78.76, 13.28, 109.76]",86,1.439078503340084
upper-color-x088-f26,upper_period_map,88,236,0.26,193.80434782608697,-4.885513304641818,0.007555244624401261,4.32258064516129,21017.48011332487,direct_digitized_color_sample,image_colorbar_lookup_not_backend_result,valid,25,"[76.76, 11.88, 107.24]",84,1.1656687666182863
upper-color-x088-f32,upper_period_map,88,230,0.32,193.80434782608697,-4.71914585731543,0.008922796635982054,4.32258064516129,21017.48011332487,direct_digitized_color_sample,image_colorbar_lookup_not_backend_result,valid,25,"[76.64, 11.0, 110.32]",84,2.937158143373216
upper-color-x088-f38,upper_period_map,88,223,0.38,193.80434782608697,-4.5527784099890445,0.010537885106983145,4.234604105571847,17163.430887406303,direct_digitized_color_sample,image_colorbar_lookup_not_backend_result,valid,25,"[87.88, 28.2, 113.76]",94,11.23234033439849
upper-color-x088-f44,upper_period_map,88,216,0.44,193.80434782608697,-4.386410962662657,0.012445315864329943,4.287390029325513,19381.617986128935,direct_digitized_color_sample,image_colorbar_lookup_not_backend_result,valid,25,"[79.32, 12.72, 107.48]",88,1.6426012223026616
upper-color-x088-f50,upper_period_map,88,209,0.5,193.80434782608697,-4.22004351533627,0.01469800490235979,4.243401759530792,17514.661954106534,direct_digitized_color_sample,image_colorbar_lookup_not_backend_result,valid,25,"[85.08, 14.56, 110.16]",93,3.0064366323755745
upper-color-x088-f56,upper_period_map,88,202,0.56,193.80434782608697,-4.053676068009884,0.017358446379731444,4.225806451612903,16819.24324880869,direct_digitized_color_sample,image_colorbar_lookup_not_backend_result,valid,25,"[89.0, 17.2, 110.4]",95,2.9377903677590687
upper-color-x088-f62,upper_period_map,88,195,0.62,193.80434782608697,-3.887308620683497,0.0205004463340215,4.190615835777126,15510.144208844402,direct_digitized_color_sample,image_colorbar_lookup_not_backend_result,valid,25,"[94.8, 19.2, 109.6]",99,2.1095506824043433
upper-color-x088-f68,upper_period_map,88,188,0.68,193.80434782608697,-3.72094117335711,0.024211170210763855,4.146627565982405,14016.112218895825,direct_digitized_color_sample,image_colorbar_lookup_not_backend_result,valid,25,"[101.0, 21.6, 111.8]",104,3.234697096502607
upper-color-x088-f74,upper_period_map,88,182,0.74,193.80434782608697,-3.5545737260307235,0.0285935610095368,4.07624633431085,11919.178789595768,direct_digitized_color_sample,image_colorbar_lookup_not_backend_result,valid,25,"[110.64, 24.56, 110.56]",112,3.153790074931224
upper-color-x088-f80,upper_period_map,88,175,0.8,193.80434782608697,-3.3882062787043368,0.03376919513137024,4.005865102639296,10135.965009385569,direct_digitized_color_sample,image_colorbar_lookup_not_backend_result,valid,25,"[119.96, 27.72, 110.0]",120,1.733581876476845
upper-color-x088-f86,upper_period_map,88,168,0.86,193.80434782608697,-3.2218388313779505,0.039881655154467,3.900293255131965,7948.647819399743,direct_digitized_color_sample,image_colorbar_lookup_not_backend_result,valid,25,"[133.0, 32.24, 106.0]",132,1.6745538546863394
upper-color-x088-f92,upper_period_map,88,161,0.92,193.80434782608697,-3.0554713840515637,0.04710051310587114,3.7947214076246336,6233.348487129223,direct_digitized_color_sample,image_colorbar_lookup_not_backend_result,valid,25,"[149.8, 39.72, 101.88]",144,1.857292301679397
upper-color-x096-f08,upper_period_map,96,254,0.08,194.8913043478261,-5.309701649871669,0.004943401362119483,4.093841642228739,12411.996436588377,direct_digitized_color_sample,image_colorbar_lookup_not_backend_result,valid,25,"[108.4, 38.32, 120.24]",110,17.03265770722316
upper-color-x096-f14,upper_period_map,96,247,0.14,194.8913043478261,-5.141874838972244,0.005846717776894649,4.093841642228739,12411.996436588377,direct_digitized_color_sample,image_colorbar_lookup_not_backend_result,valid,25,"[99.16, 33.68, 118.04]",110,13.241316291927218
upper-color-x096-f20,upper_period_map,96,240,0.2,194.8913043478261,-4.9740480280728185,0.006915098786961429,4.093841642228739,12411.996436588377,direct_digitized_color_sample,image_colorbar_lookup_not_backend_result,valid,25,"[96.8, 34.96, 121.48]",110,17.338165992976304
upper-color-x096-f26,upper_period_map,96,233,0.26,194.8913043478261,-4.806221217173393,0.008178706935779826,4.146627565982405,14016.112218895825,direct_digitized_color_sample,image_colorbar_lookup_not_backend_result,valid,25,"[93.64, 29.8, 116.6]",104,12.611729558192224
upper-color-x096-f32,upper_period_map,96,226,0.32,194.8913043478261,-4.638394406273968,0.009673216421361598,4.093841642228739,12411.996436588377,direct_digitized_color_sample,image_colorbar_lookup_not_backend_result,valid,25,"[100.76, 48.36, 123.56]",110,27.28904960916427
upper-color-x096-f38,upper_period_map,96,219,0.38,194.8913043478261,-4.470567595374543,0.011440820250588644,4.093841642228739,12411.996436588377,direct_digitized_color_sample,image_colorbar_lookup_not_backend_result,valid,25,"[95.4, 32.92, 119.64]",110,15.846640022414839
upper-color-x096-f44,upper_period_map,96,212,0.44,194.8913043478261,-4.302740784475118,0.013531421432609176,4.146627565982405,14016.112218895825,direct_digitized_color_sample,image_colorbar_lookup_not_backend_result,valid,25,"[95.12, 30.92, 118.12]",104,13.665019246982718
upper-color-x096-f50,upper_period_map,96,206,0.5,194.8913043478261,-4.134913973575692,0.016004041841095638,4.093841642228739,12411.996436588377,direct_digitized_color_sample,image_colorbar_lookup_not_backend_result,valid,25,"[100.76, 36.12, 122.12]",110,16.999095774271556
upper-color-x096-f56,upper_period_map,96,199,0.56,194.8913043478261,-3.967087162676267,0.018928488520378015,4.093841642228739,12411.996436588377,direct_digitized_color_sample,image_colorbar_lookup_not_backend_result,valid,25,"[102.32, 35.52, 118.72]",110,13.905078209057294
upper-color-x096-f62,upper_period_map,96,192,0.62,194.8913043478261,-3.7992603517768417,0.022387324478623946,4.005865102639296,10135.965009385569,direct_digitized_color_sample,image_colorbar_lookup_not_backend_result,valid,25,"[110.56, 39.52, 120.84]",120,17.895028610750867
upper-color-x096-f68,upper_period_map,96,185,0.68,194.8913043478261,-3.631433540877417,0.02647819960751867,3.9530791788856305,8975.924251538929,direct_digitized_color_sample,image_colorbar_lookup_not_backend_result,valid,25,"[115.72, 39.88, 119.0]",126,14.035172435924052
upper-color-x096-f74,upper_period_map,96,178,0.74,194.8913043478261,-3.463606729977992,0.031316607534992734,3.9530791788856305,8975.924251538929,direct_digitized_color_sample,image_colorbar_lookup_not_backend_result,valid,25,"[124.6, 44.36, 119.96]",126,14.30629859858365
upper-color-x096-f80,upper_period_map,96,171,0.8,194.8913043478261,-3.2957799190785666,0.037039146242491466,3.873900293255132,7479.977530308276,direct_digitized_color_sample,image_colorbar_lookup_not_backend_result,valid,25,"[134.48, 47.84, 119.84]",135,18.58053534959505
upper-color-x096-f86,upper_period_map,96,164,0.86,194.8913043478261,-3.127953108179142,0.04380737450056583,3.812316715542522,6491.076321281139,direct_digitized_color_sample,image_colorbar_lookup_not_backend_result,valid,25,"[143.0, 49.12, 112.48]",142,13.088922875501119
upper-color-x096-f92,upper_period_map,96,157,0.92,194.8913043478261,-2.9601262972797158,0.051812372997713546,3.6627565982404695,4599.98693554429,direct_digitized_color_sample,image_colorbar_lookup_not_backend_result,valid,25,"[160.44, 57.4, 110.56]",159,17.330946015607985
upper-color-x104-f08,upper_period_map,104,250,0.08,195.97826086956522,-5.212410745002437,0.005448522843128753,4.102639296187683,12665.994531543925,direct_digitized_color_sample,image_colorbar_lookup_not_backend_result,valid,25,"[105.8, 21.08, 112.2]",109,4.581425675975747
upper-color-x104-f14,upper_period_map,104,243,0.14,195.97826086956522,-5.044583934103012,0.0064441409934554075,4.173020527859237,14894.314772172429,direct_digitized_color_sample,image_colorbar_lookup_not_backend_result,valid,25,"[96.24, 18.44, 111.0]",101,3.6191068917451923
upper-color-x104-f20,upper_period_map,104,236,0.2,195.97826086956522,-4.8767571232035865,0.007621690197353759,4.217008797653959,16481.957792609253,direct_digitized_color_sample,image_colorbar_lookup_not_backend_result,valid,25,"[91.0, 16.32, 109.44]",96,2.85397681726208
upper-color-x104-f26,upper_period_map,104,229,0.26,195.97826086956522,-4.708930312304161,0.009014415035833962,4.225806451612903,16819.24324880869,direct_digitized_color_sample,image_colorbar_lookup_not_backend_result,valid,25,"[85.4, 15.96, 106.68]",95,2.74284226186439
upper-color-x104-f32,upper_period_map,104,222,0.32,195.97826086956522,-4.541103501404736,0.010661634930593557,4.225806451612903,16819.24324880869,direct_digitized_color_sample,image_colorbar_lookup_not_backend_result,valid,25,"[87.96, 17.32, 109.64]",95,1.660012294028724
upper-color-x104-f38,upper_period_map,104,215,0.38,195.97826086956522,-4.373276690505311,0.012609854210327743,4.225806451612903,16819.24324880869,direct_digitized_color_sample,image_colorbar_lookup_not_backend_result,valid,25,"[88.64, 14.84, 110.64]",95,3.6599743503060176
upper-color-x104-f44,upper_period_map,104,208,0.44,195.97826086956522,-4.205449879605886,0.014914075021406509,4.217008797653959,16481.957792609253,direct_digitized_color_sample,image_colorbar_lookup_not_backend_result,valid,25,"[90.52, 16.44, 111.8]",96,4.960303644425204
upper-color-x104-f50,upper_period_map,104,202,0.5,195.97826086956522,-4.03762306870646,0.01763935014902606,4.190615835777126,15510.144208844402,direct_digitized_color_sample,image_colorbar_lookup_not_backend_result,valid,25,"[94.12, 17.6, 111.4]",99,4.311649147060435
upper-color-x104-f56,upper_period_map,104,195,0.56,195.97826086956522,-3.869796257807035,0.02086261958809714,4.146627565982405,14016.112218895825,direct_digitized_color_sample,image_colorbar_lookup_not_backend_result,valid,25,"[99.44, 19.8, 111.36]",104,3.573418873988825
upper-color-x104-f62,upper_period_map,104,188,0.62,195.97826086956522,-3.70196944690761,0.024674882713957923,4.085043988269795,12163.09190393308,direct_digitized_color_sample,image_colorbar_lookup_not_backend_result,valid,25,"[107.44, 21.64, 110.88]",111,3.796191431916348
upper-color-x104-f68,upper_period_map,104,181,0.68,195.97826086956522,-3.5341426360081853,0.029183767377657096,4.0498533724340176,11216.39699626748,direct_digitized_color_sample,image_colorbar_lookup_not_backend_result,valid,25,"[113.8, 24.68, 111.04]",115,3.8289605345981648
upper-color-x104-f74,upper_period_map,104,174,0.74,195.97826086956522,-3.36631582510876,0.03451656845653103,3.9794721407624634,9538.3255417549,direct_digitized_color_sample,image_colorbar_lookup_not_backend_result,valid,25,"[121.8, 27.52, 110.4]",123,2.7720897591263314
upper-color-x104-f80,upper_period_map,104,167,0.8,195.97826086956522,-3.198489014209335,0.04082384164446558,3.9178885630498534,8277.297467523897,direct_digitized_color_sample,image_colorbar_lookup_not_backend_result,valid,25,"[131.8, 31.12, 108.76]",130,2.681714346595239
upper-color-x104-f86,upper_period_map,104,160,0.86,195.97826086956522,-3.03066220330991,0.04828365394176541,3.8475073313782993,7038.941103587839,direct_digitized_color_sample,image_colorbar_lookup_not_backend_result,valid,25,"[142.04, 36.32, 108.04]",138,2.6727055771335575
upper-color-x104-f92,upper_period_map,104,153,0.92,195.97826086956522,-2.8628353924104837,0.057106610844504274,3.6891495601173023,4888.206679275213,direct_digitized_color_sample,image_colorbar_lookup_not_backend_result,valid,25,"[163.64, 40.76, 97.28]",156,5.533339398406635
upper-color-x112-f08,upper_period_map,112,246,0.08,197.06521739130434,-5.115119840133205,0.006005258120365892,4.102639296187683,12665.994531543925,direct_digitized_color_sample,image_colorbar_lookup_not_backend_result,valid,25,"[103.16, 25.52, 109.76]",109,1.720325076067585
upper-color-x112-f14,upper_period_map,112,239,0.14,197.06521739130434,-4.94729302923378,0.00710260948589664,4.155425219941349,14302.9368099655,direct_digitized_color_sample,image_colorbar_lookup_not_backend_result,valid,25,"[99.56, 20.64, 108.64]",103,1.4309066627670115
upper-color-x112-f20,upper_period_map,112,232,0.2,197.06521739130434,-4.779466218334355,0.00840048179412399,4.181818181818182,15199.11082952933,direct_digitized_color_sample,image_colorbar_lookup_not_backend_result,valid,25,"[95.8, 18.96, 109.96]",100,2.4892290421915324
upper-color-x112-f26,upper_period_map,112,225,0.26,197.06521739130434,-4.611639407434929,0.009935516589154009,4.093841642228739,12411.996436588377,direct_digitized_color_sample,image_colorbar_lookup_not_backend_result,valid,25,"[101.28, 36.92, 117.24]",110,14.409603940229779
upper-color-x112-f32,upper_period_map,112,218,0.32,197.06521739130434,-4.443812596535504,0.011751050988813962,4.217008797653959,16481.957792609253,direct_digitized_color_sample,image_colorbar_lookup_not_backend_result,valid,25,"[90.28, 17.28, 108.68]",96,1.9375494727061016
upper-color-x112-f38,upper_period_map,112,211,0.38,197.06521739130434,-4.275985785636079,0.013898341178600296,4.217008797653959,16481.957792609253,direct_digitized_color_sample,image_colorbar_lookup_not_backend_result,valid,25,"[91.0, 18.0, 109.4]",96,2.2672918305542407
upper-color-x112-f44,upper_period_map,112,204,0.44,197.06521739130434,-4.108158974736654,0.01643800947682493,4.190615835777126,15510.144208844402,direct_digitized_color_sample,image_colorbar_lookup_not_backend_result,valid,25,"[94.8, 19.2, 109.48]",99,1.990126649646366
upper-color-x112-f50,upper_period_map,112,198,0.5,197.06521739130434,-3.9403321638372284,0.019441755824517678,4.164222873900293,14595.630956355328,direct_digitized_color_sample,image_colorbar_lookup_not_backend_result,valid,25,"[98.88, 20.0, 108.72]",102,1.4532665527938746
upper-color-x112-f56,upper_period_map,112,191,0.56,197.06521739130434,-3.772505352937803,0.02299438201888515,4.1114369501466275,12925.19042304821,direct_digitized_color_sample,image_colorbar_lookup_not_backend_result,valid,25,"[104.84, 21.52, 108.48]",108,2.810053380275903
upper-color-x112-f62,upper_period_map,112,184,0.62,197.06521739130434,-3.6046785420383776,0.027196185838505478,4.07624633431085,11919.178789595768,direct_digitized_color_sample,image_colorbar_lookup_not_backend_result,valid,25,"[110.6, 24.16, 108.68]",112,1.4688743434122276
upper-color-x112-f68,upper_period_map,112,177,0.68,197.06521739130434,-3.436851731138953,0.0321657926512254,4.0146627565982405,10343.386580610872,direct_digitized_color_sample,image_colorbar_lookup_not_backend_result,valid,25,"[118.16, 27.76, 110.0]",119,1.9890865506866335
upper-color-x112-f74,upper_period_map,112,170,0.74,197.06521739130434,-3.269024920239528,0.03804350444674275,3.9442815249266863,8795.925148059268,direct_digitized_color_sample,image_colorbar_lookup_not_backend_result,valid,25,"[125.76, 30.76, 107.48]",127,1.3506944547913466
upper-color-x112-f80,upper_period_map,112,163,0.8,197.06521739130434,-3.101198109340103,0.0449952608437958,3.8826979472140764,7633.047187773535,direct_digitized_color_sample,image_colorbar_lookup_not_backend_result,valid,25,"[135.96, 34.12, 105.72]",134,1.3081034721601918
upper-color-x112-f86,upper_period_map,112,156,0.86,197.06521739130434,-2.9333712984406777,0.05321732389915421,3.7859237536656893,6108.347750946853,direct_digitized_color_sample,image_colorbar_lookup_not_backend_result,valid,25,"[149.8, 37.88, 99.68]",145,0.6507954316661594
upper-color-x112-f92,upper_period_map,112,149,0.92,197.06521739130434,-2.7655444875412516,0.06294181897998702,3.6627565982404695,4599.98693554429,direct_digitized_color_sample,image_colorbar_lookup_not_backend_result,valid,25,"[163.64, 47.08, 95.28]",159,2.5713317442087296
upper-color-x120-f08,upper_period_map,120,243,0.08,198.15217391304347,-5.040205843383896,0.006472415877170874,4.07624633431085,11919.178789595768,direct_digitized_color_sample,image_colorbar_lookup_not_backend_result,valid,25,"[111.76, 27.4, 110.96]",112,4.471202185049542
upper-color-x120-f14,upper_period_map,120,236,0.14,198.15217391304347,-4.870919668911433,0.007666311576430879,4.102639296187683,12665.994531543925,direct_digitized_color_sample,image_colorbar_lookup_not_backend_result,valid,25,"[104.96, 23.24, 110.48]",109,1.6982608150453158
upper-color-x120-f20,upper_period_map,120,229,0.2,198.15217391304347,-4.70163349443897,0.009080432145007313,4.155425219941349,14302.9368099655,direct_digitized_color_sample,image_colorbar_lookup_not_backend_result,valid,25,"[98.64, 22.76, 106.92]",103,1.7759527480384452
upper-color-x120-f26,upper_period_map,120,222,0.26,198.15217391304347,-4.532347319966505,0.010755400053603023,4.155425219941349,14302.9368099655,direct_digitized_color_sample,image_colorbar_lookup_not_backend_result,valid,25,"[97.8, 22.64, 110.08]",103,2.542070504329018
upper-color-x120-f32,upper_period_map,120,215,0.32,198.15217391304347,-4.363061145494042,0.012739330955371702,4.173020527859237,14894.314772172429,direct_digitized_color_sample,image_colorbar_lookup_not_backend_result,valid,25,"[96.48, 18.68, 109.68]",101,2.3980212931600486
upper-color-x120-f38,upper_period_map,120,208,0.38,198.15217391304347,-4.193774971021578,0.015089215871252023,4.173020527859237,14894.314772172429,direct_digitized_color_sample,image_colorbar_lookup_not_backend_result,valid,25,"[96.32, 19.24, 110.24]",101,2.583749845729286
upper-color-x120-f44,upper_period_map,120,201,0.44,198.15217391304347,-4.0244887965491145,0.01787255833189873,4.146627565982405,14016.112218895825,direct_digitized_color_sample,image_colorbar_lookup_not_backend_result,valid,25,"[100.08, 20.88, 111.48]",104,3.0076392532268583
upper-color-x120-f50,upper_period_map,120,194,0.5,198.15217391304347,-3.855202622076651,0.021169313505262913,4.1114369501466275,12925.19042304821,direct_digitized_color_sample,image_colorbar_lookup_not_backend_result,valid,25,"[104.32, 21.2, 109.6]",108,2.856241286326188
upper-color-x120-f56,upper_period_map,120,187,0.56,198.15217391304347,-3.685916447604187,0.025074185013808127,4.085043988269795,12163.09190393308,direct_digitized_color_sample,image_colorbar_lookup_not_backend_result,valid,25,"[109.2, 22.8, 109.6]",111,3.281861094698859
upper-color-x120-f62,upper_period_map,120,180,0.62,198.15217391304347,-3.5166302731317227,0.02969934542045376,4.041055718475073,10991.468471134935,direct_digitized_color_sample,image_colorbar_lookup_not_backend_result,valid,25,"[115.52, 26.72, 111.12]",116,3.4456917791257484
upper-color-x120-f68,upper_period_map,120,173,0.68,198.15217391304347,-3.34734409865926,0.035177658532777406,3.9794721407624634,9538.3255417549,direct_digitized_color_sample,image_colorbar_lookup_not_backend_result,valid,25,"[122.2, 28.88, 109.24]",123,1.4021703294011993
upper-color-x120-f74,upper_period_map,120,166,0.74,198.15217391304347,-3.1780579241867954,0.04166649609039708,3.9178885630498534,8277.297467523897,direct_digitized_color_sample,image_colorbar_lookup_not_backend_result,valid,25,"[131.56, 31.96, 107.0]",130,1.0002530292125935
upper-color-x120-f80,upper_period_map,120,159,0.8,198.15217391304347,-3.008771749714332,0.04935225847489066,3.838709677419355,6897.785379387658,direct_digitized_color_sample,image_colorbar_lookup_not_backend_result,valid,25,"[141.56, 36.04, 104.32]",139,0.95407183231898
upper-color-x120-f86,upper_period_map,120,152,0.86,198.15217391304347,-2.8394855752418686,0.058455729305583785,3.741935483870968,5519.954321281573,direct_digitized_color_sample,image_colorbar_lookup_not_backend_result,valid,25,"[155.12, 40.6, 98.56]",150,1.9600708025529088
upper-color-x120-f92,upper_period_map,120,145,0.92,198.15217391304347,-2.670199400769405,0.06923841773900212,3.6275659824046924,4241.954270692034,direct_digitized_color_sample,image_colorbar_lookup_not_backend_result,valid,25,"[170.44, 48.2, 94.08]",163,2.783368976104833
upper-color-x128-f08,upper_period_map,128,239,0.08,199.2391304347826,-4.942914938514664,0.007133773524283455,4.005865102639296,10135.965009385569,direct_digitized_color_sample,image_colorbar_lookup_not_backend_result,valid,25,"[119.44, 26.8, 110.32]",120,2.5919971025431003
upper-color-x128-f14,upper_period_map,128,232,0.14,199.2391304347826,-4.7736287640422015,0.008449662628408778,4.07624633431085,11919.178789595768,direct_digitized_color_sample,image_colorbar_lookup_not_backend_result,valid,25,"[110.16, 24.76, 111.12]",112,3.7181090212468986
upper-color-x128-f20,upper_period_map,128,225,0.2,199.2391304347826,-4.604342589569737,0.01000827938970762,4.005865102639296,10135.965009385569,direct_digitized_color_sample,image_colorbar_lookup_not_backend_result,valid,25,"[111.2, 39.28, 116.48]",120,14.902726226418844
upper-color-x128-f26,upper_period_map,128,218,0.26,199.2391304347826,-4.435056415097273,0.011854397121806661,4.1114369501466275,12925.19042304821,direct_digitized_color_sample,image_colorbar_lookup_not_backend_result,valid,25,"[103.24, 20.96, 111.2]",108,3.571402285617554
upper-color-x128-f32,upper_period_map,128,211,0.32,199.2391304347826,-4.26577024062481,0.014041047981335712,4.146627565982405,14016.112218895825,direct_digitized_color_sample,image_colorbar_lookup_not_backend_result,valid,25,"[101.52, 21.48, 111.08]",104,2.8483894482636227
upper-color-x128-f38,upper_period_map,128,204,0.38,199.2391304347826,-4.096484066152346,0.016631046386281767,4.146627565982405,14016.112218895825,direct_digitized_color_sample,image_colorbar_lookup_not_backend_result,valid,25,"[101.36, 21.4, 110.16]",104,2.09793289906507
upper-color-x128-f44,upper_period_map,128,197,0.44,199.2391304347826,-3.927197891679882,0.019698793442649003,4.1114369501466275,12925.19042304821,direct_digitized_color_sample,image_colorbar_lookup_not_backend_result,valid,25,"[103.56, 21.64, 109.52]",108,2.196919921812614
upper-color-x128-f50,upper_period_map,128,190,0.5,199.2391304347826,-3.757911717207419,0.023332414213950523,4.085043988269795,12163.09190393308,direct_digitized_color_sample,image_colorbar_lookup_not_backend_result,valid,25,"[107.48, 23.48, 109.96]",111,1.8451126839102632
upper-color-x128-f56,upper_period_map,128,183,0.56,199.2391304347826,-3.5886255427349547,0.027636289229405316,4.0498533724340176,11216.39699626748,direct_digitized_color_sample,image_colorbar_lookup_not_backend_result,valid,25,"[113.12, 26.28, 111.0]",115,3.698419960480642
upper-color-x128-f62,upper_period_map,128,176,0.62,199.2391304347826,-3.41933936826249,0.03273405295173817,4.005865102639296,10135.965009385569,direct_digitized_color_sample,image_colorbar_lookup_not_backend_result,valid,25,"[119.6, 28.68, 110.56]",120,1.4436631412161702
upper-color-x128-f68,upper_period_map,128,169,0.68,199.2391304347826,-3.250053193790028,0.03877214533950849,3.935483870967742,8619.535664753032,direct_digitized_color_sample,image_colorbar_lookup_not_backend_result,valid,25,"[127.12, 31.64, 109.4]",128,2.944888342015488
upper-color-x128-f74,upper_period_map,128,162,0.74,199.2391304347826,-3.0807670193175634,0.045924018527261204,3.8826979472140764,7633.047187773535,direct_digitized_color_sample,image_colorbar_lookup_not_backend_result,valid,25,"[135.0, 35.04, 106.68]",134,1.4164917859245822
upper-color-x128-f80,upper_period_map,128,155,0.8,199.2391304347826,-2.9114808448450997,0.05439511946591099,3.803519061583578,6360.907228304632,direct_digitized_color_sample,image_colorbar_lookup_not_backend_result,valid,25,"[147.48, 37.0, 102.84]",143,2.2891224590775043
upper-color-x128-f86,upper_period_map,128,148,0.86,199.2391304347826,-2.7421946703726365,0.06442879165625112,3.706744868035191,5090.317458567892,direct_digitized_color_sample,image_colorbar_lookup_not_backend_result,valid,25,"[160.44, 42.6, 97.72]",154,2.4954570968960765
upper-color-x128-f92,upper_period_map,128,141,0.92,199.2391304347826,-2.572908495900173,0.07631326551063203,3.557184750733138,3607.320673524882,direct_digitized_color_sample,image_colorbar_lookup_not_backend_result,valid,25,"[181.12, 49.64, 89.64]",171,2.6729422755015184
upper-color-x136-f08,upper_period_map,136,236,0.08,200.32608695652175,-4.86994675986274,0.007673773829791977,3.9530791788856305,8975.924251538929,direct_digitized_color_sample,image_colorbar_lookup_not_backend_result,valid,25,"[130.08, 45.16, 116.8]",126,14.210845240483748
upper-color-x136-f14,upper_period_map,136,229,0.14,200.32608695652175,-4.700660585390276,0.009089270878551969,3.9530791788856305,8975.924251538929,direct_digitized_color_sample,image_colorbar_lookup_not_backend_result,valid,25,"[123.36, 39.52, 113.44]",126,7.112645249763239
upper-color-x136-f20,upper_period_map,136,222,0.2,200.32608695652175,-4.531374410917813,0.010765869171561483,3.9530791788856305,8975.924251538929,direct_digitized_color_sample,image_colorbar_lookup_not_backend_result,valid,25,"[120.0, 43.96, 119.36]",126,14.577532895045112
upper-color-x136-f26,upper_period_map,136,215,0.26,200.32608695652175,-4.362088236445349,0.012751731196907949,4.005865102639296,10135.965009385569,direct_digitized_color_sample,image_colorbar_lookup_not_backend_result,valid,25,"[113.96, 37.08, 115.44]",120,11.440581546514544
upper-color-x136-f32,upper_period_map,136,208,0.32,200.32608695652175,-4.192802061972885,0.015103903449591236,4.005865102639296,10135.965009385569,direct_digitized_color_sample,image_colorbar_lookup_not_backend_result,valid,25,"[112.4, 37.32, 115.0]",120,12.195982610545768
upper-color-x136-f38,upper_period_map,136,201,0.38,200.32608695652175,-4.023515887500422,0.017889955167020025,3.9530791788856305,8975.924251538929,direct_digitized_color_sample,image_colorbar_lookup_not_backend_result,valid,25,"[115.6, 38.8, 117.2]",126,12.690676313976429
upper-color-x136-f44,upper_period_map,136,194,0.44,200.32608695652175,-3.854229713027958,0.02118991934410495,4.005865102639296,10135.965009385569,direct_digitized_color_sample,image_colorbar_lookup_not_backend_result,valid,25,"[114.88, 37.88, 116.36]",120,12.142639998058462
upper-color-x136-f50,upper_period_map,136,187,0.5,200.32608695652175,-3.684943538555494,0.025098591786156296,3.9530791788856305,8975.924251538929,direct_digitized_color_sample,image_colorbar_lookup_not_backend_result,valid,25,"[121.4, 42.36, 118.92]",126,12.666518617108288
upper-color-x136-f56,upper_period_map,136,180,0.56,200.32608695652175,-3.515657364083031,0.029728254242900716,3.9530791788856305,8975.924251538929,direct_digitized_color_sample,image_colorbar_lookup_not_backend_result,valid,25,"[125.64, 42.56, 117.92]",126,11.64425092446211
upper-color-x136-f62,upper_period_map,136,173,0.62,200.32608695652175,-3.3463711896105663,0.03521189984921817,3.9530791788856305,8975.924251538929,direct_digitized_color_sample,image_colorbar_lookup_not_backend_result,valid,25,"[131.4, 42.68, 114.72]",126,11.98998663851786
upper-color-x136-f68,upper_period_map,136,166,0.68,200.32608695652175,-3.1770850151381036,0.04170705352762039,3.812316715542522,6491.076321281139,direct_digitized_color_sample,image_colorbar_lookup_not_backend_result,valid,25,"[139.88, 48.2, 115.4]",142,15.094116707633933
upper-color-x136-f74,upper_period_map,136,159,0.74,200.32608695652175,-3.0077988406656395,0.049400297098550865,3.812316715542522,6491.076321281139,direct_digitized_color_sample,image_colorbar_lookup_not_backend_result,valid,25,"[143.64, 48.56, 111.76]",142,12.125482696051535
upper-color-x136-f80,upper_period_map,136,152,0.8,200.32608695652175,-2.838512666193176,0.058512629088241605,3.7507331378299122,5632.914221730315,direct_digitized_color_sample,image_colorbar_lookup_not_backend_result,valid,25,"[153.36, 52.52, 109.92]",149,14.516362056208804
upper-color-x136-f86,upper_period_map,136,145,0.86,200.32608695652175,-2.6692264917207122,0.06930581320164916,3.6627565982404695,4599.98693554429,direct_digitized_color_sample,image_colorbar_lookup_not_backend_result,valid,25,"[165.0, 57.52, 106.48]",159,13.886103169157641
upper-color-x136-f92,upper_period_map,136,138,0.92,200.32608695652175,-2.499940317248249,0.08208989782869171,3.530791788856305,3394.624871506797,direct_digitized_color_sample,image_colorbar_lookup_not_backend_result,valid,25,"[181.92, 62.2, 93.96]",174,9.11948127776521
upper-color-x144-f08,upper_period_map,144,232,0.08,201.41304347826087,-4.772655854993508,0.00845788738195817,3.9530791788856305,8975.924251538929,direct_digitized_color_sample,image_colorbar_lookup_not_backend_result,valid,25,"[127.52, 30.64, 112.16]",126,3.4132526829332472
upper-color-x144-f14,upper_period_map,144,225,0.14,201.41304347826087,-4.603369680521045,0.010018021273502726,3.9530791788856305,8975.924251538929,direct_digitized_color_sample,image_colorbar_lookup_not_backend_result,valid,25,"[124.44, 45.28, 116.0]",126,13.176585603382437
upper-color-x144-f20,upper_period_map,144,218,0.2,201.41304347826087,-4.434083506048581,0.011865935984254916,4.041055718475073,10991.468471134935,direct_digitized_color_sample,image_colorbar_lookup_not_backend_result,valid,25,"[116.04, 25.8, 109.76]",116,2.3022207557407106
upper-color-x144-f26,upper_period_map,144,211,0.26,201.41304347826087,-4.264797331576117,0.01405471529141663,4.07624633431085,11919.178789595768,direct_digitized_color_sample,image_colorbar_lookup_not_backend_result,valid,25,"[111.6, 24.8, 110.52]",112,3.2605858995222343
upper-color-x144-f32,upper_period_map,144,204,0.32,201.41304347826087,-4.095511157103654,0.016647234755428692,4.07624633431085,11919.178789595768,direct_digitized_color_sample,image_colorbar_lookup_not_backend_result,valid,25,"[110.6, 23.6, 111.4]",112,4.187859031212267
upper-color-x144-f38,upper_period_map,144,197,0.38,201.41304347826087,-3.9262249826311906,0.0197179679030282,4.07624633431085,11919.178789595768,direct_digitized_color_sample,image_colorbar_lookup_not_backend_result,valid,25,"[110.96, 23.96, 111.76]",112,4.455377855663278
upper-color-x144-f44,upper_period_map,144,190,0.44,201.41304347826087,-3.7569388081587265,0.023355125577121022,4.0498533724340176,11216.39699626748,direct_digitized_color_sample,image_colorbar_lookup_not_backend_result,valid,25,"[113.08, 25.56, 110.4]",115,3.2182198146662158
upper-color-x144-f50,upper_period_map,144,183,0.5,201.41304347826087,-3.587652633686263,0.027663189909104317,4.0146627565982405,10343.386580610872,direct_digitized_color_sample,image_colorbar_lookup_not_backend_result,valid,25,"[118.2, 27.52, 109.6]",119,1.676972490738553
upper-color-x144-f56,upper_period_map,144,176,0.56,201.41304347826087,-3.4183664592137992,0.03276591570532257,3.9442815249266863,8795.925148059268,direct_digitized_color_sample,image_colorbar_lookup_not_backend_result,valid,25,"[124.12, 29.12, 109.56]",127,2.2164395055206567
upper-color-x144-f62,upper_period_map,144,169,0.62,201.41304347826087,-3.2490802847413347,0.038809885466425116,3.909090909090909,8111.308307896872,direct_digitized_color_sample,image_colorbar_lookup_not_backend_result,valid,25,"[131.92, 31.12, 109.16]",131,2.9593283849204557
upper-color-x144-f68,upper_period_map,144,162,0.68,201.41304347826087,-3.079794110268872,0.045968720162225196,3.873900293255132,7479.977530308276,direct_digitized_color_sample,image_colorbar_lookup_not_backend_result,valid,25,"[136.96, 34.52, 105.76]",135,1.0657027958017051
upper-color-x144-f74,upper_period_map,144,155,0.74,201.41304347826087,-2.9105079357964074,0.05444806672209997,3.803519061583578,6360.907228304632,direct_digitized_color_sample,image_colorbar_lookup_not_backend_result,valid,25,"[147.56, 36.8, 103.56]",143,2.0156165816150726
upper-color-x144-f80,upper_period_map,144,148,0.8,201.41304347826087,-2.741221761323944,0.06449150551314242,3.7243401759530794,5300.7848335993485,direct_digitized_color_sample,image_colorbar_lookup_not_backend_result,valid,25,"[156.56, 40.52, 97.72]",152,2.362926238409328
upper-color-x144-f86,upper_period_map,144,141,0.86,201.41304347826087,-2.57193558685148,0.07638754750613609,3.6363636363636367,4328.7612810830615,direct_digitized_color_sample,image_colorbar_lookup_not_backend_result,valid,25,"[171.0, 45.08, 94.76]",162,0.2880617847558739
upper-color-x144-f92,upper_period_map,144,134,0.92,201.41304347826087,-2.402649412379017,0.09047792213213411,3.5219941348973607,3326.5506079103525,direct_digitized_color_sample,image_colorbar_lookup_not_backend_result,valid,25,"[182.36, 54.28, 87.88]",175,1.002217948515437
upper-color-x152-f08,upper_period_map,152,228,0.08,202.5,-4.677310768221661,0.009304000888942471,3.9266862170087977,8446.6834159386,direct_digitized_color_sample,image_colorbar_lookup_not_backend_result,valid,25,"[129.96, 34.2, 104.72]",129,2.702153336334043
upper-color-x152-f14,upper_period_map,152,221,0.14,202.5,-4.509483957322236,0.011004137315344442,3.9442815249266863,8795.925148059268,direct_digitized_color_sample,image_colorbar_lookup_not_backend_result,valid,25,"[123.24, 29.96, 107.6]",127,1.4385423461381566
upper-color-x152-f20,upper_period_map,152,214,0.2,202.5,-4.34165714642281,0.013014942657504386,4.005865102639296,10135.965009385569,direct_digitized_color_sample,image_colorbar_lookup_not_backend_result,valid,25,"[119.44, 28.24, 108.72]",120,1.032634830846581
upper-color-x152-f26,upper_period_map,152,207,0.26,202.5,-4.173830335523385,0.015393185992138382,4.041055718475073,10991.468471134935,direct_digitized_color_sample,image_colorbar_lookup_not_backend_result,valid,25,"[115.44, 26.76, 109.88]",116,2.222814909624503
upper-color-x152-f32,upper_period_map,152,200,0.32,202.5,-4.00600352462396,0.018206009909074804,4.041055718475073,10991.468471134935,direct_digitized_color_sample,image_colorbar_lookup_not_backend_result,valid,25,"[115.08, 26.88, 110.48]",116,2.815405143571531
upper-color-x152-f38,upper_period_map,152,193,0.38,202.5,-3.8381767137245353,0.02153282608152806,4.041055718475073,10991.468471134935,direct_digitized_color_sample,image_colorbar_lookup_not_backend_result,valid,25,"[115.44, 26.96, 110.28]",116,2.6522858835659675
upper-color-x152-f44,upper_period_map,152,186,0.44,202.5,-3.67034990282511,0.025467557217258376,4.005865102639296,10135.965009385569,direct_digitized_color_sample,image_colorbar_lookup_not_backend_result,valid,25,"[119.04, 28.24, 109.8]",120,1.1219589282744258
upper-color-x152-f50,upper_period_map,152,180,0.5,202.5,-3.5025230919256845,0.030121288685405204,3.961876832844575,9159.60684216839,direct_digitized_color_sample,image_colorbar_lookup_not_backend_result,valid,25,"[123.0, 29.28, 108.6]",125,1.4324347760910725
upper-color-x152-f56,upper_period_map,152,173,0.56,202.5,-3.3346962810262593,0.03562540467975008,3.935483870967742,8619.535664753032,direct_digitized_color_sample,image_colorbar_lookup_not_backend_result,valid,25,"[128.6, 30.6, 109.6]",128,2.9016884599086925
upper-color-x152-f62,upper_period_map,152,166,0.62,202.5,-3.1668694701268336,0.0421352974586016,3.8914956011730206,7789.249250375254,direct_digitized_color_sample,image_colorbar_lookup_not_backend_result,valid,25,"[134.32, 33.6, 106.28]",133,0.4633330886310752
upper-color-x152-f68,upper_period_map,152,159,0.68,202.5,-2.999042659227409,0.049834754380600386,3.8563049853372435,7182.985427154132,direct_digitized_color_sample,image_colorbar_lookup_not_backend_result,valid,25,"[140.2, 35.6, 104.4]",137,0.807364065768264
upper-color-x152-f74,upper_period_map,152,152,0.74,202.5,-2.8312158483279837,0.05894114659128349,3.7947214076246336,6233.348487129223,direct_digitized_color_sample,image_colorbar_lookup_not_backend_result,valid,25,"[149.8, 38.96, 101.56]",144,1.0652660872921427
upper-color-x152-f80,upper_period_map,152,145,0.8,202.5,-2.6633890374285585,0.06971156584745897,3.706744868035191,5090.317458567892,direct_digitized_color_sample,image_colorbar_lookup_not_backend_result,valid,25,"[158.96, 42.64, 96.2]",154,2.0044786588730608
upper-color-x152-f86,upper_period_map,152,138,0.86,202.5,-2.4955622265291337,0.08245008273427927,3.6275659824046924,4241.954270692034,direct_digitized_color_sample,image_colorbar_lookup_not_backend_result,valid,25,"[171.24, 47.12, 93.6]",163,1.6807311334229322
upper-color-x152-f92,upper_period_map,152,131,0.92,202.5,-2.3277354156297076,0.09751633118907051,3.469208211143695,2945.8335982677304,direct_digitized_color_sample,image_colorbar_lookup_not_backend_result,valid,25,"[187.52, 70.2, 94.04]",181,16.03929994909824
upper-color-x160-f08,upper_period_map,160,225,0.08,203.58695652173913,-4.602396771472352,0.010027772639876817,3.812316715542522,6491.076321281139,direct_digitized_color_sample,image_colorbar_lookup_not_backend_result,valid,25,"[143.36, 51.84, 114.68]",142,16.441971181294868
upper-color-x160-f14,upper_period_map,160,218,0.14,203.58695652173913,-4.433110596999888,0.011877486078429717,3.935483870967742,8619.535664753032,direct_digitized_color_sample,image_colorbar_lookup_not_backend_result,valid,25,"[129.32, 31.88, 107.44]",128,1.255352621410268
upper-color-x160-f20,upper_period_map,160,211,0.2,203.58695652173913,-4.263824422527425,0.014068395905017704,3.9794721407624634,9538.3255417549,direct_digitized_color_sample,image_colorbar_lookup_not_backend_result,valid,25,"[121.64, 29.2, 109.48]",123,1.1224063071665977
upper-color-x160-f26,upper_period_map,160,204,0.26,203.58695652173913,-4.0945382480549615,0.016663438882050487,4.005865102639296,10135.965009385569,direct_digitized_color_sample,image_colorbar_lookup_not_backend_result,valid,25,"[119.8, 28.6, 109.8]",120,0.9131689608283912
upper-color-x160-f32,upper_period_map,160,197,0.32,203.58695652173913,-3.9252520735824974,0.019737161027491186,4.005865102639296,10135.965009385569,direct_digitized_color_sample,image_colorbar_lookup_not_backend_result,valid,25,"[119.8, 28.6, 109.8]",120,0.9131689608283912
upper-color-x160-f38,upper_period_map,160,190,0.38,203.58695652173913,-3.7559658991100346,0.023377859047134485,4.005865102639296,10135.965009385569,direct_digitized_color_sample,image_colorbar_lookup_not_backend_result,valid,25,"[120.76, 27.84, 110.2]",120,2.153387459567002
upper-color-x160-f44,upper_period_map,160,183,0.44,203.58695652173913,-3.5866797246375706,0.02769011677345359,3.9442815249266863,8795.925148059268,direct_digitized_color_sample,image_colorbar_lookup_not_backend_result,valid,25,"[123.84, 28.0, 109.0]",127,2.862831479782324
upper-color-x160-f50,upper_period_map,160,176,0.5,203.58695652173913,-3.4173935501651065,0.032797809473553076,3.935483870967742,8619.535664753032,direct_digitized_color_sample,image_colorbar_lookup_not_backend_result,valid,25,"[128.28, 30.2, 108.08]",128,1.6958845744318491
upper-color-x160-f56,upper_period_map,160,169,0.56,203.58695652173913,-3.2481073756926433,0.038847662328919945,3.900293255131965,7948.647819399743,direct_digitized_color_sample,image_colorbar_lookup_not_backend_result,valid,25,"[133.12, 32.64, 106.96]",132,0.8319438756580217
upper-color-x160-f62,upper_period_map,160,162,0.62,203.58695652173913,-3.0788212012201783,0.046013465308977486,3.865102639296188,7329.977462151211,direct_digitized_color_sample,image_colorbar_lookup_not_backend_result,valid,25,"[138.12, 35.48, 105.8]",136,1.1073520539686335
upper-color-x160-f68,upper_period_map,160,155,0.68,203.58695652173913,-2.9095350267477156,0.054501065516220346,3.803519061583578,6360.907228304632,direct_digitized_color_sample,image_colorbar_lookup_not_backend_result,valid,25,"[146.28, 38.28, 102.76]",143,2.0670673300448543
upper-color-x160-f74,upper_period_map,160,148,0.74,203.58695652173913,-2.740248852275252,0.0645542804146031,3.7331378299120237,5409.259667312205,direct_digitized_color_sample,image_colorbar_lookup_not_backend_result,valid,25,"[155.0, 40.96, 98.4]",151,1.7678443000976463
upper-color-x160-f80,upper_period_map,160,141,0.8,203.58695652173913,-2.5709626778027874,0.07646190180643302,3.6539589442815252,4507.740889208264,direct_digitized_color_sample,image_colorbar_lookup_not_backend_result,valid,25,"[167.4, 43.96, 95.72]",160,1.105367239741554
upper-color-x160-f86,upper_period_map,160,134,0.86,203.58695652173913,-2.4016765033303242,0.09056599175620358,3.5747800586510263,3756.4711576023697,direct_digitized_color_sample,image_colorbar_lookup_not_backend_result,valid,25,"[176.48, 48.56, 90.32]",169,1.6462920612760077
upper-color-x160-f92,upper_period_map,160,127,0.92,203.58695652173913,-2.232390328857861,0.10727170877267736,3.469208211143695,2945.8335982677304,direct_digitized_color_sample,image_colorbar_lookup_not_backend_result,valid,25,"[190.0, 58.88, 82.8]",181,1.5274067659177841
upper-color-x168-f08,upper_period_map,168,221,0.08,204.67391304347825,-4.505105866603121,0.011052420042754715,3.8475073313782993,7038.941103587839,direct_digitized_color_sample,image_colorbar_lookup_not_backend_result,valid,25,"[141.12, 42.08, 107.6]",138,5.872087554260229
upper-color-x168-f14,upper_period_map,168,214,0.14,204.67391304347825,-4.335819692130657,0.013091138970257838,3.8826979472140764,7633.047187773535,direct_digitized_color_sample,image_colorbar_lookup_not_backend_result,valid,25,"[133.48, 40.8, 111.52]",134,8.28512214632903
upper-color-x168-f20,upper_period_map,168,207,0.2,204.67391304347825,-4.166533517658193,0.015505918059180905,3.9530791788856305,8975.924251538929,direct_digitized_color_sample,image_colorbar_lookup_not_backend_result,valid,25,"[125.44, 38.16, 111.88]",126,5.1990116800195345
upper-color-x168-f26,upper_period_map,168,200,0.26,204.67391304347825,-3.9972473431857294,0.0183661250105343,3.9530791788856305,8975.924251538929,direct_digitized_color_sample,image_colorbar_lookup_not_backend_result,valid,25,"[124.44, 38.44, 112.04]",126,5.546356038528578
upper-color-x168-f32,upper_period_map,168,193,0.32,204.67391304347825,-3.8279611687132657,0.021753923025721947,3.9530791788856305,8975.924251538929,direct_digitized_color_sample,image_colorbar_lookup_not_backend_result,valid,25,"[124.32, 38.32, 112.8]",126,5.603142704167482
upper-color-x168-f38,upper_period_map,168,186,0.38,204.67391304347825,-3.6586749942408017,0.025766631052418647,3.9530791788856305,8975.924251538929,direct_digitized_color_sample,image_colorbar_lookup_not_backend_result,valid,25,"[124.04, 37.08, 112.96]",126,4.563833869877019
upper-color-x168-f44,upper_period_map,168,179,0.44,204.67391304347825,-3.4893888197683385,0.030519519399165064,3.9530791788856305,8975.924251538929,direct_digitized_color_sample,image_colorbar_lookup_not_backend_result,valid,25,"[129.12, 39.04, 111.56]",126,7.198016166604098
upper-color-x168-f50,upper_period_map,168,172,0.5,204.67391304347825,-3.3201026452958744,0.03614912102638195,3.8914956011730206,7789.249250375254,direct_digitized_color_sample,image_colorbar_lookup_not_backend_result,valid,25,"[132.16, 40.48, 109.6]",133,7.64936171807017
upper-color-x168-f56,upper_period_map,168,165,0.56,204.67391304347825,-3.1508164708234108,0.042817153634986775,3.873900293255132,7479.977530308276,direct_digitized_color_sample,image_colorbar_lookup_not_backend_result,valid,25,"[136.84, 42.24, 108.08]",135,7.214965173095403
upper-color-x168-f62,upper_period_map,168,158,0.62,204.67391304347825,-2.981530296350947,0.05071516521975999,3.812316715542522,6491.076321281139,direct_digitized_color_sample,image_colorbar_lookup_not_backend_result,valid,25,"[143.16, 45.2, 107.52]",142,7.63822823776856
upper-color-x168-f68,upper_period_map,168,151,0.68,204.67391304347825,-2.8122441218784835,0.06007003653708303,3.7507331378299122,5632.914221730315,direct_digitized_color_sample,image_colorbar_lookup_not_backend_result,valid,25,"[150.48, 46.84, 103.76]",149,7.34403325767224
upper-color-x168-f74,upper_period_map,168,144,0.74,204.67391304347825,-2.6429579474060203,0.07115049855266087,3.6979472140762466,4988.238546882336,direct_digitized_color_sample,image_colorbar_lookup_not_backend_result,valid,25,"[157.0, 50.92, 102.08]",155,7.788632742657727
upper-color-x168-f80,upper_period_map,168,137,0.8,204.67391304347825,-2.4736717729335567,0.08427485209147542,3.6627565982404695,4599.98693554429,direct_digitized_color_sample,image_colorbar_lookup_not_backend_result,valid,25,"[167.0, 55.84, 99.04]",159,9.277713916165133
upper-color-x168-f86,upper_period_map,168,130,0.86,204.67391304347825,-2.304385598461093,0.09982011144705395,3.530791788856305,3394.624871506797,direct_digitized_color_sample,image_colorbar_lookup_not_backend_result,valid,25,"[178.16, 72.96, 99.88]",174,21.787380919856762
upper-color-x168-f92,upper_period_map,168,123,0.92,204.67391304347825,-2.1350994239886285,0.11823283461223859,3.4164222873900294,2608.6888827265566,direct_digitized_color_sample,image_colorbar_lookup_not_backend_result,valid,25,"[192.64, 72.24, 81.44]",187,11.326039349522791
upper-color-x176-f08,upper_period_map,176,218,0.08,205.7608695652174,-4.4321376879511964,0.011889047415263795,3.7947214076246336,6233.348487129223,direct_digitized_color_sample,image_colorbar_lookup_not_backend_result,valid,25,"[148.44, 36.72, 100.4]",144,1.843953162449119
upper-color-x176-f14,upper_period_map,176,211,0.14,205.7608695652174,-4.262851513478733,0.014082089835088359,3.873900293255132,7479.977530308276,direct_digitized_color_sample,image_colorbar_lookup_not_backend_result,valid,25,"[138.2, 35.28, 106.2]",135,0.9644878095102446
upper-color-x176-f20,upper_period_map,176,204,0.2,205.7608695652174,-4.093565339006269,0.016679658781485213,3.8914956011730206,7789.249250375254,direct_digitized_color_sample,image_colorbar_lookup_not_backend_result,valid,25,"[135.08, 32.96, 106.08]",133,1.4391437363507542
upper-color-x176-f26,upper_period_map,176,197,0.26,205.7608695652174,-3.924279164533805,0.01975637283420521,3.9178885630498534,8277.297467523897,direct_digitized_color_sample,image_colorbar_lookup_not_backend_result,valid,25,"[131.6, 30.88, 105.76]",130,1.935426968661014
upper-color-x176-f32,upper_period_map,176,190,0.32,205.7608695652174,-3.754992990061342,0.02340061464550934,3.935483870967742,8619.535664753032,direct_digitized_color_sample,image_colorbar_lookup_not_backend_result,valid,25,"[129.4, 31.72, 108.6]",128,2.1033093457885896
upper-color-x176-f38,upper_period_map,176,183,0.38,205.7608695652174,-3.5857068155888783,0.027717069847940815,3.935483870967742,8619.535664753032,direct_digitized_color_sample,image_colorbar_lookup_not_backend_result,valid,25,"[129.84, 31.36, 107.68]",128,1.672541753848732
upper-color-x176-f44,upper_period_map,176,176,0.44,205.7608695652174,-3.416420641116414,0.03282973428661873,3.909090909090909,8111.308307896872,direct_digitized_color_sample,image_colorbar_lookup_not_backend_result,valid,25,"[132.8, 32.32, 106.52]",131,1.2910777020199484
upper-color-x176-f50,upper_period_map,176,169,0.5,205.7608695652174,-3.247134466643951,0.03888547596275083,3.873900293255132,7479.977530308276,direct_digitized_color_sample,image_colorbar_lookup_not_backend_result,valid,25,"[137.44, 34.24, 104.84]",135,1.9309678233191423
upper-color-x176-f56,upper_period_map,176,162,0.56,205.7608695652174,-3.0778482921714865,0.046058254009871555,3.8299120234604107,6759.460327895383,direct_digitized_color_sample,image_colorbar_lookup_not_backend_result,valid,25,"[142.6, 35.96, 103.8]",140,0.7241941334042585
upper-color-x176-f62,upper_period_map,176,155,0.62,205.7608695652174,-2.908562117699023,0.05455411589843834,3.7947214076246336,6233.348487129223,direct_digitized_color_sample,image_colorbar_lookup_not_backend_result,valid,25,"[149.56, 38.28, 102.28]",144,1.0412864884460966
upper-color-x176-f68,upper_period_map,176,148,0.68,205.7608695652174,-2.7392759432265597,0.06461711642005298,3.7243401759530794,5300.7848335993485,direct_digitized_color_sample,image_colorbar_lookup_not_backend_result,valid,25,"[158.32, 40.48, 99.2]",152,2.655902936510156
upper-color-x176-f74,upper_period_map,176,141,0.74,205.7608695652174,-2.569989768754096,0.07653632848190295,3.6627565982404695,4599.98693554429,direct_digitized_color_sample,image_colorbar_lookup_not_backend_result,valid,25,"[164.68, 44.48, 96.52]",159,2.6490922588536607
upper-color-x176-f80,upper_period_map,176,134,0.8,205.7608695652174,-2.4007035942816315,0.090654147105702,3.592375366568915,3911.7885087021923,direct_digitized_color_sample,image_colorbar_lookup_not_backend_result,valid,25,"[173.36, 49.12, 90.32]",167,3.2579059256534952
upper-color-x176-f86,upper_period_map,176,127,0.86,205.7608695652174,-2.231417419809169,0.10737612517440566,3.5219941348973607,3326.5506079103525,direct_digitized_color_sample,image_colorbar_lookup_not_backend_result,valid,25,"[182.04, 56.4, 84.64]",175,4.425134149932397
upper-color-x176-f92,upper_period_map,176,120,0.92,205.7608695652174,-2.0621312453367047,0.12718262347144693,3.3812316715542523,2405.6457337914976,direct_digitized_color_sample,image_colorbar_lookup_not_backend_result,valid,25,"[199.12, 66.44, 74.28]",191,1.8876267358451688
upper-color-x184-f08,upper_period_map,184,214,0.08,206.84782608695653,-4.336792601179349,0.013078408676409177,3.803519061583578,6360.907228304632,direct_digitized_color_sample,image_colorbar_lookup_not_backend_result,valid,25,"[146.92, 41.36, 101.88]",143,3.8511848163644347
upper-color-x184-f14,upper_period_map,184,207,0.14,206.84782608695653,-4.168965790279924,0.015468249268165857,3.8299120234604107,6759.460327895383,direct_digitized_color_sample,image_colorbar_lookup_not_backend_result,valid,25,"[145.68, 33.88, 105.0]",140,3.7109413515017717
upper-color-x184-f20,upper_period_map,184,200,0.2,206.84782608695653,-4.001138979380499,0.018294789629391437,3.873900293255132,7479.977530308276,direct_digitized_color_sample,image_colorbar_lookup_not_backend_result,valid,25,"[138.24, 33.48, 106.84]",135,2.0084840460569646
upper-color-x184-f26,upper_period_map,184,193,0.26,206.84782608695653,-3.833312168481073,0.02163782867609395,3.900293255131965,7948.647819399743,direct_digitized_color_sample,image_colorbar_lookup_not_backend_result,valid,25,"[134.48, 32.72, 107.48]",132,1.2165592162038785
upper-color-x184-f32,upper_period_map,184,186,0.32,206.84782608695653,-3.6654853575816477,0.025591747120383132,3.900293255131965,7948.647819399743,direct_digitized_color_sample,image_colorbar_lookup_not_backend_result,valid,25,"[134.0, 33.2, 107.4]",132,0.5837947640486469
upper-color-x184-f38,upper_period_map,184,179,0.38,206.84782608695653,-3.4976585466822234,0.03026817202768734,3.900293255131965,7948.647819399743,direct_digitized_color_sample,image_colorbar_lookup_not_backend_result,valid,25,"[134.8, 34.0, 108.2]",132,1.7946632905730981
upper-color-x184-f44,upper_period_map,184,172,0.44,206.84782608695653,-3.3298317357827982,0.0357991282731915,3.8826979472140764,7633.047187773535,direct_digitized_color_sample,image_colorbar_lookup_not_backend_result,valid,25,"[136.4, 34.4, 107.6]",134,0.6883876458946668
upper-color-x184-f50,upper_period_map,184,166,0.5,206.84782608695653,-3.1620049248833726,0.042340765869445844,3.865102639296188,7329.977462151211,direct_digitized_color_sample,image_colorbar_lookup_not_backend_result,valid,25,"[139.6, 35.8, 106.0]",136,0.554204706893448
upper-color-x184-f56,upper_period_map,184,159,0.56,206.84782608695653,-2.9941781139839474,0.05007776839509637,3.8211143695014664,6623.909184087668,direct_digitized_color_sample,image_colorbar_lookup_not_backend_result,valid,25,"[145.64, 37.52, 103.8]",141,1.6443471503974965
upper-color-x184-f62,upper_period_map,184,152,0.62,206.84782608695653,-2.826351303084522,0.05922856698354127,3.777126099706745,5985.8537226885455,direct_digitized_color_sample,image_colorbar_lookup_not_backend_result,valid,25,"[152.52, 39.48, 100.92]",146,0.714182849736094
upper-color-x184-f68,upper_period_map,184,145,0.68,206.84782608695653,-2.6585244921850975,0.0700515070728939,3.706744868035191,5090.317458567892,direct_digitized_color_sample,image_colorbar_lookup_not_backend_result,valid,25,"[160.56, 42.76, 98.56]",154,2.6864938078454403
upper-color-x184-f74,upper_period_map,184,138,0.74,206.84782608695653,-2.4906976812856723,0.08285214201699906,3.6539589442815252,4507.740889208264,direct_digitized_color_sample,image_colorbar_lookup_not_backend_result,valid,25,"[167.2, 46.6, 94.0]",160,2.552109971400619
upper-color-x184-f80,upper_period_map,184,131,0.8,206.84782608695653,-2.322870870386246,0.0979918594708031,3.530791788856305,3394.624871506797,direct_digitized_color_sample,image_colorbar_lookup_not_backend_result,valid,25,"[178.84, 63.92, 97.28]",174,12.86452137485424
upper-color-x184-f86,upper_period_map,184,124,0.86,206.84782608695653,-2.1550440594868223,0.1158980840902755,3.4780058651026393,3006.1168996559245,direct_digitized_color_sample,image_colorbar_lookup_not_backend_result,valid,25,"[188.32, 56.08, 83.32]",180,1.325794332558759
upper-color-x184-f92,upper_period_map,184,117,0.92,206.84782608695653,-1.9872172485873953,0.1370763445896117,3.3108504398826977,2045.7400138986607,direct_digitized_color_sample,image_colorbar_lookup_not_backend_result,valid,25,"[206.52, 67.12, 69.8]",199,3.8225304152498407
upper-color-x192-f08,upper_period_map,192,211,0.08,207.93478260869566,-4.26187860443004,0.0140957970945906,3.7243401759530794,5300.7848335993485,direct_digitized_color_sample,image_colorbar_lookup_not_backend_result,valid,25,"[158.64, 39.96, 100.88]",152,3.881574475411134
upper-color-x192-f14,upper_period_map,192,204,0.14,207.93478260869566,-4.092592429957576,0.016695894469085863,3.7947214076246336,6233.348487129223,direct_digitized_color_sample,image_colorbar_lookup_not_backend_result,valid,25,"[150.08, 36.76, 103.68]",144,2.773907580527182
upper-color-x192-f20,upper_period_map,192,197,0.2,207.93478260869566,-3.9233062554851132,0.019775603341355263,3.8299120234604107,6759.460327895383,direct_digitized_color_sample,image_colorbar_lookup_not_backend_result,valid,25,"[144.8, 34.8, 106.52]",140,3.2229711226045628
upper-color-x192-f26,upper_period_map,192,190,0.26,207.93478260869566,-3.754020081012649,0.023423392393784936,3.865102639296188,7329.977462151211,direct_digitized_color_sample,image_colorbar_lookup_not_backend_result,valid,25,"[139.56, 33.56, 107.32]",136,2.3329074441257047
upper-color-x192-f32,upper_period_map,192,183,0.32,207.93478260869566,-3.584733906540185,0.02774404915807851,3.873900293255132,7479.977530308276,direct_digitized_color_sample,image_colorbar_lookup_not_backend_result,valid,25,"[138.64, 33.24, 106.84]",135,2.4181591919373306
upper-color-x192-f38,upper_period_map,192,176,0.38,207.93478260869566,-3.4154477320677215,0.03286169017473805,3.873900293255132,7479.977530308276,direct_digitized_color_sample,image_colorbar_lookup_not_backend_result,valid,25,"[138.48, 33.44, 106.68]",135,2.14634763336821
upper-color-x192-f44,upper_period_map,192,169,0.44,207.93478260869566,-3.2461615575952583,0.03892332640371035,3.8475073313782993,7038.941103587839,direct_digitized_color_sample,image_colorbar_lookup_not_backend_result,valid,25,"[142.28, 35.6, 105.92]",138,1.3531912394825176
upper-color-x192-f50,upper_period_map,192,162,0.5,207.93478260869566,-3.076875383122795,0.046103086307302275,3.8211143695014664,6623.909184087668,direct_digitized_color_sample,image_colorbar_lookup_not_backend_result,valid,25,"[146.24, 36.2, 104.36]",141,2.4645353910783148
upper-color-x192-f56,upper_period_map,192,155,0.56,207.93478260869566,-2.9075892086503305,0.05460721791896884,3.777126099706745,5985.8537226885455,direct_digitized_color_sample,image_colorbar_lookup_not_backend_result,valid,25,"[153.52, 37.8, 103.2]",146,3.5486979503554816
upper-color-x192-f62,upper_period_map,192,148,0.62,207.93478260869566,-2.738303034177867,0.06468001358896958,3.7243401759530794,5300.7848335993485,direct_digitized_color_sample,image_colorbar_lookup_not_backend_result,valid,25,"[160.88, 40.6, 100.56]",152,4.874762160603217
upper-color-x192-f68,upper_period_map,192,141,0.68,207.93478260869566,-2.5690168597054037,0.07661082760299477,3.6539589442815252,4507.740889208264,direct_digitized_color_sample,image_colorbar_lookup_not_backend_result,valid,25,"[167.56, 43.56, 96.2]",160,1.4766398701519727
upper-color-x192-f74,upper_period_map,192,134,0.74,207.93478260869566,-2.39973068523294,0.09074238826407287,3.592375366568915,3911.7885087021923,direct_digitized_color_sample,image_colorbar_lookup_not_backend_result,valid,25,"[173.88, 47.2, 89.16]",167,4.301708251096424
upper-color-x192-f80,upper_period_map,192,127,0.8,207.93478260869566,-2.2304445107604756,0.10748064321323005,3.5219941348973607,3326.5506079103525,direct_digitized_color_sample,image_colorbar_lookup_not_backend_result,valid,25,"[181.72, 52.56, 86.68]",175,2.5816685001947675
upper-color-x192-f86,upper_period_map,192,120,0.86,207.93478260869566,-2.061158336288013,0.12730642080866839,3.442815249266862,2772.140573304932,direct_digitized_color_sample,image_colorbar_lookup_not_backend_result,valid,25,"[195.76, 59.16, 79.84]",184,2.2315511215661665
upper-color-x192-f92,upper_period_map,192,113,0.92,207.93478260869566,-1.8918721618155485,0.15078924255189827,3.3108504398826977,2045.7400138986607,direct_digitized_color_sample,image_colorbar_lookup_not_backend_result,valid,25,"[207.72, 71.56, 69.6]",199,1.6610053508373157
upper-color-x200-f08,upper_period_map,200,208,0.08,209.02173913043478,-4.188910425778117,0.015162796868490706,3.6891495601173023,4888.206679275213,direct_digitized_color_sample,image_colorbar_lookup_not_backend_result,valid,25,"[159.96, 44.12, 97.92]",156,1.3257081280645169
upper-color-x200-f14,upper_period_map,200,201,0.14,209.02173913043478,-4.019624251305652,0.017959712010160653,3.7595307917888565,5748.1857244798575,direct_digitized_color_sample,image_colorbar_lookup_not_backend_result,valid,25,"[154.04, 39.88, 100.36]",148,1.6282230203757602
upper-color-x200-f20,upper_period_map,200,194,0.2,209.02173913043478,-3.850338076833189,0.021272543468427746,3.803519061583578,6360.907228304632,direct_digitized_color_sample,image_colorbar_lookup_not_backend_result,valid,25,"[149.04, 37.2, 104.6]",143,2.173206039425591
upper-color-x200-f26,upper_period_map,200,187,0.26,209.02173913043478,-3.6810519023607258,0.025196456678154722,3.8299120234604107,6759.460327895383,direct_digitized_color_sample,image_colorbar_lookup_not_backend_result,valid,25,"[144.24, 36.44, 103.84]",140,1.4181275380887892
upper-color-x200-f32,upper_period_map,200,180,0.32,209.02173913043478,-3.5117657278882617,0.02984417120013767,3.8299120234604107,6759.460327895383,direct_digitized_color_sample,image_colorbar_lookup_not_backend_result,valid,25,"[143.76, 35.96, 103.36]",140,1.3385279761204678
upper-color-x200-f38,upper_period_map,200,173,0.38,209.02173913043478,-3.3424795534157976,0.03534919873854087,3.8299120234604107,6759.460327895383,direct_digitized_color_sample,image_colorbar_lookup_not_backend_result,valid,25,"[143.76, 36.36, 103.84]",140,0.9819514099122102
upper-color-x200-f44,upper_period_map,200,166,0.44,209.02173913043478,-3.1731933789433344,0.04186967843995932,3.803519061583578,6360.907228304632,direct_digitized_color_sample,image_colorbar_lookup_not_backend_result,valid,25,"[147.84, 37.28, 102.76]",143,2.220031255525511
upper-color-x200-f50,upper_period_map,200,159,0.5,209.02173913043478,-3.003907204470871,0.04959291964811185,3.777126099706745,5985.8537226885455,direct_digitized_color_sample,image_colorbar_lookup_not_backend_result,valid,25,"[152.08, 37.88, 102.12]",146,2.3900508063936297
upper-color-x200-f56,upper_period_map,200,152,0.56,209.02173913043478,-2.8346210299984063,0.058740782610760135,3.7243401759530794,5300.7848335993485,direct_digitized_color_sample,image_colorbar_lookup_not_backend_result,valid,25,"[157.8, 40.32, 100.52]",152,3.089538635393944
upper-color-x200-f62,upper_period_map,200,145,0.62,209.02173913043478,-2.6653348555259426,0.06957605170672679,3.6891495601173023,4888.206679275213,direct_digitized_color_sample,image_colorbar_lookup_not_backend_result,valid,25,"[162.92, 42.56, 96.8]",156,3.7214765557641174
upper-color-x200-f68,upper_period_map,200,138,0.68,209.02173913043478,-2.4960486810534794,0.08240998427233034,3.6275659824046924,4241.954270692034,direct_digitized_color_sample,image_colorbar_lookup_not_backend_result,valid,25,"[172.32, 45.08, 94.76]",163,0.985233837363352
upper-color-x200-f74,upper_period_map,200,131,0.74,209.02173913043478,-2.326762506581016,0.09761125187719047,3.530791788856305,3394.624871506797,direct_digitized_color_sample,image_colorbar_lookup_not_backend_result,valid,25,"[181.6, 63.96, 98.32]",174,13.114368191461775
upper-color-x200-f80,upper_period_map,200,124,0.8,209.02173913043478,-2.1574763321085513,0.1156165308992954,3.495601173020528,3130.4096452573517,direct_digitized_color_sample,image_colorbar_lookup_not_backend_result,valid,25,"[189.72, 53.24, 85.8]",178,2.5502460865651297
upper-color-x200-f86,upper_period_map,200,117,0.86,209.02173913043478,-1.988190157636089,0.1369430466275098,3.398826979472141,2505.111031774929,direct_digitized_color_sample,image_colorbar_lookup_not_backend_result,valid,25,"[200.68, 60.04, 76.16]",189,4.5270398491639545
upper-color-x200-f92,upper_period_map,200,110,0.92,209.02173913043478,-1.8189039831636244,0.16220343123734615,3.284457478005865,1925.1185465114856,direct_digitized_color_sample,image_colorbar_lookup_not_backend_result,valid,25,"[209.96, 74.48, 66.32]",202,2.2843102830806017
upper-color-x208-f08,upper_period_map,208,204,0.08,210.1086956521739,-4.093565339006269,0.016679658781485213,3.6627565982404695,4599.98693554429,direct_digitized_color_sample,image_colorbar_lookup_not_backend_result,valid,25,"[167.32, 57.16, 104.6]",159,12.68113012410525
upper-color-x208-f14,upper_period_map,208,197,0.14,210.1086956521739,-3.9257385281068435,0.019727562131114186,3.6627565982404695,4599.98693554429,direct_digitized_color_sample,image_colorbar_lookup_not_backend_result,valid,25,"[161.88, 56.44, 112.32]",159,17.871582504761278
upper-color-x208-f20,upper_period_map,208,190,0.2,210.1086956521739,-3.757911717207419,0.023332414213950523,3.7507331378299122,5632.914221730315,direct_digitized_color_sample,image_colorbar_lookup_not_backend_result,valid,25,"[154.12, 52.4, 110.16]",149,14.552705057472842
upper-color-x208-f26,upper_period_map,208,183,0.26,210.1086956521739,-3.590084906307993,0.027595987250382755,3.7507331378299122,5632.914221730315,direct_digitized_color_sample,image_colorbar_lookup_not_backend_result,valid,25,"[153.56, 53.84, 113.2]",149,17.736012482390457
upper-color-x208-f32,upper_period_map,208,176,0.32,210.1086956521739,-3.422258095408567,0.032638650477410165,3.803519061583578,6360.907228304632,direct_digitized_color_sample,image_colorbar_lookup_not_backend_result,valid,25,"[151.48, 52.44, 113.44]",143,17.007610781347147
upper-color-x208-f38,upper_period_map,208,169,0.38,210.1086956521739,-3.2544312845091428,0.038602768414156656,3.7507331378299122,5632.914221730315,direct_digitized_color_sample,image_colorbar_lookup_not_backend_result,valid,25,"[152.8, 51.8, 112.0]",149,15.543434863212779
upper-color-x208-f44,upper_period_map,208,162,0.44,210.1086956521739,-3.0866044736097176,0.045656720098411825,3.7507331378299122,5632.914221730315,direct_digitized_color_sample,image_colorbar_lookup_not_backend_result,valid,25,"[156.4, 53.68, 113.08]",149,17.62834637503947
upper-color-x208-f50,upper_period_map,208,156,0.5,210.1086956521739,-2.9187776627102924,0.053999652765325215,3.680351906158358,4790.18080525539,direct_digitized_color_sample,image_colorbar_lookup_not_backend_result,valid,25,"[158.4, 53.08, 107.92]",157,12.995829158241653
upper-color-x208-f56,upper_period_map,208,149,0.56,210.1086956521739,-2.750950851810867,0.06386710417415915,3.6627565982404695,4599.98693554429,direct_digitized_color_sample,image_colorbar_lookup_not_backend_result,valid,25,"[164.04, 56.24, 107.08]",159,13.389124737057674
upper-color-x208-f62,upper_period_map,208,142,0.62,210.1086956521739,-2.5831240409114424,0.07553765231268578,3.6627565982404695,4599.98693554429,direct_digitized_color_sample,image_colorbar_lookup_not_backend_result,valid,25,"[168.04, 58.08, 104.68]",159,13.62305938248731
upper-color-x208-f68,upper_period_map,208,135,0.68,210.1086956521739,-2.4152972300120172,0.08934078021374961,3.6011730205278596,3991.8390335436666,direct_digitized_color_sample,image_colorbar_lookup_not_backend_result,valid,25,"[175.08, 63.24, 102.96]",166,17.356263587370574
upper-color-x208-f74,upper_period_map,208,128,0.74,210.1086956521739,-2.247470419112592,0.10566617792357648,3.530791788856305,3394.624871506797,direct_digitized_color_sample,image_colorbar_lookup_not_backend_result,valid,25,"[182.88, 75.12, 104.0]",174,25.40837930241735
upper-color-x208-f80,upper_period_map,208,121,0.8,210.1086956521739,-2.0796436082131673,0.12497474423509196,3.469208211143695,2945.8335982677304,direct_digitized_color_sample,image_colorbar_lookup_not_backend_result,valid,25,"[188.8, 68.36, 90.4]",181,12.199632312960441
upper-color-x208-f86,upper_period_map,208,114,0.86,210.1086956521739,-1.9118167973137423,0.14781159878729533,3.346041055718475,2218.4061253255404,direct_digitized_color_sample,image_colorbar_lookup_not_backend_result,valid,25,"[201.96, 75.68, 85.76]",195,14.258272500337396
upper-color-x208-f92,upper_period_map,208,107,0.92,210.1086956521739,-1.7439899864143162,0.17482147188841024,3.2492668621700878,1775.2800071804052,direct_digitized_color_sample,image_colorbar_lookup_not_backend_result,valid,25,"[211.24, 85.36, 74.72]",206,13.000019152262176
upper-color-x216-f08,upper_period_map,216,201,0.08,211.19565217391303,-4.020597160354345,0.017942247340978996,3.6363636363636367,4328.7612810830615,direct_digitized_color_sample,image_colorbar_lookup_not_backend_result,valid,25,"[169.56, 47.2, 94.08]",162,2.488053086906578
upper-color-x216-f14,upper_period_map,216,194,0.14,211.19565217391303,-3.8527703494549197,0.021220865716022993,3.706744868035191,5090.317458567892,direct_digitized_color_sample,image_colorbar_lookup_not_backend_result,valid,25,"[160.44, 43.24, 99.48]",154,2.897741555496112
upper-color-x216-f20,upper_period_map,216,187,0.2,211.19565217391303,-3.684943538555494,0.025098591786156296,3.741935483870968,5519.954321281573,direct_digitized_color_sample,image_colorbar_lookup_not_backend_result,valid,25,"[157.08, 41.44, 100.8]",150,2.1339816191852305
upper-color-x216-f26,upper_period_map,216,180,0.26,211.19565217391303,-3.5171167276560693,0.02968490155293104,3.777126099706745,5985.8537226885455,direct_digitized_color_sample,image_colorbar_lookup_not_backend_result,valid,25,"[152.12, 39.6, 101.28]",146,0.5891398087769265
upper-color-x216-f32,upper_period_map,216,173,0.32,211.19565217391303,-3.3492899167566437,0.03510927575997513,3.768328445747801,5865.816133973422,direct_digitized_color_sample,image_colorbar_lookup_not_backend_result,valid,25,"[151.12, 39.48, 99.44]",147,1.3732993193066725
upper-color-x216-f38,upper_period_map,216,166,0.38,211.19565217391303,-3.1814631058572194,0.041524855394653136,3.768328445747801,5865.816133973422,direct_digitized_color_sample,image_colorbar_lookup_not_backend_result,valid,25,"[152.32, 40.72, 100.52]",147,0.804563514571462
upper-color-x216-f44,upper_period_map,216,159,0.44,211.19565217391303,-3.0136362949577937,0.049112765165967555,3.741935483870968,5519.954321281573,direct_digitized_color_sample,image_colorbar_lookup_not_backend_result,valid,25,"[154.76, 41.2, 99.28]",150,1.1256200105556393
upper-color-x216-f50,upper_period_map,216,152,0.5,211.19565217391303,-2.845809484058368,0.05808722701917128,3.706744868035191,5090.317458567892,direct_digitized_color_sample,image_colorbar_lookup_not_backend_result,valid,25,"[159.96, 42.92, 98.68]",154,2.1810856686241413
upper-color-x216-f56,upper_period_map,216,146,0.56,211.19565217391303,-2.6779826731589433,0.0687016080518884,3.6627565982404695,4599.98693554429,direct_digitized_color_sample,image_colorbar_lookup_not_backend_result,valid,25,"[164.4, 44.52, 97.8]",159,2.4840700637527573
upper-color-x216-f62,upper_period_map,216,139,0.62,211.19565217391303,-2.510155862259518,0.08125557357657172,3.6275659824046924,4241.954270692034,direct_digitized_color_sample,image_colorbar_lookup_not_backend_result,valid,25,"[171.36, 46.88, 95.2]",163,1.4261837188805637
upper-color-x216-f68,upper_period_map,216,132,0.68,211.19565217391303,-2.3423290513600934,0.09610354727462857,3.530791788856305,3394.624871506797,direct_digitized_color_sample,image_colorbar_lookup_not_backend_result,valid,25,"[180.04, 63.64, 100.76]",174,14.801062565276341
upper-color-x216-f74,upper_period_map,216,125,0.74,211.19565217391303,-2.174502240460668,0.11366471728937173,3.5131964809384164,3259.8414746418844,direct_digitized_color_sample,image_colorbar_lookup_not_backend_result,valid,25,"[185.04, 54.44, 87.04]",176,1.285898399515913
upper-color-x216-f80,upper_period_map,216,118,0.8,211.19565217391303,-2.006675429561243,0.13443487074991256,3.442815249266862,2772.140573304932,direct_digitized_color_sample,image_colorbar_lookup_not_backend_result,valid,25,"[195.8, 59.68, 79.96]",184,2.043286668131345
upper-color-x216-f86,upper_period_map,216,111,0.86,211.19565217391303,-1.8388486186618171,0.1590003908383944,3.3108504398826977,2045.7400138986607,direct_digitized_color_sample,image_colorbar_lookup_not_backend_result,valid,25,"[210.8, 64.08, 70.4]",199,6.710901274670007
upper-color-x216-f92,upper_period_map,216,104,0.92,211.19565217391303,-1.6710218077623922,0.1880548115659091,3.2492668621700878,1775.2800071804052,direct_digitized_color_sample,image_colorbar_lookup_not_backend_result,valid,25,"[217.56, 78.68, 65.48]",206,2.5964009627142945
upper-color-x224-f08,upper_period_map,224,198,0.08,212.2826086956522,-3.9437373455076514,0.019375665702240686,3.6011730205278596,3991.8390335436666,direct_digitized_color_sample,image_colorbar_lookup_not_backend_result,valid,25,"[174.44, 47.36, 92.04]",166,2.142548549208229
upper-color-x224-f14,upper_period_map,224,191,0.14,212.2826086956522,-3.77299180746215,0.022983199017948746,3.671554252199414,4694.120697539617,direct_digitized_color_sample,image_colorbar_lookup_not_backend_result,valid,25,"[162.24, 47.2, 95.24]",158,2.1628816756487557
upper-color-x224-f20,upper_period_map,224,184,0.2,212.2826086956522,-3.6022462694166473,0.02726241488763681,3.6891495601173023,4888.206679275213,direct_digitized_color_sample,image_colorbar_lookup_not_backend_result,valid,25,"[161.8, 42.48, 98.8]",156,3.442559560346143
upper-color-x224-f26,upper_period_map,224,177,0.26,212.2826086956522,-3.4315007313711443,0.03233837312748362,3.741935483870968,5519.954321281573,direct_digitized_color_sample,image_colorbar_lookup_not_backend_result,valid,25,"[156.8, 41.0, 100.76]",150,2.050795763918518
upper-color-x224-f32,upper_period_map,224,170,0.32,212.2826086956522,-3.2607551933256427,0.03835941829960918,3.7331378299120237,5409.259667312205,direct_digitized_color_sample,image_colorbar_lookup_not_backend_result,valid,25,"[155.0, 41.2, 98.6]",151,1.4921563632022266
upper-color-x224-f38,upper_period_map,224,163,0.38,212.2826086956522,-3.0900096552801406,0.045501515072625794,3.7331378299120237,5409.259667312205,direct_digitized_color_sample,image_colorbar_lookup_not_backend_result,valid,25,"[155.2, 41.4, 98.8]",151,1.1628606528553616
upper-color-x224-f44,upper_period_map,224,156,0.44,212.2826086956522,-2.919264117234639,0.053973390778073504,3.706744868035191,5090.317458567892,direct_digitized_color_sample,image_colorbar_lookup_not_backend_result,valid,25,"[159.16, 42.12, 98.48]",154,2.117273950057445
upper-color-x224-f50,upper_period_map,224,148,0.5,212.2826086956522,-2.748518579189136,0.06402263545363138,3.6627565982404695,4599.98693554429,direct_digitized_color_sample,image_colorbar_lookup_not_backend_result,valid,25,"[165.32, 44.2, 98.04]",159,2.8088998500030122
upper-color-x224-f56,upper_period_map,224,141,0.56,212.2826086956522,-2.5777730411436344,0.07594293764648442,3.6275659824046924,4241.954270692034,direct_digitized_color_sample,image_colorbar_lookup_not_backend_result,valid,25,"[171.4, 45.68, 94.64]",163,0.32381652653491544
upper-color-x224-f62,upper_period_map,224,134,0.62,212.2826086956522,-2.4070275030981314,0.090082667442749,3.5747800586510263,3756.4711576023697,direct_digitized_color_sample,image_colorbar_lookup_not_backend_result,valid,25,"[175.48, 47.48, 89.6]",169,3.2042994076517863
upper-color-x224-f68,upper_period_map,224,127,0.68,212.2826086956522,-2.2362819650526293,0.10685505756145264,3.5219941348973607,3326.5506079103525,direct_digitized_color_sample,image_colorbar_lookup_not_backend_result,valid,25,"[182.72, 52.6, 86.68]",175,2.1023757212899277
upper-color-x224-f74,upper_period_map,224,120,0.74,212.2826086956522,-2.0655364270071286,0.1267502800549054,3.4516129032258065,2828.8694346259695,direct_digitized_color_sample,image_colorbar_lookup_not_backend_result,valid,25,"[192.52, 57.16, 81.56]",183,1.8292431801827
upper-color-x224-f80,upper_period_map,224,113,0.8,212.2826086956522,-1.8947908889616245,0.15034977155627482,3.398826979472141,2505.111031774929,direct_digitized_color_sample,image_colorbar_lookup_not_backend_result,valid,25,"[200.32, 62.4, 76.2]",189,2.3924950685552546
upper-color-x224-f86,upper_period_map,224,106,0.86,212.2826086956522,-1.7240453509161235,0.17834322572882638,3.284457478005865,1925.1185465114856,direct_digitized_color_sample,image_colorbar_lookup_not_backend_result,valid,25,"[213.24, 70.6, 65.04]",202,3.830705162344965
upper-color-x224-f92,upper_period_map,224,99,0.92,212.2826086956522,-1.5532998128706217,0.21154874952010344,3.1524926686217007,1420.668230183496,direct_digitized_color_sample,image_colorbar_lookup_not_backend_result,valid,25,"[222.64, 87.48, 54.28]",217,1.3632314550361637
upper-color-x232-f08,upper_period_map,232,195,0.08,213.3695652173913,-3.872714984953112,0.02080181607156947,3.5747800586510263,3756.4711576023697,direct_digitized_color_sample,image_colorbar_lookup_not_backend_result,valid,25,"[174.64, 52.52, 89.24]",169,3.7065645020913034
upper-color-x232-f14,upper_period_map,232,188,0.14,213.3695652173913,-3.703428810480648,0.024638899351746475,3.6363636363636367,4328.7612810830615,direct_digitized_color_sample,image_colorbar_lookup_not_backend_result,valid,25,"[169.32, 47.04, 92.04]",162,3.5430426218729276
upper-color-x232-f20,upper_period_map,232,181,0.2,213.3695652173913,-3.5341426360081853,0.029183767377657096,3.6627565982404695,4599.98693554429,direct_digitized_color_sample,image_colorbar_lookup_not_backend_result,valid,25,"[164.84, 44.52, 96.76]",159,2.521242000381911
upper-color-x232-f26,upper_period_map,232,174,0.26,213.3695652173913,-3.3648564615357213,0.03456697745278273,3.6891495601173023,4888.206679275213,direct_digitized_color_sample,image_colorbar_lookup_not_backend_result,valid,25,"[161.08, 43.44, 98.08]",156,2.0740062779115056
upper-color-x232-f32,upper_period_map,232,167,0.32,213.3695652173913,-3.1955702870632576,0.04094316935708509,3.706744868035191,5090.317458567892,direct_digitized_color_sample,image_colorbar_lookup_not_backend_result,valid,25,"[160.08, 42.68, 97.48]",154,2.1521266179274634
upper-color-x232-f38,upper_period_map,232,160,0.38,213.3695652173913,-3.026284112590794,0.04849550757779665,3.6891495601173023,4888.206679275213,direct_digitized_color_sample,image_colorbar_lookup_not_backend_result,valid,25,"[161.0, 43.12, 97.4]",156,2.1937090015937573
upper-color-x232-f44,upper_period_map,232,153,0.44,213.3695652173913,-2.856997938118331,0.057440942949892985,3.6627565982404695,4599.98693554429,direct_digitized_color_sample,image_colorbar_lookup_not_backend_result,valid,25,"[164.36, 43.48, 96.16]",159,3.7431962768931784
upper-color-x232-f50,upper_period_map,232,146,0.5,213.3695652173913,-2.6877117636458667,0.06803644485378069,3.6539589442815252,4507.740889208264,direct_digitized_color_sample,image_colorbar_lookup_not_backend_result,valid,25,"[168.8, 45.8, 95.36]",160,1.3038436115061285
upper-color-x232-f56,upper_period_map,232,139,0.56,213.3695652173913,-2.518425589173403,0.08058638299826448,3.618768328445748,4156.888048615197,direct_digitized_color_sample,image_colorbar_lookup_not_backend_result,valid,25,"[173.2, 47.2, 94.2]",164,0.3867710391623074
upper-color-x232-f62,upper_period_map,232,132,0.62,213.3695652173913,-2.3491394147009386,0.09545127084020626,3.530791788856305,3394.624871506797,direct_digitized_color_sample,image_colorbar_lookup_not_backend_result,valid,25,"[180.44, 63.24, 98.04]",174,12.513468009814593
upper-color-x232-f68,upper_period_map,232,125,0.68,213.3695652173913,-2.1798532402284763,0.11305812180708749,3.504398826979472,3194.4700959985375,direct_digitized_color_sample,image_colorbar_lookup_not_backend_result,valid,25,"[186.84, 53.88, 84.48]",177,0.7930771895417335
upper-color-x232-f74,upper_period_map,232,118,0.74,213.3695652173913,-2.0105670657560117,0.13391271581857378,3.442815249266862,2772.140573304932,direct_digitized_color_sample,image_colorbar_lookup_not_backend_result,valid,25,"[194.0, 58.68, 79.64]",184,1.688665697151063
upper-color-x232-f80,upper_period_map,232,111,0.8,213.3695652173913,-1.841280891283548,0.15861412847902012,3.3636363636363638,2310.1297000831605,direct_digitized_color_sample,image_colorbar_lookup_not_backend_result,valid,25,"[202.36, 63.96, 73.56]",193,2.03597842897838
upper-color-x232-f86,upper_period_map,232,104,0.86,213.3695652173913,-1.671994716811085,0.1878719403110605,3.2756598240469206,1886.5130945542987,direct_digitized_color_sample,image_colorbar_lookup_not_backend_result,valid,25,"[213.76, 72.72, 67.44]",203,1.966040255364629
upper-color-x232-f92,upper_period_map,232,97,0.92,213.3695652173913,-1.5027085423386213,0.22252662038811544,3.1436950146627565,1392.1787954903255,direct_digitized_color_sample,image_colorbar_lookup_not_backend_result,valid,25,"[227.0, 86.44, 52.24]",218,4.273957206627328
upper-color-x240-f08,upper_period_map,240,192,0.08,214.45652173913044,-3.7997468063011883,0.02237643671175974,3.5483870967741935,3534.981105030106,direct_digitized_color_sample,image_colorbar_lookup_not_backend_result,valid,25,"[178.64, 53.28, 87.08]",172,3.0686219735129585
upper-color-x240-f14,upper_period_map,240,185,0.14,214.45652173913044,-3.6304606318287242,0.02650397302307153,3.6275659824046924,4241.954270692034,direct_digitized_color_sample,image_colorbar_lookup_not_backend_result,valid,25,"[170.04, 49.08, 88.84]",163,6.71783553577447
upper-color-x240-f20,upper_period_map,240,178,0.2,214.45652173913044,-3.4611744573562615,0.031392870770998615,3.6539589442815252,4507.740889208264,direct_digitized_color_sample,image_colorbar_lookup_not_backend_result,valid,25,"[165.28, 46.92, 93.0]",160,4.3290787067203516
upper-color-x240-f26,upper_period_map,240,171,0.26,214.45652173913044,-3.2918882828837974,0.03718356996465166,3.671554252199414,4694.120697539617,direct_digitized_color_sample,image_colorbar_lookup_not_backend_result,valid,25,"[163.88, 44.36, 94.32]",158,3.890369060715382
upper-color-x240-f32,upper_period_map,240,164,0.32,214.45652173913044,-3.122602108411334,0.04404241604413684,3.671554252199414,4694.120697539617,direct_digitized_color_sample,image_colorbar_lookup_not_backend_result,valid,25,"[161.96, 44.72, 96.24]",158,1.6571576354020916
upper-color-x240-f38,upper_period_map,240,157,0.38,214.45652173913044,-2.9533159339388706,0.05216643837180882,3.671554252199414,4694.120697539617,direct_digitized_color_sample,image_colorbar_lookup_not_backend_result,valid,25,"[162.44, 44.24, 95.88]",158,2.3384732504044514
upper-color-x240-f44,upper_period_map,240,150,0.44,214.45652173913044,-2.784029759466407,0.06178901015949163,3.6539589442815252,4507.740889208264,direct_digitized_color_sample,image_colorbar_lookup_not_backend_result,valid,25,"[165.84, 44.2, 93.44]",160,3.224177794256943
upper-color-x240-f50,upper_period_map,240,143,0.5,214.45652173913044,-2.6147435849939424,0.07318655242051138,3.6539589442815252,4507.740889208264,direct_digitized_color_sample,image_colorbar_lookup_not_backend_result,valid,25,"[167.6, 47.92, 93.44]",160,3.8156230935244073
upper-color-x240-f56,upper_period_map,240,136,0.56,214.45652173913044,-2.4454574105214792,0.08668647452636785,3.592375366568915,3911.7885087021923,direct_digitized_color_sample,image_colorbar_lookup_not_backend_result,valid,25,"[171.88, 50.48, 91.36]",167,4.26067830184782
upper-color-x240-f62,upper_period_map,240,129,0.62,214.45652173913044,-2.2761712360490147,0.10267657947096565,3.530791788856305,3394.624871506797,direct_digitized_color_sample,image_colorbar_lookup_not_backend_result,valid,25,"[180.04, 67.88, 97.64]",174,16.02800126309565
upper-color-x240-f68,upper_period_map,240,122,0.68,214.45652173913044,-2.1068850615765524,0.12161620402097151,3.4780058651026393,3006.1168996559245,direct_digitized_color_sample,image_colorbar_lookup_not_backend_result,valid,25,"[186.72, 57.12, 82.8]",180,3.0704888928013316
upper-color-x240-f74,upper_period_map,240,115,0.74,214.45652173913044,-1.9375988871040877,0.14404941376775196,3.4252199413489737,2662.0728818220628,direct_digitized_color_sample,image_colorbar_lookup_not_backend_result,valid,25,"[193.76, 61.84, 76.84]",186,2.0530276298626995
upper-color-x240-f80,upper_period_map,240,108,0.8,214.45652173913044,-1.7683127126316243,0.17062063212608425,3.346041055718475,2218.4061253255404,direct_digitized_color_sample,image_colorbar_lookup_not_backend_result,valid,25,"[203.44, 68.2, 73.48]",195,1.789059723395934
upper-color-x240-f86,upper_period_map,240,101,0.86,214.45652173913044,-1.5990265381591608,0.20209315224316227,3.2404692082111435,1739.679349157578,direct_digitized_color_sample,image_colorbar_lookup_not_backend_result,valid,25,"[213.36, 77.44, 64.16]",207,2.523162900093463
upper-color-x240-f92,upper_period_map,240,94,0.92,214.45652173913044,-1.4297403636866972,0.23937106359679317,3.126099706744868,1336.9024117359702,direct_digitized_color_sample,image_colorbar_lookup_not_backend_result,valid,25,"[224.0, 91.16, 49.52]",220,2.4955225210487004
upper-color-x248-f08,upper_period_map,248,188,0.08,215.54347826086956,-3.704401719529341,0.024614939600836494,3.5219941348973607,3326.5506079103525,direct_digitized_color_sample,image_colorbar_lookup_not_backend_result,valid,25,"[181.72, 54.84, 85.4]",175,3.2680768856641325
upper-color-x248-f14,upper_period_map,248,181,0.14,215.54347826086956,-3.536574908629916,0.029112870754175336,3.5747800586510263,3756.4711576023697,direct_digitized_color_sample,image_colorbar_lookup_not_backend_result,valid,25,"[174.44, 50.6, 88.04]",169,3.73962455825911
upper-color-x248-f20,upper_period_map,248,174,0.2,215.54347826086956,-3.3687480977304904,0.03443271676849921,3.6275659824046924,4241.954270692034,direct_digitized_color_sample,image_colorbar_lookup_not_backend_result,valid,25,"[170.72, 48.12, 92.44]",163,3.2547723203233203
upper-color-x248-f26,upper_period_map,248,167,0.26,215.54347826086956,-3.200921286831065,0.0407246675901808,3.6539589442815252,4507.740889208264,direct_digitized_color_sample,image_colorbar_lookup_not_backend_result,valid,25,"[166.12, 46.44, 93.36]",160,3.382223637593149
upper-color-x248-f32,upper_period_map,248,160,0.32,215.54347826086956,-3.03309447593164,0.048166357638326114,3.6627565982404695,4599.98693554429,direct_digitized_color_sample,image_colorbar_lookup_not_backend_result,valid,25,"[165.44, 46.44, 96.12]",159,1.5506970124720683
upper-color-x248-f38,upper_period_map,248,153,0.38,215.54347826086956,-2.865267665032215,0.05696788078148771,3.6539589442815252,4507.740889208264,direct_digitized_color_sample,image_colorbar_lookup_not_backend_result,valid,25,"[167.32, 45.72, 93.92]",160,2.1160359550974817
upper-color-x248-f44,upper_period_map,248,146,0.44,215.54347826086956,-2.69744085413279,0.06737772170988222,3.6275659824046924,4241.954270692034,direct_digitized_color_sample,image_colorbar_lookup_not_backend_result,valid,25,"[171.76, 47.16, 93.32]",163,1.8255801426239449
upper-color-x248-f50,upper_period_map,248,140,0.5,215.54347826086956,-2.529614043233364,0.07968977115767276,3.592375366568915,3911.7885087021923,direct_digitized_color_sample,image_colorbar_lookup_not_backend_result,valid,25,"[175.08, 49.28, 91.84]",167,0.9903575936323677
upper-color-x248-f56,upper_period_map,248,133,0.56,215.54347826086956,-2.361787232333939,0.09425162302914185,3.5395894428152492,3464.092201348252,direct_digitized_color_sample,image_colorbar_lookup_not_backend_result,valid,25,"[178.84, 56.16, 89.96]",173,3.6287041595521408
upper-color-x248-f62,upper_period_map,248,126,0.62,215.54347826086956,-2.193960421434514,0.11147438767330611,3.504398826979472,3194.4700959985375,direct_digitized_color_sample,image_colorbar_lookup_not_backend_result,valid,25,"[184.08, 55.48, 85.48]",177,2.8329792495836292
upper-color-x248-f68,upper_period_map,248,119,0.68,215.54347826086956,-2.026133610535089,0.131844298355439,3.4516129032258065,2828.8694346259695,direct_digitized_color_sample,image_colorbar_lookup_not_backend_result,valid,25,"[191.6, 59.72, 81.2]",183,1.4978324475108455
upper-color-x248-f74,upper_period_map,248,112,0.74,215.54347826086956,-1.858306799635664,0.15593643859952383,3.3900293255131966,2454.874674247827,direct_digitized_color_sample,image_colorbar_lookup_not_backend_result,valid,25,"[199.16, 65.08, 75.48]",190,0.6127489081914348
upper-color-x248-f80,upper_period_map,248,105,0.8,215.54347826086956,-1.690479988736238,0.18443097795210778,3.3196480938416424,2087.603872703268,direct_digitized_color_sample,image_colorbar_lookup_not_backend_result,valid,25,"[206.16, 69.56, 71.12]",198,2.066725695887293
upper-color-x248-f86,upper_period_map,248,98,0.86,215.54347826086956,-1.522653177836814,0.2181323745358044,3.222873900293255,1670.605474720572,direct_digitized_color_sample,image_colorbar_lookup_not_backend_result,valid,25,"[216.6, 79.76, 59.12]",209,2.4172762543399804
upper-color-x248-f92,upper_period_map,248,91,0.92,215.54347826086956,-1.354826366937387,0.25799208651913347,3.099706744868035,1258.0756157787816,direct_digitized_color_sample,image_colorbar_lookup_not_backend_result,valid,25,"[217.76, 99.6, 49.36]",223,11.24948325343826
upper-color-x256-f08,upper_period_map,256,185,0.08,216.6304347826087,-3.631433540877417,0.02647819960751867,3.495601173020528,3130.4096452573517,direct_digitized_color_sample,image_colorbar_lookup_not_backend_result,valid,25,"[186.6, 57.0, 84.92]",178,2.436012130930566
upper-color-x256-f14,upper_period_map,256,178,0.14,216.6304347826087,-3.463606729977992,0.031316607534992734,3.5483870967741935,3534.981105030106,direct_digitized_color_sample,image_colorbar_lookup_not_backend_result,valid,25,"[179.68, 52.12, 87.64]",172,1.970463531916342
upper-color-x256-f20,upper_period_map,256,171,0.2,216.6304347826087,-3.2957799190785666,0.037039146242491466,3.592375366568915,3911.7885087021923,direct_digitized_color_sample,image_colorbar_lookup_not_backend_result,valid,25,"[174.44, 49.8, 92.8]",167,1.4855521889595378
upper-color-x256-f26,upper_period_map,256,164,0.26,216.6304347826087,-3.1279531081791414,0.04380737450056585,3.609970674486804,4073.527705875253,direct_digitized_color_sample,image_colorbar_lookup_not_backend_result,valid,25,"[170.24, 49.8, 94.8]",165,4.057299795757396
upper-color-x256-f32,upper_period_map,256,157,0.32,216.6304347826087,-2.9601262972797158,0.051812372997713546,3.6275659824046924,4241.954270692034,direct_digitized_color_sample,image_colorbar_lookup_not_backend_result,valid,25,"[170.68, 48.56, 92.28]",163,3.693445932613993
upper-color-x256-f38,upper_period_map,256,150,0.38,216.6304347826087,-2.792299486380291,0.06128013893230508,3.609970674486804,4073.527705875253,direct_digitized_color_sample,image_colorbar_lookup_not_backend_result,valid,25,"[172.6, 49.44, 92.24]",165,2.9058308727839854
upper-color-x256-f44,upper_period_map,256,143,0.44,216.6304347826087,-2.624472675480866,0.07247796636776954,3.592375366568915,3911.7885087021923,direct_digitized_color_sample,image_colorbar_lookup_not_backend_result,valid,25,"[173.4, 50.16, 90.0]",167,3.6267273154192554
upper-color-x256-f50,upper_period_map,256,136,0.5,216.6304347826087,-2.456645864581441,0.08572199248129114,3.565982404692082,3681.140593120422,direct_digitized_color_sample,image_colorbar_lookup_not_backend_result,valid,25,"[176.44, 51.72, 87.88]",170,2.9626711609902388
upper-color-x256-f56,upper_period_map,256,130,0.56,216.6304347826087,-2.288819053682015,0.10138612275178659,3.530791788856305,3394.624871506797,direct_digitized_color_sample,image_colorbar_lookup_not_backend_result,valid,25,"[181.12, 68.68, 95.84]",174,15.80856626474833
upper-color-x256-f62,upper_period_map,256,123,0.62,216.6304347826087,-2.12099224278259,0.11991258706315949,3.4780058651026393,3006.1168996559245,direct_digitized_color_sample,image_colorbar_lookup_not_backend_result,valid,25,"[189.92, 57.0, 84.04]",180,0.7893681275655362
upper-color-x256-f68,upper_period_map,256,116,0.68,216.6304347826087,-1.9531654318831648,0.141824424742847,3.4252199413489737,2662.0728818220628,direct_digitized_color_sample,image_colorbar_lookup_not_backend_result,valid,25,"[196.2, 61.48, 77.64]",186,0.6350317363112004
upper-color-x256-f74,upper_period_map,256,109,0.74,216.6304347826087,-1.7853386209837399,0.167740251013391,3.3636363636363638,2310.1297000831605,direct_digitized_color_sample,image_colorbar_lookup_not_backend_result,valid,25,"[202.56, 66.8, 72.08]",193,2.7177421601357987
upper-color-x256-f80,upper_period_map,256,102,0.8,216.6304347826087,-1.6175118100843138,0.19839172174364514,3.284457478005865,1925.1185465114856,direct_digitized_color_sample,image_colorbar_lookup_not_backend_result,valid,25,"[210.72, 73.2, 65.72]",202,1.7681028689253535
upper-color-x256-f86,upper_period_map,256,95,0.86,216.6304347826087,-1.44968499918489,0.2346441895646485,3.187683284457478,1540.5765554188256,direct_digitized_color_sample,image_colorbar_lookup_not_backend_result,valid,25,"[222.6, 83.0, 59.0]",213,2.3762859032274584
upper-color-x256-f92,upper_period_map,256,88,0.92,216.6304347826087,-1.2818581882854638,0.2775211345138418,3.0469208211143695,1114.091398251884,direct_digitized_color_sample,image_colorbar_lookup_not_backend_result,valid,25,"[233.24, 98.36, 43.36]",229,2.6951702835151026
upper-color-x264-f08,upper_period_map,264,182,0.08,217.7173913043478,-3.5565195441281086,0.028537977236549095,3.4516129032258065,2828.8694346259695,direct_digitized_color_sample,image_colorbar_lookup_not_backend_result,valid,25,"[188.44, 61.36, 76.28]",183,6.169590334694777
upper-color-x264-f14,upper_period_map,264,175,0.14,217.7173913043478,-3.387233369655645,0.033802065474214806,3.5131964809384164,3259.8414746418844,direct_digitized_color_sample,image_colorbar_lookup_not_backend_result,valid,25,"[188.2, 51.72, 89.0]",176,4.060013069246068
upper-color-x264-f20,upper_period_map,264,168,0.2,217.7173913043478,-3.2179471951831813,0.04003716243980257,3.5483870967741935,3534.981105030106,direct_digitized_color_sample,image_colorbar_lookup_not_backend_result,valid,25,"[180.32, 51.48, 89.6]",172,0.8834902953857589
upper-color-x264-f26,upper_period_map,264,161,0.26,217.7173913043478,-3.048661020710717,0.0474223794831098,3.5747800586510263,3756.4711576023697,direct_digitized_color_sample,image_colorbar_lookup_not_backend_result,valid,25,"[176.08, 50.12, 90.24]",169,1.0361979166399418
upper-color-x264-f32,upper_period_map,264,154,0.32,217.7173913043478,-2.8793748462382527,0.05616986666378659,3.5747800586510263,3756.4711576023697,direct_digitized_color_sample,image_colorbar_lookup_not_backend_result,valid,25,"[178.0, 49.4, 90.2]",169,1.309696958249873
upper-color-x264-f38,upper_period_map,264,147,0.38,217.7173913043478,-2.7100886717657904,0.06653090704044652,3.5747800586510263,3756.4711576023697,direct_digitized_color_sample,image_colorbar_lookup_not_backend_result,valid,25,"[178.0, 49.4, 90.2]",169,1.309696958249873
upper-color-x264-f44,upper_period_map,264,140,0.44,217.7173913043478,-2.540802497293326,0.07880313510657266,3.5483870967741935,3534.981105030106,direct_digitized_color_sample,image_colorbar_lookup_not_backend_result,valid,25,"[182.84, 49.84, 88.04]",172,3.8719483045967173
upper-color-x264-f50,upper_period_map,264,133,0.5,217.7173913043478,-2.371516322820862,0.09333908673226862,3.5131964809384164,3259.8414746418844,direct_digitized_color_sample,image_colorbar_lookup_not_backend_result,valid,25,"[184.24, 57.52, 89.12]",176,3.7545009723025027
upper-color-x264-f56,upper_period_map,264,126,0.56,217.7173913043478,-2.202230148348399,0.11055632622016473,3.4868035190615836,3067.633833666273,direct_digitized_color_sample,image_colorbar_lookup_not_backend_result,valid,25,"[189.44, 55.16, 85.36]",179,1.3413456539107718
upper-color-x264-f62,upper_period_map,264,119,0.62,217.7173913043478,-2.0329439738759345,0.13094944138845896,3.442815249266862,2772.140573304932,direct_digitized_color_sample,image_colorbar_lookup_not_backend_result,valid,25,"[195.4, 58.68, 79.76]",184,2.259492447973433
upper-color-x264-f68,upper_period_map,264,112,0.68,217.7173913043478,-1.8636577994034709,0.15510425125560834,3.3812316715542523,2405.6457337914976,direct_digitized_color_sample,image_colorbar_lookup_not_backend_result,valid,25,"[201.2, 63.8, 74.4]",191,1.7783275793823414
upper-color-x264-f74,upper_period_map,264,105,0.74,217.7173913043478,-1.6943716249310077,0.18371463446107633,3.3108504398826977,2045.7400138986607,direct_digitized_color_sample,image_colorbar_lookup_not_backend_result,valid,25,"[208.0, 69.68, 67.88]",199,2.739816767298017
upper-color-x264-f80,upper_period_map,264,98,0.8,217.7173913043478,-1.525085450458544,0.2176024618406229,3.231671554252199,1704.7926105426932,direct_digitized_color_sample,image_colorbar_lookup_not_backend_result,valid,25,"[217.8, 77.48, 62.48]",208,1.9165721952464607
upper-color-x264-f86,upper_period_map,264,91,0.86,217.7173913043478,-1.3557992759860806,0.2577412057455443,3.126099706744868,1336.9024117359702,direct_digitized_color_sample,image_colorbar_lookup_not_backend_result,valid,25,"[226.96, 88.16, 47.44]",220,5.384462150768754
upper-color-x264-f92,upper_period_map,264,84,0.92,217.7173913043478,-1.186513101513616,0.30528390431456764,3.002932551319648,1006.7752981368568,direct_digitized_color_sample,image_colorbar_lookup_not_backend_result,valid,25,"[237.04, 105.4, 37.2]",234,1.9479366372798357
upper-color-x272-f08,upper_period_map,272,179,0.08,218.80434782608697,-3.4835513654761847,0.030698196701587365,3.4252199413489737,2662.0728818220628,direct_digitized_color_sample,image_colorbar_lookup_not_backend_result,valid,25,"[197.28, 58.92, 79.0]",186,3.2962415207726035
upper-color-x272-f14,upper_period_map,272,172,0.14,218.80434782608697,-3.3142651910037206,0.03636075697468945,3.4780058651026393,3006.1168996559245,direct_digitized_color_sample,image_colorbar_lookup_not_backend_result,valid,25,"[189.8, 55.32, 83.88]",180,1.079901734002701
upper-color-x272-f20,upper_period_map,272,165,0.2,218.80434782608697,-3.144979016531257,0.043067827749766883,3.5219941348973607,3326.5506079103525,direct_digitized_color_sample,image_colorbar_lookup_not_backend_result,valid,25,"[184.4, 53.16, 87.0]",175,1.8037059355784257
upper-color-x272-f26,upper_period_map,272,158,0.26,218.80434782608697,-2.9756928420587934,0.05101207844420663,3.5483870967741935,3534.981105030106,direct_digitized_color_sample,image_colorbar_lookup_not_backend_result,valid,25,"[181.4, 51.16, 87.88]",172,2.30199558502388
upper-color-x272-f32,upper_period_map,272,151,0.32,218.80434782608697,-2.806406667586329,0.060421718093547856,3.5483870967741935,3534.981105030106,direct_digitized_color_sample,image_colorbar_lookup_not_backend_result,valid,25,"[180.56, 50.36, 87.16]",172,3.0885938944603857
upper-color-x272-f38,upper_period_map,272,144,0.38,218.80434782608697,-2.637120493113866,0.07156705095576782,3.5483870967741935,3534.981105030106,direct_digitized_color_sample,image_colorbar_lookup_not_backend_result,valid,25,"[179.88, 52.08, 87.76]",172,1.8080409964649413
upper-color-x272-f44,upper_period_map,272,137,0.44,218.80434782608697,-2.4678343186414016,0.08476824135612282,3.5219941348973607,3326.5506079103525,direct_digitized_color_sample,image_colorbar_lookup_not_backend_result,valid,25,"[182.52, 54.4, 87.0]",175,1.4326342227960676
upper-color-x272-f50,upper_period_map,272,130,0.5,218.80434782608697,-2.2985481441689384,0.10040451082790869,3.5131964809384164,3259.8414746418844,direct_digitized_color_sample,image_colorbar_lookup_not_backend_result,valid,25,"[185.52, 69.56, 94.6]",176,16.4047255511381
upper-color-x272-f56,upper_period_map,272,123,0.56,218.80434782608697,-2.129261969696474,0.11892503174909254,3.4516129032258065,2828.8694346259695,direct_digitized_color_sample,image_colorbar_lookup_not_backend_result,valid,25,"[191.76, 57.48, 79.12]",183,1.6764125935083742
upper-color-x272-f62,upper_period_map,272,116,0.62,218.80434782608697,-1.9599757952240104,0.1408618304088324,3.407624633431085,2556.375422074565,direct_digitized_color_sample,image_colorbar_lookup_not_backend_result,valid,25,"[197.72, 61.12, 75.08]",188,2.3994931437574034
upper-color-x272-f68,upper_period_map,272,109,0.68,218.80434782608697,-1.7906896207515468,0.16684507016142186,3.337243401759531,2173.9192176242054,direct_digitized_color_sample,image_colorbar_lookup_not_backend_result,valid,25,"[204.52, 66.04, 69.52]",196,4.625302196415192
upper-color-x272-f74,upper_period_map,272,102,0.74,218.80434782608697,-1.6214034462790836,0.1976211536963267,3.2756598240469206,1886.5130945542987,direct_digitized_color_sample,image_colorbar_lookup_not_backend_result,valid,25,"[212.56, 71.88, 64.28]",203,3.376278593785941
upper-color-x272-f80,upper_period_map,272,95,0.8,218.80434782608697,-1.45211727180662,0.23407416443579965,3.196480938416422,1572.1027899137107,direct_digitized_color_sample,image_colorbar_lookup_not_backend_result,valid,25,"[220.92, 80.4, 59.56]",212,2.5260277762785126
upper-color-x272-f86,upper_period_map,272,88,0.86,218.80434782608697,-1.2828310973341566,0.27725126299237973,3.099706744868035,1258.0756157787816,direct_digitized_color_sample,image_colorbar_lookup_not_backend_result,valid,25,"[228.4, 92.48, 46.28]",223,4.0536987393475306
upper-color-x272-f92,upper_period_map,272,81,0.92,218.80434782608697,-1.113544922861692,0.32839276823287655,2.9589442815249267,909.7965414049394,direct_digitized_color_sample,image_colorbar_lookup_not_backend_result,valid,25,"[238.16, 111.16, 32.96]",239,3.899966509537004
upper-color-x280-f08,upper_period_map,280,176,0.08,219.8913043478261,-3.4144748230190296,0.03289367716815893,3.346041055718475,2218.4061253255404,direct_digitized_color_sample,image_colorbar_lookup_not_backend_result,valid,25,"[202.64, 74.0, 86.4]",195,13.79018461938544
upper-color-x280-f14,upper_period_map,280,169,0.14,219.8913043478261,-3.2481073756926433,0.038847662328919945,3.4604105571847508,2886.7591907940327,direct_digitized_color_sample,image_colorbar_lookup_not_backend_result,valid,25,"[193.04, 70.2, 89.12]",182,12.438907032503511
upper-color-x280-f20,upper_period_map,280,162,0.2,219.8913043478261,-3.081739928366255,0.04587936036177299,3.4604105571847508,2886.7591907940327,direct_digitized_color_sample,image_colorbar_lookup_not_backend_result,valid,25,"[190.32, 69.64, 94.96]",182,15.879762759755645
upper-color-x280-f26,upper_period_map,280,155,0.26,219.8913043478261,-2.9153724810398693,0.05418384481885359,3.530791788856305,3394.624871506797,direct_digitized_color_sample,image_colorbar_lookup_not_backend_result,valid,25,"[185.08, 65.48, 94.28]",174,12.525773266284503
upper-color-x280-f32,upper_period_map,280,149,0.32,219.8913043478261,-2.7490050337134817,0.0639914989268206,3.530791788856305,3394.624871506797,direct_digitized_color_sample,image_colorbar_lookup_not_backend_result,valid,25,"[185.56, 65.96, 94.76]",174,13.251566869234592
upper-color-x280-f38,upper_period_map,280,142,0.38,219.8913043478261,-2.5826375863870963,0.0755744068844008,3.5131964809384164,3259.8414746418844,direct_digitized_color_sample,image_colorbar_lookup_not_backend_result,valid,25,"[187.64, 65.12, 95.28]",176,13.043410722096661
upper-color-x280-f44,upper_period_map,280,135,0.44,219.8913043478261,-2.416270139060709,0.08925390202940121,3.469208211143695,2945.8335982677304,direct_digitized_color_sample,image_colorbar_lookup_not_backend_result,valid,25,"[188.32, 67.68, 94.44]",181,14.389375048476367
upper-color-x280-f50,upper_period_map,280,128,0.5,219.8913043478261,-2.2499026917343223,0.1054094812766337,3.4604105571847508,2886.7591907940327,direct_digitized_color_sample,image_colorbar_lookup_not_backend_result,valid,25,"[189.68, 76.72, 97.88]",182,23.03183900958117
upper-color-x280-f56,upper_period_map,280,121,0.56,219.8913043478261,-2.0835352444079356,0.12448933313132743,3.4604105571847508,2886.7591907940327,direct_digitized_color_sample,image_colorbar_lookup_not_backend_result,valid,25,"[193.96, 71.2, 90.84]",182,14.200217589594772
upper-color-x280-f62,upper_period_map,280,114,0.62,219.8913043478261,-1.9171677970815493,0.1470227713464519,3.3900293255131966,2454.874674247827,direct_digitized_color_sample,image_colorbar_lookup_not_backend_result,valid,25,"[200.92, 75.88, 88.8]",190,16.9107616985306
upper-color-x280-f68,upper_period_map,280,107,0.68,219.8913043478261,-1.7508003497551627,0.17363491915880092,3.3284457478005867,2130.3244301411814,direct_digitized_color_sample,image_colorbar_lookup_not_backend_result,valid,25,"[204.28, 79.08, 80.92]",197,13.004048663114617
upper-color-x280-f74,upper_period_map,280,101,0.74,219.8913043478261,-1.584432902428775,0.2050640514743021,3.2492668621700878,1775.2800071804052,direct_digitized_color_sample,image_colorbar_lookup_not_backend_result,valid,25,"[211.4, 84.32, 76.56]",206,13.654388544735793
upper-color-x280-f80,upper_period_map,280,94,0.8,219.8913043478261,-1.4180654551023897,0.242182076109912,3.2052785923753664,1604.274174731006,direct_digitized_color_sample,image_colorbar_lookup_not_backend_result,valid,25,"[217.8, 89.72, 72.0]",211,13.69547191667407
upper-color-x280-f86,upper_period_map,280,87,0.86,219.8913043478261,-1.251698007776003,0.28601872228325376,3.1085043988269794,1283.8207738079818,direct_digitized_color_sample,image_colorbar_lookup_not_backend_result,valid,25,"[224.96, 99.92, 61.72]",222,11.971908957289674
upper-color-x280-f92,upper_period_map,280,80,0.92,219.8913043478261,-1.0853305604496155,0.33779010738770743,3.0469208211143695,1114.091398251884,direct_digitized_color_sample,image_colorbar_lookup_not_backend_result,valid,25,"[236.0, 113.16, 56.48]",229,17.76827831518052
upper-color-x288-f08,upper_period_map,288,173,0.08,220.97826086956522,-3.3415066443671053,0.035383607029212186,3.3548387096774195,2263.803409521449,direct_digitized_color_sample,image_colorbar_lookup_not_backend_result,valid,25,"[205.56, 65.04, 75.6]",194,2.58529909847418
upper-color-x288-f14,upper_period_map,288,166,0.14,220.97826086956522,-3.175139197040718,0.04178828687419048,3.4252199413489737,2662.0728818220628,direct_digitized_color_sample,image_colorbar_lookup_not_backend_result,valid,25,"[198.56, 59.2, 78.8]",186,3.8828939344414746
upper-color-x288-f20,upper_period_map,288,159,0.2,220.97826086956522,-3.008771749714332,0.04935225847489066,3.4604105571847508,2886.7591907940327,direct_digitized_color_sample,image_colorbar_lookup_not_backend_result,valid,25,"[194.16, 56.16, 82.8]",182,3.303056098802556
upper-color-x288-f26,upper_period_map,288,152,0.26,220.97826086956522,-2.8424043023879455,0.058285361730794835,3.4780058651026393,3006.1168996559245,direct_digitized_color_sample,image_colorbar_lookup_not_backend_result,valid,25,"[190.36, 54.24, 82.6]",180,2.608122320907582
upper-color-x288-f32,upper_period_map,288,146,0.32,220.97826086956522,-2.676036855061558,0.06883541902784487,3.495601173020528,3130.4096452573517,direct_digitized_color_sample,image_colorbar_lookup_not_backend_result,valid,25,"[188.12, 53.8, 83.88]",178,1.7926789894411315
upper-color-x288-f38,upper_period_map,288,139,0.38,220.97826086956522,-2.5096694077351724,0.08129511033360386,3.4780058651026393,3006.1168996559245,direct_digitized_color_sample,image_colorbar_lookup_not_backend_result,valid,25,"[190.92, 53.04, 83.04]",180,3.699670145252603
upper-color-x288-f44,upper_period_map,288,132,0.44,220.97826086956522,-2.343301960408785,0.09601009273263013,3.4604105571847508,2886.7591907940327,direct_digitized_color_sample,image_colorbar_lookup_not_backend_result,valid,25,"[194.28, 67.48, 91.8]",182,11.935388300241888
upper-color-x288-f50,upper_period_map,288,125,0.5,220.97826086956522,-2.176934513082398,0.11338858965442516,3.442815249266862,2772.140573304932,direct_digitized_color_sample,image_colorbar_lookup_not_backend_result,valid,25,"[195.32, 58.48, 79.68]",184,2.369555198077196
upper-color-x288-f56,upper_period_map,288,118,0.56,220.97826086956522,-2.0105670657560117,0.13391271581857378,3.398826979472141,2505.111031774929,direct_digitized_color_sample,image_colorbar_lookup_not_backend_result,valid,25,"[200.28, 61.56, 76.24]",189,3.0222656726234964
upper-color-x288-f62,upper_period_map,288,111,0.62,220.97826086956522,-1.8441996184296252,0.15815185207399968,3.337243401759531,2173.9192176242054,direct_digitized_color_sample,image_colorbar_lookup_not_backend_result,valid,25,"[205.84, 66.2, 71.8]",196,2.6676994598648576
upper-color-x288-f68,upper_period_map,288,104,0.68,220.97826086956522,-1.6778321711032387,0.1867784411774815,3.284457478005865,1925.1185465114856,direct_digitized_color_sample,image_colorbar_lookup_not_backend_result,valid,25,"[212.52, 72.04, 66.52]",202,1.724715889055122
upper-color-x288-f74,upper_period_map,288,98,0.74,220.97826086956522,-1.511464723776851,0.22058664271833253,3.2404692082111435,1739.679349157578,direct_digitized_color_sample,image_colorbar_lookup_not_backend_result,valid,25,"[218.0, 76.36, 61.8]",207,2.9235510976222394
upper-color-x288-f80,upper_period_map,288,91,0.8,220.97826086956522,-1.3450972764504645,0.2605143647146555,3.161290322580645,1449.7406703726315,direct_digitized_color_sample,image_colorbar_lookup_not_backend_result,valid,25,"[225.2, 84.56, 54.32]",216,4.1903533531779615
upper-color-x288-f86,upper_period_map,288,84,0.86,220.97826086956522,-1.178729829124079,0.3076692830822984,3.0821114369501466,1208.1237915195334,direct_digitized_color_sample,image_colorbar_lookup_not_backend_result,valid,25,"[231.32, 93.76, 44.12]",225,4.3154104494171595
upper-color-x288-f92,upper_period_map,288,77,0.92,220.97826086956522,-1.0123623817976914,0.36335957080930387,2.941348973607038,873.6731189508771,direct_digitized_color_sample,image_colorbar_lookup_not_backend_result,valid,25,"[239.8, 113.84, 28.52]",241,4.286366617020783
upper-color-x296-f08,upper_period_map,296,170,0.08,222.06521739130434,-3.2685384657151815,0.038062015383602335,3.3284457478005867,2130.3244301411814,direct_digitized_color_sample,image_colorbar_lookup_not_backend_result,valid,25,"[206.68, 66.84, 71.08]",197,2.9971265150037865
upper-color-x296-f14,upper_period_map,296,163,0.14,222.06521739130434,-3.1021710183887947,0.04495150583564567,3.407624633431085,2556.375422074565,direct_digitized_color_sample,image_colorbar_lookup_not_backend_result,valid,25,"[199.2, 61.76, 76.2]",188,2.2919664491614276
upper-color-x296-f20,upper_period_map,296,156,0.2,222.06521739130434,-2.935803571062408,0.0530880421472008,3.442815249266862,2772.140573304932,direct_digitized_color_sample,image_colorbar_lookup_not_backend_result,valid,25,"[195.44, 58.84, 79.76]",184,2.177637739030287
upper-color-x296-f26,upper_period_map,296,149,0.26,222.06521739130434,-2.769436123736021,0.06269734832304727,3.4516129032258065,2828.8694346259695,direct_digitized_color_sample,image_colorbar_lookup_not_backend_result,valid,25,"[190.84, 57.32, 81.2]",183,1.8256785151872494
upper-color-x296-f32,upper_period_map,296,143,0.32,222.06521739130434,-2.603068676409634,0.07404600598835215,3.469208211143695,2945.8335982677304,direct_digitized_color_sample,image_colorbar_lookup_not_backend_result,valid,25,"[189.68, 58.24, 82.48]",181,1.8594469223784822
upper-color-x296-f38,upper_period_map,296,136,0.38,222.06521739130434,-2.436701229083248,0.08744884990314039,3.469208211143695,2945.8335982677304,direct_digitized_color_sample,image_colorbar_lookup_not_backend_result,valid,25,"[190.76, 58.44, 82.6]",181,1.2777435468154767
upper-color-x296-f44,upper_period_map,296,129,0.44,222.06521739130434,-2.270333781756861,0.10327770211650518,3.4604105571847508,2886.7591907940327,direct_digitized_color_sample,image_colorbar_lookup_not_backend_result,valid,25,"[192.72, 72.68, 91.32]",182,15.682908153887315
upper-color-x296-f50,upper_period_map,296,122,0.5,222.06521739130434,-2.103966334430475,0.12197168706369137,3.407624633431085,2556.375422074565,direct_digitized_color_sample,image_colorbar_lookup_not_backend_result,valid,25,"[198.0, 61.88, 76.48]",188,1.475619551654323
upper-color-x296-f56,upper_period_map,296,115,0.56,222.06521739130434,-1.9375988871040877,0.14404941376775196,3.3636363636363638,2310.1297000831605,direct_digitized_color_sample,image_colorbar_lookup_not_backend_result,valid,25,"[203.0, 64.6, 72.6]",193,2.304742227385501
upper-color-x296-f62,upper_period_map,296,108,0.62,222.06521739130434,-1.7712314397777011,0.170123363104731,3.3108504398826977,2045.7400138986607,direct_digitized_color_sample,image_colorbar_lookup_not_backend_result,valid,25,"[208.12, 68.4, 68.84]",199,2.5848064704723814
upper-color-x296-f68,upper_period_map,296,101,0.68,222.06521739130434,-1.6048639924513135,0.2009168792642692,3.2404692082111435,1739.679349157578,direct_digitized_color_sample,image_colorbar_lookup_not_backend_result,valid,25,"[215.6, 74.0, 63.2]",207,3.0993745254453478
upper-color-x296-f74,upper_period_map,296,95,0.74,222.06521739130434,-1.4384965451249272,0.23728423678317404,3.2052785923753664,1604.274174731006,direct_digitized_color_sample,image_colorbar_lookup_not_backend_result,valid,25,"[220.4, 79.8, 59.2]",211,2.9319144682237273
upper-color-x296-f80,upper_period_map,296,88,0.8,222.06521739130434,-1.2721290977985404,0.2802343398521341,3.1436950146627565,1392.1787954903255,direct_digitized_color_sample,image_colorbar_lookup_not_backend_result,valid,25,"[225.84, 87.64, 50.84]",218,3.4824903123354427
upper-color-x296-f86,upper_period_map,296,81,0.86,222.06521739130434,-1.105761650472155,0.3309587113623639,3.0469208211143695,1114.091398251884,direct_digitized_color_sample,image_colorbar_lookup_not_backend_result,valid,25,"[234.56, 98.44, 44.48]",229,3.1666385963668224
upper-color-x296-f92,upper_period_map,296,74,0.92,222.06521739130434,-0.9393942031457685,0.39086454816505406,2.8885630498533725,773.6829921026147,direct_digitized_color_sample,image_colorbar_lookup_not_backend_result,valid,25,"[240.28, 118.64, 25.16]",247,5.476380452191285
upper-color-x304-f08,upper_period_map,304,167,0.08,223.15217391304347,-3.1955702870632576,0.04094316935708509,3.3108504398826977,2045.7400138986607,direct_digitized_color_sample,image_colorbar_lookup_not_backend_result,valid,25,"[206.0, 71.4, 68.2]",199,3.5036424195516247
upper-color-x304-f14,upper_period_map,304,160,0.14,223.15217391304347,-3.0292028397368704,0.04835416878838568,3.372434017595308,2357.4040081220883,direct_digitized_color_sample,image_colorbar_lookup_not_backend_result,valid,25,"[202.32, 64.2, 76.32]",192,1.944511900352427
upper-color-x304-f20,upper_period_map,304,153,0.2,223.15217391304347,-2.8628353924104837,0.057106610844504274,3.4164222873900294,2608.6888827265566,direct_digitized_color_sample,image_colorbar_lookup_not_backend_result,valid,25,"[197.48, 61.56, 76.2]",187,1.5314125798738598
upper-color-x304-f26,upper_period_map,304,146,0.26,223.15217391304347,-2.6964679450840974,0.06744330600361724,3.442815249266862,2772.140573304932,direct_digitized_color_sample,image_colorbar_lookup_not_backend_result,valid,25,"[194.96, 60.0, 79.92]",184,1.1608582328323727
upper-color-x304-f32,upper_period_map,304,140,0.32,223.15217391304347,-2.5301004977577097,0.07965101513523452,3.442815249266862,2772.140573304932,direct_digitized_color_sample,image_colorbar_lookup_not_backend_result,valid,25,"[196.44, 57.8, 80.8]",184,3.6444153530170103
upper-color-x304-f38,upper_period_map,304,133,0.38,223.15217391304347,-2.363733050431323,0.0940684048277984,3.4604105571847508,2886.7591907940327,direct_digitized_color_sample,image_colorbar_lookup_not_backend_result,valid,25,"[195.8, 63.12, 84.08]",182,4.870882248376678
upper-color-x304-f44,upper_period_map,304,126,0.44,223.15217391304347,-2.1973656031049376,0.11109544268610533,3.4252199413489737,2662.0728818220628,direct_digitized_color_sample,image_colorbar_lookup_not_backend_result,valid,25,"[197.68, 60.52, 77.44]",186,2.3123166226244365
upper-color-x304-f50,upper_period_map,304,119,0.5,223.15217391304347,-2.0309981557785513,0.13120449324313888,3.3812316715542523,2405.6457337914976,direct_digitized_color_sample,image_colorbar_lookup_not_backend_result,valid,25,"[201.04, 64.04, 73.2]",191,2.272806410496026
upper-color-x304-f56,upper_period_map,304,112,0.56,223.15217391304347,-1.8646307084521636,0.15495342230939163,3.337243401759531,2173.9192176242054,direct_digitized_color_sample,image_colorbar_lookup_not_backend_result,valid,25,"[205.36, 68.12, 70.24]",196,3.262083971441373
upper-color-x304-f62,upper_period_map,304,105,0.62,223.15217391304347,-1.698263261125777,0.1830010733008813,3.284457478005865,1925.1185465114856,direct_digitized_color_sample,image_colorbar_lookup_not_backend_result,valid,25,"[210.88, 71.88, 65.68]",202,2.072407650388254
upper-color-x304-f68,upper_period_map,304,98,0.68,223.15217391304347,-1.5318958137993894,0.21612554489056157,3.222873900293255,1670.605474720572,direct_digitized_color_sample,image_colorbar_lookup_not_backend_result,valid,25,"[217.56, 77.04, 60.16]",209,3.127394429611865
upper-color-x304-f74,upper_period_map,304,92,0.74,223.15217391304347,-1.3655283664730031,0.2552457770422112,3.1700879765395893,1479.4080466352243,direct_digitized_color_sample,image_colorbar_lookup_not_backend_result,valid,25,"[222.4, 83.08, 56.08]",215,2.8525935209767304
upper-color-x304-f80,upper_period_map,304,85,0.8,223.15217391304347,-1.1991609191466166,0.3014470442671276,3.099706744868035,1258.0756157787816,direct_digitized_color_sample,image_colorbar_lookup_not_backend_result,valid,25,"[228.6, 92.0, 47.6]",223,3.2607123298382477
upper-color-x304-f86,upper_period_map,304,78,0.86,223.15217391304347,-1.032793471820231,0.3560110633382187,3.0205278592375366,1048.4020445962003,direct_digitized_color_sample,image_colorbar_lookup_not_backend_result,valid,25,"[235.48, 104.12, 40.2]",232,1.0053448996970615
upper-color-x304-f92,upper_period_map,304,71,0.92,223.15217391304347,-0.8664260244938443,0.4204515507104959,2.870967741935484,742.963950759495,direct_digitized_color_sample,image_colorbar_lookup_not_backend_result,valid,25,"[245.08, 121.32, 22.68]",249,4.005987355681192
upper-color-x312-f08,upper_period_map,312,166,0.08,224.23913043478262,-3.1693017427485652,0.04203293746235579,3.2404692082111435,1739.679349157578,direct_digitized_color_sample,image_colorbar_lookup_not_backend_result,valid,25,"[211.0, 76.68, 61.68]",207,5.1607925352446244
upper-color-x312-f14,upper_period_map,312,159,0.14,224.23913043478262,-3.0014749318491396,0.04971368996242892,3.337243401759531,2173.9192176242054,direct_digitized_color_sample,image_colorbar_lookup_not_backend_result,valid,25,"[203.12, 70.24, 69.4]",196,5.122794199278665
upper-color-x312-f20,upper_period_map,312,152,0.2,224.23913043478262,-2.833648120949715,0.058797959859310515,3.3812316715542523,2405.6457337914976,direct_digitized_color_sample,image_colorbar_lookup_not_backend_result,valid,25,"[199.88, 64.92, 73.64]",191,1.511382662008666
upper-color-x312-f26,upper_period_map,312,145,0.26,224.23913043478262,-2.6658213100502888,0.06954221435242224,3.4164222873900294,2608.6888827265566,direct_digitized_color_sample,image_colorbar_lookup_not_backend_result,valid,25,"[197.76, 63.32, 78.48]",187,1.9295214591251617
upper-color-x312-f32,upper_period_map,312,138,0.32,224.23913043478262,-2.4979944991508645,0.08224978534306143,3.4252199413489737,2662.0728818220628,direct_digitized_color_sample,image_colorbar_lookup_not_backend_result,valid,25,"[195.2, 62.92, 80.24]",186,2.9566114084215034
upper-color-x312-f38,upper_period_map,312,131,0.38,224.23913043478262,-2.330167688251439,0.09727943310370102,3.3900293255131966,2454.874674247827,direct_digitized_color_sample,image_colorbar_lookup_not_backend_result,valid,25,"[196.4, 75.64, 89.08]",190,17.235277065083807
upper-color-x312-f44,upper_period_map,312,124,0.44,224.23913043478262,-2.1623408773520145,0.115055474801622,3.398826979472141,2505.111031774929,direct_digitized_color_sample,image_colorbar_lookup_not_backend_result,valid,25,"[200.0, 61.68, 77.4]",189,3.152962973173661
upper-color-x312-f50,upper_period_map,312,118,0.5,224.23913043478262,-1.9945140664525887,0.1360797638254644,3.3636363636363638,2310.1297000831605,direct_digitized_color_sample,image_colorbar_lookup_not_backend_result,valid,25,"[202.6, 65.56, 73.88]",193,0.7090090814305697
upper-color-x312-f56,upper_period_map,312,111,0.56,224.23913043478262,-1.8266872555531637,0.16094585811515946,3.3284457478005867,2130.3244301411814,direct_digitized_color_sample,image_colorbar_lookup_not_backend_result,valid,25,"[206.36, 69.4, 72.12]",197,1.236733683572009
upper-color-x312-f62,upper_period_map,312,104,0.62,224.23913043478262,-1.6588604446537376,0.19035577749568203,3.284457478005865,1925.1185465114856,direct_digitized_color_sample,image_colorbar_lookup_not_backend_result,valid,25,"[211.52, 72.68, 66.52]",202,0.9108955001782088
upper-color-x312-f68,upper_period_map,312,97,0.68,224.23913043478262,-1.4910336337543137,0.22513982310783387,3.231671554252199,1704.7926105426932,direct_digitized_color_sample,image_colorbar_lookup_not_backend_result,valid,25,"[218.6, 78.32, 61.56]",208,1.8822153686221816
upper-color-x312-f74,upper_period_map,312,90,0.74,224.23913043478262,-1.3232068228548877,0.26628001847843374,3.1700879765395893,1479.4080466352243,direct_digitized_color_sample,image_colorbar_lookup_not_backend_result,valid,25,"[223.48, 85.72, 54.12]",215,2.7311386576567123
upper-color-x312-f80,upper_period_map,312,83,0.8,224.23913043478262,-1.1553800119554627,0.3149378340184356,3.090909090909091,1232.8467394420659,direct_digitized_color_sample,image_colorbar_lookup_not_backend_result,valid,25,"[229.24, 94.04, 46.68]",224,2.5749911828658245
upper-color-x312-f86,upper_period_map,312,76,0.86,224.23913043478262,-0.9875532010560386,0.3724869776672964,3.002932551319648,1006.7752981368568,direct_digitized_color_sample,image_colorbar_lookup_not_backend_result,valid,25,"[235.36, 106.6, 39.68]",234,2.098094373473225
upper-color-x312-f92,upper_period_map,312,69,0.92,224.23913043478262,-0.8197263901566116,0.4405521774293891,2.870967741935484,742.963950759495,direct_digitized_color_sample,image_colorbar_lookup_not_backend_result,valid,25,"[242.56, 124.44, 23.0]",249,2.1859140898405105
upper-color-x320-f08,upper_period_map,320,162,0.08,225.32608695652175,-3.0739566559767177,0.04623784520338219,3.2756598240469206,1886.5130945542987,direct_digitized_color_sample,image_colorbar_lookup_not_backend_result,valid,25,"[209.08, 80.64, 67.92]",203,7.462542653623021
upper-color-x320-f14,upper_period_map,320,155,0.14,225.32608695652175,-2.9075892086503305,0.05460721791896884,3.3108504398826977,2045.7400138986607,direct_digitized_color_sample,image_colorbar_lookup_not_backend_result,valid,25,"[203.92, 72.68, 69.16]",199,5.245806099414377
upper-color-x320-f20,upper_period_map,320,148,0.2,225.32608695652175,-2.741221761323944,0.06449150551314242,3.3812316715542523,2405.6457337914976,direct_digitized_color_sample,image_colorbar_lookup_not_backend_result,valid,25,"[199.96, 69.8, 75.32]",191,4.549806006180642
upper-color-x320-f26,upper_period_map,320,141,0.26,225.32608695652175,-2.574854313997557,0.07616491815282388,3.3812316715542523,2405.6457337914976,direct_digitized_color_sample,image_colorbar_lookup_not_backend_result,valid,25,"[199.76, 65.92, 75.24]",191,0.9523161882741297
upper-color-x320-f32,upper_period_map,320,135,0.32,225.32608695652175,-2.4084868666711707,0.08995129995909588,3.3900293255131966,2454.874674247827,direct_digitized_color_sample,image_colorbar_lookup_not_backend_result,valid,25,"[197.12, 67.48, 76.84]",190,3.6238146548990624
upper-color-x320-f38,upper_period_map,320,128,0.38,225.32608695652175,-2.242119419344784,0.10623311309934434,3.3900293255131966,2454.874674247827,direct_digitized_color_sample,image_colorbar_lookup_not_backend_result,valid,25,"[198.44, 75.44, 83.04]",190,12.67073697581179
upper-color-x320-f44,upper_period_map,320,121,0.44,225.32608695652175,-2.0757519720183977,0.12546204806278508,3.372434017595308,2357.4040081220883,direct_digitized_color_sample,image_colorbar_lookup_not_backend_result,valid,25,"[202.0, 67.76, 75.16]",192,2.045786112067089
upper-color-x320-f50,upper_period_map,320,114,0.5,225.32608695652175,-1.9093845246920111,0.14817155446991928,3.337243401759531,2173.9192176242054,direct_digitized_color_sample,image_colorbar_lookup_not_backend_result,valid,25,"[204.36, 71.2, 72.48]",196,3.3311761727470284
upper-color-x320-f56,upper_period_map,320,107,0.56,225.32608695652175,-1.7430170773656237,0.17499164004596363,3.3020527859237534,2004.715673882523,direct_digitized_color_sample,image_colorbar_lookup_not_backend_result,valid,25,"[209.04, 74.16, 69.8]",200,2.503845206143246
upper-color-x320-f62,upper_period_map,320,100,0.62,225.32608695652175,-1.576649630039237,0.2066663483117655,3.2404692082111435,1739.679349157578,direct_digitized_color_sample,image_colorbar_lookup_not_backend_result,valid,25,"[214.04, 79.64, 64.0]",207,3.1350838936794303
upper-color-x320-f68,upper_period_map,320,93,0.68,225.32608695652175,-1.4102821827128493,0.24407439985876744,3.187683284457478,1540.5765554188256,direct_digitized_color_sample,image_colorbar_lookup_not_backend_result,valid,25,"[220.84, 83.76, 61.36]",213,1.7011232783555859
upper-color-x320-f74,upper_period_map,320,87,0.74,225.32608695652175,-1.243914735386464,0.2882535698388102,3.1436950146627565,1392.1787954903255,direct_digitized_color_sample,image_colorbar_lookup_not_backend_result,valid,25,"[225.44, 90.2, 55.04]",218,2.192030090661934
upper-color-x320-f80,upper_period_map,320,80,0.8,225.32608695652175,-1.0775472880600774,0.3404294779497466,3.0733137829912023,1183.8966263528173,direct_digitized_color_sample,image_colorbar_lookup_not_backend_result,valid,25,"[229.4, 98.4, 47.64]",226,1.7817693567957462
upper-color-x320-f86,upper_period_map,320,73,0.86,225.32608695652175,-0.911179840733692,0.4020495896093956,2.9853372434017595,966.8013393935634,direct_digitized_color_sample,image_colorbar_lookup_not_backend_result,valid,25,"[236.08, 110.52, 39.44]",236,3.1915053066615595
upper-color-x320-f92,upper_period_map,320,66,0.92,225.32608695652175,-0.7448123934073033,0.47482337157931254,2.8533724340175954,713.4646072909218,direct_digitized_color_sample,image_colorbar_lookup_not_backend_result,valid,25,"[242.76, 129.68, 26.12]",251,3.706022676891319
upper-color-x328-f08,upper_period_map,328,159,0.08,226.41304347826087,-3.0029342954221785,0.049641192527141234,3.231671554252199,1704.7926105426932,direct_digitized_color_sample,image_colorbar_lookup_not_backend_result,valid,25,"[218.56, 77.32, 61.76]",208,2.4635149933477187
upper-color-x328-f14,upper_period_map,328,152,0.14,226.41304347826087,-2.83802621166883,0.05854109974567157,3.284457478005865,1925.1185465114856,direct_digitized_color_sample,image_colorbar_lookup_not_backend_result,valid,25,"[211.04, 71.84, 65.72]",202,2.031358246723268
upper-color-x328-f20,upper_period_map,328,145,0.2,226.41304347826087,-2.673118127915482,0.0690366243228127,3.3284457478005867,2130.3244301411814,direct_digitized_color_sample,image_colorbar_lookup_not_backend_result,valid,25,"[205.48, 68.8, 70.6]",197,2.933339672225681
upper-color-x328-f26,upper_period_map,328,139,0.26,226.41304347826087,-2.508210044162134,0.08141383606722502,3.337243401759531,2173.9192176242054,direct_digitized_color_sample,image_colorbar_lookup_not_backend_result,valid,25,"[207.0, 65.88, 71.16]",196,3.6597646851977323
upper-color-x328-f32,upper_period_map,328,132,0.32,226.41304347826087,-2.343301960408785,0.09601009273263013,3.346041055718475,2218.4061253255404,direct_digitized_color_sample,image_colorbar_lookup_not_backend_result,valid,25,"[203.84, 77.04, 80.88]",195,11.555384291422289
upper-color-x328-f38,upper_period_map,328,125,0.38,226.41304347826087,-2.178393876655437,0.11322323516259317,3.337243401759531,2173.9192176242054,direct_digitized_color_sample,image_colorbar_lookup_not_backend_result,valid,25,"[206.08, 65.52, 70.84]",196,3.841761925715537
upper-color-x328-f44,upper_period_map,328,118,0.44,226.41304347826087,-2.0134857929020886,0.13352243098424818,3.3108504398826977,2045.7400138986607,direct_digitized_color_sample,image_colorbar_lookup_not_backend_result,valid,25,"[207.96, 67.96, 68.72]",199,3.022292682918801
upper-color-x328-f50,upper_period_map,328,112,0.5,226.41304347826087,-1.8485777091487405,0.15746096241059745,3.293255131964809,1964.5140173268087,direct_digitized_color_sample,image_colorbar_lookup_not_backend_result,valid,25,"[211.0, 70.32, 68.68]",201,1.8731464307470507
upper-color-x328-f56,upper_period_map,328,105,0.56,226.41304347826087,-1.6836696253953924,0.18569130670034428,3.2668621700879763,1848.681818776298,direct_digitized_color_sample,image_colorbar_lookup_not_backend_result,valid,25,"[214.68, 73.64, 65.28]",204,1.6914527025305595
upper-color-x328-f62,upper_period_map,328,98,0.62,226.41304347826087,-1.5187615416420444,0.21898292031371877,3.2140762463343107,1637.1039121749254,direct_digitized_color_sample,image_colorbar_lookup_not_backend_result,valid,25,"[219.0, 79.8, 60.24]",210,1.649628282185952
upper-color-x328-f68,upper_period_map,328,91,0.68,226.41304347826087,-1.3538534578886954,0.2582432114956712,3.1700879765395893,1479.4080466352243,direct_digitized_color_sample,image_colorbar_lookup_not_backend_result,valid,25,"[224.4, 85.16, 55.04]",215,3.1181915219157057
upper-color-x328-f74,upper_period_map,328,84,0.74,226.41304347826087,-1.188945374135347,0.3045422729227342,3.090909090909091,1232.8467394420659,direct_digitized_color_sample,image_colorbar_lookup_not_backend_result,valid,25,"[229.2, 92.68, 46.04]",224,4.0723958750673175
upper-color-x328-f80,upper_period_map,328,78,0.8,226.41304347826087,-1.0240372903820003,0.35914204853551274,3.038123167155425,1091.7499159420975,direct_digitized_color_sample,image_colorbar_lookup_not_backend_result,valid,25,"[234.44, 99.56, 42.48]",230,2.8685216273423144
upper-color-x328-f86,upper_period_map,328,71,0.86,226.41304347826087,-0.8591292066286511,0.42353072953852056,2.941348973607038,873.6731189508771,direct_digitized_color_sample,image_colorbar_lookup_not_backend_result,valid,25,"[241.36, 112.8, 30.68]",241,3.138757065841097
upper-color-x328-f92,upper_period_map,328,64,0.92,226.41304347826087,-0.694221122875302,0.4994633170771541,2.8269794721407626,671.3971171526032,direct_digitized_color_sample,image_colorbar_lookup_not_backend_result,valid,25,"[248.72, 127.96, 22.28]",254,3.5598429224690635
upper-color-x336-f08,upper_period_map,336,156,0.08,227.5,-2.929966116770255,0.05339884743996046,3.196480938416422,1572.1027899137107,direct_digitized_color_sample,image_colorbar_lookup_not_backend_result,valid,25,"[221.36, 80.6, 58.2]",212,3.214540942247872
upper-color-x336-f14,upper_period_map,336,149,0.14,227.5,-2.765058033016906,0.06297244476102133,3.2668621700879763,1848.681818776298,direct_digitized_color_sample,image_colorbar_lookup_not_backend_result,valid,25,"[214.64, 73.16, 64.96]",204,2.1391548970257714
upper-color-x336-f20,upper_period_map,336,142,0.2,227.5,-2.600149949263558,0.07426244178094969,3.293255131964809,1964.5140173268087,direct_digitized_color_sample,image_colorbar_lookup_not_backend_result,valid,25,"[209.28, 70.64, 68.0]",201,2.107915112723705
upper-color-x336-f26,upper_period_map,336,136,0.26,227.5,-2.4352418655102097,0.08757656273625508,3.337243401759531,2173.9192176242054,direct_digitized_color_sample,image_colorbar_lookup_not_backend_result,valid,25,"[204.08, 69.6, 69.6]",196,4.353027564763611
upper-color-x336-f32,upper_period_map,336,129,0.32,227.5,-2.270333781756861,0.10327770211650518,3.3196480938416424,2087.603872703268,direct_digitized_color_sample,image_colorbar_lookup_not_backend_result,valid,25,"[203.28, 82.24, 82.08]",198,16.373764231295162
upper-color-x336-f38,upper_period_map,336,122,0.38,227.5,-2.1054256980035126,0.12179381584760374,3.3108504398826977,2045.7400138986607,direct_digitized_color_sample,image_colorbar_lookup_not_backend_result,valid,25,"[208.0, 68.0, 68.04]",199,3.433860206584905
upper-color-x336-f44,upper_period_map,336,115,0.44,227.5,-1.9405176142501646,0.14362958581307728,3.293255131964809,1964.5140173268087,direct_digitized_color_sample,image_colorbar_lookup_not_backend_result,valid,25,"[209.32, 70.32, 66.44]",201,2.9903641167958934
upper-color-x336-f50,upper_period_map,336,108,0.5,227.5,-1.7756095304968165,0.1693801756457736,3.2668621700879763,1848.681818776298,direct_digitized_color_sample,image_colorbar_lookup_not_backend_result,valid,25,"[214.4, 73.2, 65.6]",204,1.729338672700617
upper-color-x336-f56,upper_period_map,336,102,0.56,227.5,-1.6107014467434675,0.19974745272280103,3.2404692082111435,1739.679349157578,direct_digitized_color_sample,image_colorbar_lookup_not_backend_result,valid,25,"[217.0, 77.12, 61.4]",207,2.4883631206896193
upper-color-x336-f62,upper_period_map,336,95,0.62,227.5,-1.4457933629901203,0.23555911851625902,3.1788856304985336,1509.6825336951433,direct_digitized_color_sample,image_colorbar_lookup_not_backend_result,valid,25,"[222.0, 82.64, 57.4]",214,2.595916730842763
upper-color-x336-f68,upper_period_map,336,88,0.68,227.5,-1.2808852792367713,0.27779126872351423,3.134897360703812,1364.260674966003,direct_digitized_color_sample,image_colorbar_lookup_not_backend_result,valid,25,"[226.96, 89.0, 51.44]",219,2.649931843559422
upper-color-x336-f74,upper_period_map,336,81,0.74,227.5,-1.1159771954834232,0.3275949980840722,3.0733137829912023,1183.8966263528173,direct_digitized_color_sample,image_colorbar_lookup_not_backend_result,valid,25,"[231.8, 95.88, 45.84]",226,2.5375948760789386
upper-color-x336-f80,upper_period_map,336,75,0.8,227.5,-0.9510691117300762,0.38632777503355337,3.0205278592375366,1048.4020445962003,direct_digitized_color_sample,image_colorbar_lookup_not_backend_result,valid,25,"[237.4, 104.0, 40.32]",232,2.866511781925609
upper-color-x336-f86,upper_period_map,336,68,0.86,227.5,-0.786161027976727,0.45559044135366694,2.897360703812317,789.5155785118634,direct_digitized_color_sample,image_colorbar_lookup_not_backend_result,valid,25,"[242.64, 117.0, 25.88]",246,5.555354100655828
upper-color-x336-f92,upper_period_map,336,61,0.92,227.5,-0.621252944223378,0.5372708452940039,2.747800586510264,559.5006385391669,direct_digitized_color_sample,image_colorbar_lookup_not_backend_result,valid,25,"[247.92, 137.68, 8.32]",263,6.419563212301489
upper-color-x344-f08,upper_period_map,344,155,0.08,228.58695652173913,-2.903697572455561,0.05482014339022669,3.1524926686217007,1420.668230183496,direct_digitized_color_sample,image_colorbar_lookup_not_backend_result,valid,25,"[224.32, 85.68, 52.16]",217,3.465602400737852
upper-color-x344-f14,upper_period_map,344,148,0.14,228.58695652173913,-2.737330125129174,0.06474297198088833,3.222873900293255,1670.605474720572,direct_digitized_color_sample,image_colorbar_lookup_not_backend_result,valid,25,"[219.64, 78.56, 60.88]",209,2.5846185523640477
upper-color-x344-f20,upper_period_map,344,141,0.2,228.58695652173913,-2.5709626778027874,0.07646190180643302,3.2668621700879763,1848.681818776298,direct_digitized_color_sample,image_colorbar_lookup_not_backend_result,valid,25,"[215.12, 73.56, 63.56]",204,3.142916882549105
upper-color-x344-f26,upper_period_map,344,134,0.26,228.58695652173913,-2.404595230476402,0.09030203972691307,3.293255131964809,1964.5140173268087,direct_digitized_color_sample,image_colorbar_lookup_not_backend_result,valid,25,"[209.64, 70.52, 67.0]",201,2.3726760918285397
upper-color-x344-f32,upper_period_map,344,128,0.32,228.58695652173913,-2.238227783150015,0.10664733921325169,3.3020527859237534,2004.715673882523,direct_digitized_color_sample,image_colorbar_lookup_not_backend_result,valid,25,"[208.72, 79.68, 75.48]",200,9.558337315919442
upper-color-x344-f38,upper_period_map,344,121,0.38,228.58695652173913,-2.071860335823628,0.12595125199455073,3.293255131964809,1964.5140173268087,direct_digitized_color_sample,image_colorbar_lookup_not_backend_result,valid,25,"[210.48, 71.48, 67.36]",201,1.2200669101758843
upper-color-x344-f44,upper_period_map,344,114,0.44,228.58695652173913,-1.9054928884972415,0.1487493077279104,3.2756598240469206,1886.5130945542987,direct_digitized_color_sample,image_colorbar_lookup_not_backend_result,valid,25,"[211.6, 73.0, 64.92]",203,2.393885067058516
upper-color-x344-f50,upper_period_map,344,107,0.5,228.58695652173913,-1.739125441170854,0.17567397067628912,3.2404692082111435,1739.679349157578,direct_digitized_color_sample,image_colorbar_lookup_not_backend_result,valid,25,"[215.8, 75.8, 60.96]",207,2.904529889250756
upper-color-x344-f56,upper_period_map,344,100,0.56,228.58695652173913,-1.5727579938444674,0.2074721855487535,3.196480938416422,1572.1027899137107,direct_digitized_color_sample,image_colorbar_lookup_not_backend_result,valid,25,"[219.32, 80.52, 57.72]",212,3.1456117798272234
upper-color-x344-f62,upper_period_map,344,93,0.62,228.58695652173913,-1.406390546518081,0.2450260992602826,3.1700879765395893,1479.4080466352243,direct_digitized_color_sample,image_colorbar_lookup_not_backend_result,valid,25,"[224.0, 84.88, 54.52]",215,3.043142843730302
upper-color-x344-f68,upper_period_map,344,86,0.68,228.58695652173913,-1.2400230991916954,0.28937753347473,3.099706744868035,1258.0756157787816,direct_digitized_color_sample,image_colorbar_lookup_not_backend_result,valid,25,"[228.4, 91.08, 49.32]",223,3.115567233052994
upper-color-x344-f74,upper_period_map,344,80,0.74,228.58695652173913,-1.0736556518653078,0.3417568868488792,3.064516129032258,1160.1553017399715,direct_digitized_color_sample,image_colorbar_lookup_not_backend_result,valid,25,"[232.6, 97.0, 45.44]",227,2.6379351851052575
upper-color-x344-f80,upper_period_map,344,73,0.8,228.58695652173913,-0.9072882045389212,0.40361726878440246,2.9853372434017595,966.8013393935634,direct_digitized_color_sample,image_colorbar_lookup_not_backend_result,valid,25,"[239.2, 107.88, 35.92]",236,2.2332789109015314
upper-color-x344-f86,upper_period_map,344,66,0.86,228.58695652173913,-0.7409207572125348,0.4766748116271788,2.870967741935484,742.963950759495,direct_digitized_color_sample,image_colorbar_lookup_not_backend_result,valid,25,"[243.6, 120.08, 24.68]",249,3.616208410103889
upper-color-x344-f92,upper_period_map,344,59,0.92,228.58695652173913,-0.5745533098861472,0.5629562796560587,2.7302052785923756,537.285695956447,direct_digitized_color_sample,image_colorbar_lookup_not_backend_result,valid,25,"[250.16, 140.04, 6.96]",265,6.35658296089774
upper-color-x352-f08,upper_period_map,352,151,0.08,229.67391304347825,-2.808352485683715,0.060304262731450065,3.161290322580645,1449.7406703726315,direct_digitized_color_sample,image_colorbar_lookup_not_backend_result,valid,25,"[219.96, 95.4, 61.08]",216,9.660652363149838
upper-color-x352-f14,upper_period_map,352,144,0.14,229.67391304347825,-2.643444401930366,0.07111589548782156,3.187683284457478,1540.5765554188256,direct_digitized_color_sample,image_colorbar_lookup_not_backend_result,valid,25,"[217.4, 90.4, 69.76]",213,12.271280890513331
upper-color-x352-f20,upper_period_map,352,137,0.2,229.67391304347825,-2.478536318177018,0.08386588877733125,3.2492668621700878,1775.2800071804052,direct_digitized_color_sample,image_colorbar_lookup_not_backend_result,valid,25,"[213.36, 86.44, 72.96]",206,12.089534350682255
upper-color-x352-f26,upper_period_map,352,131,0.26,229.67391304347825,-2.31362823442367,0.09890176102213558,3.2492668621700878,1775.2800071804052,direct_digitized_color_sample,image_colorbar_lookup_not_backend_result,valid,25,"[208.96, 95.28, 86.0]",206,28.035549590053094
upper-color-x352-f32,upper_period_map,352,124,0.32,229.67391304347825,-2.1487201506703215,0.1166333353868128,3.3020527859237534,2004.715673882523,direct_digitized_color_sample,image_colorbar_lookup_not_backend_result,valid,25,"[210.92, 82.84, 75.44]",200,12.185433257519792
upper-color-x352-f38,upper_period_map,352,117,0.38,229.67391304347825,-1.9838120669169728,0.13754391006655742,3.2492668621700878,1775.2800071804052,direct_digitized_color_sample,image_colorbar_lookup_not_backend_result,valid,25,"[212.16, 84.4, 75.44]",206,12.61562911468087
upper-color-x352-f44,upper_period_map,352,110,0.44,229.67391304347825,-1.8189039831636244,0.16220343123734615,3.2492668621700878,1775.2800071804052,direct_digitized_color_sample,image_colorbar_lookup_not_backend_result,valid,25,"[215.96, 85.48, 73.4]",206,11.36415596585715
upper-color-x352-f50,upper_period_map,352,104,0.5,229.67391304347825,-1.6539958994102766,0.19128402771476472,3.2052785923753664,1604.274174731006,direct_digitized_color_sample,image_colorbar_lookup_not_backend_result,valid,25,"[218.28, 88.0, 70.16]",211,11.175361017772579
upper-color-x352-f56,upper_period_map,352,97,0.56,229.67391304347825,-1.4890878156569285,0.2255783307397655,3.187683284457478,1540.5765554188256,direct_digitized_color_sample,image_colorbar_lookup_not_backend_result,valid,25,"[221.72, 92.8, 67.72]",213,11.84051605328768
upper-color-x352-f62,upper_period_map,352,90,0.62,229.67391304347825,-1.3241797319035793,0.2660210782220546,3.161290322580645,1449.7406703726315,direct_digitized_color_sample,image_colorbar_lookup_not_backend_result,valid,25,"[222.96, 96.24, 63.12]",216,10.946862750652922
upper-color-x352-f68,upper_period_map,352,83,0.68,229.67391304347825,-1.1592716481502312,0.31371459229416754,3.1085043988269794,1283.8207738079818,direct_digitized_color_sample,image_colorbar_lookup_not_backend_result,valid,25,"[227.68, 102.84, 58.2]",222,11.23576832245657
upper-color-x352-f74,upper_period_map,352,76,0.74,229.67391304347825,-0.9943635643968841,0.36995882460165286,3.0469208211143695,1114.091398251884,direct_digitized_color_sample,image_colorbar_lookup_not_backend_result,valid,25,"[234.88, 110.08, 52.96]",229,12.983653458978994
upper-color-x352-f80,upper_period_map,352,70,0.8,229.67391304347825,-0.8294554806435351,0.43628678825464196,2.9589442815249267,909.7965414049394,direct_digitized_color_sample,image_colorbar_lookup_not_backend_result,valid,25,"[237.52, 118.72, 41.96]",239,8.731154165471164
upper-color-x352-f86,upper_period_map,352,63,0.86,229.67391304347825,-0.6645473968901869,0.5145063421868711,2.8797653958944283,758.1679051819497,direct_digitized_color_sample,image_colorbar_lookup_not_backend_result,valid,25,"[242.4, 129.12, 31.56]",248,7.191650487523283
upper-color-x352-f92,upper_period_map,352,56,0.92,229.67391304347825,-0.49963931313683785,0.6067494668117478,2.7565982404692084,570.9502145232882,direct_digitized_color_sample,image_colorbar_lookup_not_backend_result,valid,25,"[247.68, 144.36, 24.32]",262,9.49049535276302
upper-color-x360-f08,upper_period_map,360,148,0.08,230.76086956521738,-2.737330125129174,0.06474297198088833,3.1173020527859236,1310.0927786766213,direct_digitized_color_sample,image_colorbar_lookup_not_backend_result,valid,25,"[232.52, 87.12, 49.76]",221,8.364377332668893
upper-color-x360-f14,upper_period_map,360,141,0.14,230.76086956521738,-2.5738814049488656,0.07623905574960907,3.1700879765395893,1479.4080466352243,direct_digitized_color_sample,image_colorbar_lookup_not_backend_result,valid,25,"[225.04, 81.0, 54.24]",215,6.207435962173898
upper-color-x360-f20,upper_period_map,360,135,0.2,230.76086956521738,-2.410432684768555,0.08977644126852548,3.222873900293255,1670.605474720572,direct_digitized_color_sample,image_colorbar_lookup_not_backend_result,valid,25,"[218.8, 79.12, 60.12]",209,1.968326752366501
upper-color-x360-f26,upper_period_map,360,128,0.26,230.76086956521738,-2.2469839645882455,0.10571759221824209,3.231671554252199,1704.7926105426932,direct_digitized_color_sample,image_colorbar_lookup_not_backend_result,valid,25,"[216.2, 83.84, 68.28]",208,7.196974988117711
upper-color-x360-f32,upper_period_map,360,121,0.32,230.76086956521738,-2.0835352444079356,0.12448933313132743,3.2404692082111435,1739.679349157578,direct_digitized_color_sample,image_colorbar_lookup_not_backend_result,valid,25,"[217.52, 75.32, 60.32]",207,4.080078030466322
upper-color-x360-f38,upper_period_map,360,114,0.38,230.76086956521738,-1.9200865242276262,0.1465942776249536,3.2404692082111435,1739.679349157578,direct_digitized_color_sample,image_colorbar_lookup_not_backend_result,valid,25,"[218.16, 76.0, 60.8]",207,3.8034205872168974
upper-color-x360-f44,upper_period_map,360,108,0.44,230.76086956521738,-1.7566378040473165,0.17262428588730308,3.222873900293255,1670.605474720572,direct_digitized_color_sample,image_colorbar_lookup_not_backend_result,valid,25,"[218.52, 77.88, 58.76]",209,3.4615308634139588
upper-color-x360-f50,upper_period_map,360,101,0.5,230.76086956521738,-1.593189083867006,0.20327631174212285,3.1700879765395893,1479.4080466352243,direct_digitized_color_sample,image_colorbar_lookup_not_backend_result,valid,25,"[221.72, 82.36, 54.84]",215,3.6234677268256408
upper-color-x360-f56,upper_period_map,360,94,0.56,230.76086956521738,-1.4297403636866972,0.23937106359679317,3.1524926686217007,1420.668230183496,direct_digitized_color_sample,image_colorbar_lookup_not_backend_result,valid,25,"[226.2, 84.68, 52.16]",217,5.026728558416488
upper-color-x360-f62,upper_period_map,360,88,0.62,230.76086956521738,-1.2662916435063867,0.2818749789210522,3.099706744868035,1258.0756157787816,direct_digitized_color_sample,image_colorbar_lookup_not_backend_result,valid,25,"[230.8, 89.88, 49.16]",223,5.334332389420109
upper-color-x360-f68,upper_period_map,360,81,0.68,230.76086956521738,-1.1028429233260761,0.33192610062333383,3.0557184750733137,1136.8900748554458,direct_digitized_color_sample,image_colorbar_lookup_not_backend_result,valid,25,"[234.68, 96.04, 43.92]",228,4.99000961104959
upper-color-x360-f74,upper_period_map,360,74,0.74,230.76086956521738,-0.9393942031457685,0.39086454816505406,3.002932551319648,1006.7752981368568,direct_digitized_color_sample,image_colorbar_lookup_not_backend_result,valid,25,"[237.08, 105.08, 38.12]",234,1.9471737760882388
upper-color-x360-f80,upper_period_map,360,67,0.8,230.76086956521738,-0.7759454829654567,0.4602683992773441,2.9149560117302054,822.1593718918116,direct_digitized_color_sample,image_colorbar_lookup_not_backend_result,valid,25,"[241.36, 116.52, 28.16]",244,3.262321697371807
upper-color-x360-f86,upper_period_map,360,61,0.86,230.76086956521738,-0.6124967627851482,0.5419959430136635,2.835777126099707,685.136533658775,direct_digitized_color_sample,image_colorbar_lookup_not_backend_result,valid,25,"[247.0, 127.76, 18.96]",253,3.8947919176295676
upper-color-x360-f92,upper_period_map,360,54,0.92,230.76086956521738,-0.4490480426048386,0.638235435464384,2.703812316715543,505.6061136966767,direct_digitized_color_sample,image_colorbar_lookup_not_backend_result,valid,25,"[249.0, 147.92, 6.44]",268,2.176028961391903
upper-color-x368-f08,upper_period_map,368,146,0.08,231.84782608695653,-2.688684672694558,0.06797028377051867,3.099706744868035,1258.0756157787816,direct_digitized_color_sample,image_colorbar_lookup_not_backend_result,valid,25,"[227.56, 93.0, 50.16]",223,1.028182466137926
upper-color-x368-f14,upper_period_map,368,139,0.14,231.84782608695653,-2.5252359525142496,0.08003942505492347,3.1524926686217007,1420.668230183496,direct_digitized_color_sample,image_colorbar_lookup_not_backend_result,valid,25,"[225.84, 85.92, 53.8]",217,3.488839348551321
upper-color-x368-f20,upper_period_map,368,133,0.2,231.84782608695653,-2.361787232333939,0.09425162302914185,3.187683284457478,1540.5765554188256,direct_digitized_color_sample,image_colorbar_lookup_not_backend_result,valid,25,"[219.48, 84.64, 62.68]",213,3.224104368594765
upper-color-x368-f26,upper_period_map,368,126,0.26,231.84782608695653,-2.1983385121536294,0.11098740948640796,3.222873900293255,1670.605474720572,direct_digitized_color_sample,image_colorbar_lookup_not_backend_result,valid,25,"[218.12, 79.16, 61.72]",209,1.0520301074298164
upper-color-x368-f32,upper_period_map,368,119,0.32,231.84782608695653,-2.0348897919733195,0.1306948853357667,3.222873900293255,1670.605474720572,direct_digitized_color_sample,image_colorbar_lookup_not_backend_result,valid,25,"[217.4, 78.4, 60.2]",209,1.919768268328656
upper-color-x368-f38,upper_period_map,368,112,0.38,231.84782608695653,-1.8714410717930101,0.15390171850998147,3.222873900293255,1670.605474720572,direct_digitized_color_sample,image_colorbar_lookup_not_backend_result,valid,25,"[218.12, 78.56, 59.48]",209,2.4043820539224825
upper-color-x368-f44,upper_period_map,368,106,0.44,231.84782608695653,-1.7079923516127005,0.18122927228158026,3.196480938416422,1572.1027899137107,direct_digitized_color_sample,image_colorbar_lookup_not_backend_result,valid,25,"[221.2, 80.84, 58.32]",212,2.91600789450514
upper-color-x368-f50,upper_period_map,368,99,0.5,231.84782608695653,-1.5445436314323908,0.21340924227289257,3.1700879765395893,1479.4080466352243,direct_digitized_color_sample,image_colorbar_lookup_not_backend_result,valid,25,"[223.8, 84.6, 56.0]",215,2.587647264861851
upper-color-x368-f56,upper_period_map,368,92,0.56,231.84782608695653,-1.3810949112520812,0.2513032476162467,3.134897360703812,1364.260674966003,direct_digitized_color_sample,image_colorbar_lookup_not_backend_result,valid,25,"[226.32, 88.84, 52.2]",219,2.172706390938374
upper-color-x368-f62,upper_period_map,368,86,0.62,231.84782608695653,-1.2176461910717706,0.2959259008179069,3.0821114369501466,1208.1237915195334,direct_digitized_color_sample,image_colorbar_lookup_not_backend_result,valid,25,"[229.56, 93.72, 46.08]",225,3.097634383769372
upper-color-x368-f68,upper_period_map,368,79,0.68,231.84782608695653,-1.05419747089146,0.3484719740216686,3.029325513196481,1069.8564595596106,direct_digitized_color_sample,image_colorbar_lookup_not_backend_result,valid,25,"[234.76, 99.96, 41.72]",231,2.8908808063866505
upper-color-x368-f74,upper_period_map,368,72,0.74,231.84782608695653,-0.8907487507111524,0.4103483890491887,2.9853372434017595,966.8013393935634,direct_digitized_color_sample,image_colorbar_lookup_not_backend_result,valid,25,"[238.96, 108.04, 33.96]",236,3.8105257015861964
upper-color-x368-f80,upper_period_map,368,65,0.8,231.84782608695653,-0.7273000305308408,0.4832118877508195,2.8885630498533725,773.6829921026147,direct_digitized_color_sample,image_colorbar_lookup_not_backend_result,valid,25,"[243.0, 119.52, 27.24]",247,2.9683088018023263
upper-color-x368-f86,upper_period_map,368,59,0.86,231.84782608695653,-0.5638513103505322,0.569013391291079,2.8181818181818183,657.9332246575682,direct_digitized_color_sample,image_colorbar_lookup_not_backend_result,valid,25,"[247.6, 130.28, 19.16]",255,2.856235570231042
upper-color-x368-f92,upper_period_map,368,52,0.92,231.84782608695653,-0.4004025901702226,0.6700502360892625,2.6950146627565985,495.46691859778383,direct_digitized_color_sample,image_colorbar_lookup_not_backend_result,valid,25,"[249.72, 149.16, 9.52]",269,1.2453636465887834
upper-color-x376-f08,upper_period_map,376,143,0.08,232.93478260869566,-2.6176623121400193,0.07297325227711798,3.0733137829912023,1183.8966263528173,direct_digitized_color_sample,image_colorbar_lookup_not_backend_result,valid,25,"[231.92, 96.4, 46.76]",226,2.368957404360279
upper-color-x376-f14,upper_period_map,376,136,0.14,232.93478260869566,-2.4556729555327483,0.08580543276677083,3.134897360703812,1364.260674966003,direct_digitized_color_sample,image_colorbar_lookup_not_backend_result,valid,25,"[225.84, 89.52, 52.72]",219,1.3249998074701468
upper-color-x376-f20,upper_period_map,376,130,0.2,232.93478260869566,-2.2936835989254774,0.10089412301829788,3.187683284457478,1540.5765554188256,direct_digitized_color_sample,image_colorbar_lookup_not_backend_result,valid,25,"[217.56, 95.72, 65.32]",213,13.227179500975268
upper-color-x376-f26,upper_period_map,376,123,0.26,232.93478260869566,-2.131694242318206,0.11863612514257497,3.1788856304985336,1509.6825336951433,direct_digitized_color_sample,image_colorbar_lookup_not_backend_result,valid,25,"[221.92, 81.92, 56.52]",214,3.5521962163123297
upper-color-x376-f32,upper_period_map,376,116,0.32,232.93478260869566,-1.9697048857109338,0.13949801799944486,3.1788856304985336,1509.6825336951433,direct_digitized_color_sample,image_colorbar_lookup_not_backend_result,valid,25,"[221.6, 81.6, 56.2]",214,3.93490398710758
upper-color-x376-f38,upper_period_map,376,110,0.38,232.93478260869566,-1.8077155291036626,0.1640284272803674,3.1700879765395893,1479.4080466352243,direct_digitized_color_sample,image_colorbar_lookup_not_backend_result,valid,25,"[221.48, 81.6, 54.92]",215,4.322846756667734
upper-color-x376-f44,upper_period_map,376,103,0.44,232.93478260869566,-1.6457261724963916,0.19287245325720576,3.1700879765395893,1479.4080466352243,direct_digitized_color_sample,image_colorbar_lookup_not_backend_result,valid,25,"[223.44, 84.4, 54.36]",215,2.893683479863105
upper-color-x376-f50,upper_period_map,376,96,0.5,232.93478260869566,-1.4837368158891202,0.22678863561783033,3.1436950146627565,1392.1787954903255,direct_digitized_color_sample,image_colorbar_lookup_not_backend_result,valid,25,"[226.0, 87.48, 53.2]",218,2.705586058207602
upper-color-x376-f56,upper_period_map,376,90,0.56,232.93478260869566,-1.3217474592818503,0.26666890152948997,3.1173020527859236,1310.0927786766213,direct_digitized_color_sample,image_colorbar_lookup_not_backend_result,valid,25,"[228.2, 90.68, 49.92]",221,3.085089883915312
upper-color-x376-f62,upper_period_map,376,83,0.62,232.93478260869566,-1.159758102674578,0.3135620215237719,3.0557184750733137,1136.8900748554458,direct_digitized_color_sample,image_colorbar_lookup_not_backend_result,valid,25,"[233.0, 97.6, 43.84]",228,2.811907624691092
upper-color-x376-f68,upper_period_map,376,77,0.68,232.93478260869566,-0.9977687460673069,0.368701190045594,3.002932551319648,1006.7752981368568,direct_digitized_color_sample,image_colorbar_lookup_not_backend_result,valid,25,"[236.6, 103.2, 38.68]",234,2.867223644672904
upper-color-x376-f74,upper_period_map,376,70,0.74,232.93478260869566,-0.8357793894600357,0.4335364559790327,2.941348973607038,873.6731189508771,direct_digitized_color_sample,image_colorbar_lookup_not_backend_result,valid,25,"[239.52, 111.32, 30.12]",241,4.291669196221431
upper-color-x376-f80,upper_period_map,376,63,0.8,232.93478260869566,-0.6737900328527634,0.5097728560073738,2.870967741935484,742.963950759495,direct_digitized_color_sample,image_colorbar_lookup_not_backend_result,valid,25,"[243.2, 122.8, 23.0]",249,2.1979582362190704
upper-color-x376-f86,upper_period_map,376,57,0.86,232.93478260869566,-0.5118006762454935,0.5994152536378213,2.80058651026393,631.8100215684827,direct_digitized_color_sample,image_colorbar_lookup_not_backend_result,valid,25,"[250.0, 132.92, 15.76]",257,5.205856200041473
upper-color-x376-f92,upper_period_map,376,50,0.92,232.93478260869566,-0.34981131963822126,0.704821063066758,2.6686217008797657,466.25306622307676,direct_digitized_color_sample,image_colorbar_lookup_not_backend_result,valid,25,"[248.96, 153.0, 7.56]",272,1.6890088870127662
upper-color-x384-f08,upper_period_map,384,142,0.08,234.02173913043478,-2.5913937678253274,0.07491555239990304,3.029325513196481,1069.8564595596106,direct_digitized_color_sample,image_colorbar_lookup_not_backend_result,valid,25,"[233.96, 101.32, 41.64]",231,1.359219463891115
upper-color-x384-f14,upper_period_map,384,135,0.14,234.02173913043478,-2.4279450476450175,0.08821793008845756,3.099706744868035,1258.0756157787816,direct_digitized_color_sample,image_colorbar_lookup_not_backend_result,valid,25,"[227.8, 92.8, 50.04]",223,1.241940548710213
upper-color-x384-f20,upper_period_map,384,129,0.2,234.02173913043478,-2.264496327464707,0.10388234404985934,3.161290322580645,1449.7406703726315,direct_digitized_color_sample,image_colorbar_lookup_not_backend_result,valid,25,"[221.12, 98.64, 62.76]",216,12.853307681968358
upper-color-x384-f26,upper_period_map,384,122,0.26,234.02173913043478,-2.1010476072843973,0.1223282091800667,3.1524926686217007,1420.668230183496,direct_digitized_color_sample,image_colorbar_lookup_not_backend_result,valid,25,"[224.68, 85.44, 54.08]",217,3.2806096994308893
upper-color-x384-f32,upper_period_map,384,115,0.32,234.02173913043478,-1.9375988871040877,0.14404941376775196,3.1700879765395893,1479.4080466352243,direct_digitized_color_sample,image_colorbar_lookup_not_backend_result,valid,25,"[223.28, 83.88, 55.2]",215,2.72766327444858
upper-color-x384-f38,upper_period_map,384,108,0.38,234.02173913043478,-1.774150166923778,0.16962754335991903,3.1700879765395893,1479.4080466352243,direct_digitized_color_sample,image_colorbar_lookup_not_backend_result,valid,25,"[222.76, 83.36, 52.48]",215,4.456690453230783
upper-color-x384-f44,upper_period_map,384,102,0.44,234.02173913043478,-1.6107014467434675,0.19974745272280103,3.1524926686217007,1420.668230183496,direct_digitized_color_sample,image_colorbar_lookup_not_backend_result,valid,25,"[224.64, 86.04, 51.04]",217,4.014075235966554
upper-color-x384-f50,upper_period_map,384,95,0.5,234.02173913043478,-1.4472527265631587,0.23521560283750018,3.126099706744868,1336.9024117359702,direct_digitized_color_sample,image_colorbar_lookup_not_backend_result,valid,25,"[227.36, 89.64, 48.4]",220,3.9787978904514927
upper-color-x384-f56,upper_period_map,384,88,0.56,234.02173913043478,-1.2838040063828482,0.27698165390368085,3.0821114369501466,1208.1237915195334,direct_digitized_color_sample,image_colorbar_lookup_not_backend_result,valid,25,"[229.84, 93.68, 42.6]",225,4.960912523036916
upper-color-x384-f62,upper_period_map,384,82,0.62,234.02173913043478,-1.1203552862025385,0.3261638925042738,3.029325513196481,1069.8564595596106,direct_digitized_color_sample,image_colorbar_lookup_not_backend_result,valid,25,"[234.32, 99.48, 40.28]",231,3.1626287180387256
upper-color-x384-f68,upper_period_map,384,75,0.68,234.02173913043478,-0.956906566022229,0.3840791737438814,2.994134897360704,986.5858841008558,direct_digitized_color_sample,image_colorbar_lookup_not_backend_result,valid,25,"[238.52, 105.56, 35.44]",235,3.416742690377047
upper-color-x384-f74,upper_period_map,384,68,0.74,234.02173913043478,-0.7934578458419194,0.45227818006203646,2.9149560117302054,822.1593718918116,direct_digitized_color_sample,image_colorbar_lookup_not_backend_result,valid,25,"[241.24, 114.56, 27.4]",244,4.830829564962346
upper-color-x384-f80,upper_period_map,384,61,0.8,234.02173913043478,-0.6300091256616088,0.532586940776522,2.835777126099707,685.136533658775,direct_digitized_color_sample,image_colorbar_lookup_not_backend_result,valid,25,"[246.4, 124.76, 20.12]",253,4.464389713074336
upper-color-x384-f86,upper_period_map,384,55,0.86,234.02173913043478,-0.4665604054813002,0.6271557240430823,2.7653958944281527,582.6340937077747,direct_digitized_color_sample,image_colorbar_lookup_not_backend_result,valid,25,"[249.44, 136.24, 12.72]",261,4.081467323182202
upper-color-x384-f92,upper_period_map,384,48,0.92,234.02173913043478,-0.3031116853009894,0.7385166103144196,2.6598240469208214,456.9030392439155,direct_digitized_color_sample,image_colorbar_lookup_not_backend_result,valid,25,"[249.24, 156.48, 7.56]",273,1.1815624384341121
upper-color-x392-f08,upper_period_map,392,138,0.08,235.1086956521739,-2.4960486810534794,0.08240998427233034,3.0469208211143695,1114.091398251884,direct_digitized_color_sample,image_colorbar_lookup_not_backend_result,valid,25,"[231.28, 109.36, 54.24]",229,13.162984898136573
upper-color-x392-f14,upper_period_map,392,131,0.14,235.1086956521739,-2.3340593244462084,0.09690159262652716,3.1085043988269794,1283.8207738079818,direct_digitized_color_sample,image_colorbar_lookup_not_backend_result,valid,25,"[224.0, 110.8, 71.64]",222,26.447221373281298
upper-color-x392-f20,upper_period_map,392,125,0.2,235.1086956521739,-2.172069967838937,0.11394151735944628,3.1085043988269794,1283.8207738079818,direct_digitized_color_sample,image_colorbar_lookup_not_backend_result,valid,25,"[226.8, 97.4, 61.08]",222,10.001472952745004
upper-color-x392-f26,upper_period_map,392,118,0.26,235.1086956521739,-2.010080611231666,0.13397787411203957,3.161290322580645,1449.7406703726315,direct_digitized_color_sample,image_colorbar_lookup_not_backend_result,valid,25,"[226.04, 96.12, 62.48]",216,10.755239444577889
upper-color-x392-f32,upper_period_map,392,111,0.32,235.1086956521739,-1.8480912546243948,0.15753757864181522,3.161290322580645,1449.7406703726315,direct_digitized_color_sample,image_colorbar_lookup_not_backend_result,valid,25,"[225.16, 94.88, 63.36]",216,10.274160574480234
upper-color-x392-f38,upper_period_map,392,105,0.38,235.1086956521739,-1.6861018980171236,0.18524020364416205,3.161290322580645,1449.7406703726315,direct_digitized_color_sample,image_colorbar_lookup_not_backend_result,valid,25,"[225.96, 95.96, 62.72]",216,10.76537192358263
upper-color-x392-f44,upper_period_map,392,98,0.44,235.1086956521739,-1.5241125414098513,0.21781427226419683,3.1085043988269794,1283.8207738079818,direct_digitized_color_sample,image_colorbar_lookup_not_backend_result,valid,25,"[227.12, 97.68, 60.6]",222,9.663029904681846
upper-color-x392-f50,upper_period_map,392,92,0.5,235.1086956521739,-1.3621231848025803,0.2561164167856215,3.1085043988269794,1283.8207738079818,direct_digitized_color_sample,image_colorbar_lookup_not_backend_result,valid,25,"[229.56, 100.92, 59.4]",222,10.758660488657691
upper-color-x392-f56,upper_period_map,392,85,0.56,235.1086956521739,-1.2001338281953102,0.3011539063314557,3.064516129032258,1160.1553017399715,direct_digitized_color_sample,image_colorbar_lookup_not_backend_result,valid,25,"[232.36, 105.0, 55.56]",227,11.308518371347423
upper-color-x392-f62,upper_period_map,392,78,0.62,235.1086956521739,-1.0381444715880381,0.35411113600972016,3.0469208211143695,1114.091398251884,direct_digitized_color_sample,image_colorbar_lookup_not_backend_result,valid,25,"[235.32, 109.0, 53.0]",229,12.349822439440752
upper-color-x392-f68,upper_period_map,392,72,0.68,235.1086956521739,-0.8761551149807668,0.416380774115155,2.967741935483871,928.4145445194745,direct_digitized_color_sample,image_colorbar_lookup_not_backend_result,valid,25,"[237.24, 115.56, 47.24]",238,10.934070698546645
upper-color-x392-f74,upper_period_map,392,65,0.74,235.1086956521739,-0.7141657583734957,0.4896003864955456,2.906158357771261,805.6721616936469,direct_digitized_color_sample,image_colorbar_lookup_not_backend_result,valid,25,"[240.44, 125.08, 40.08]",245,10.890553480059712
upper-color-x392-f80,upper_period_map,392,58,0.8,235.1086956521739,-0.5521764017662245,0.5756955012295871,2.8269794721407626,671.3971171526032,direct_digitized_color_sample,image_colorbar_lookup_not_backend_result,valid,25,"[243.12, 135.12, 30.6]",254,9.214896103813741
upper-color-x392-f86,upper_period_map,392,52,0.86,235.1086956521739,-0.39018704515895336,0.6769302461304345,2.7565982404692084,570.9502145232882,direct_digitized_color_sample,image_colorbar_lookup_not_backend_result,valid,25,"[243.6, 145.6, 21.76]",262,8.994513520440554
upper-color-x392-f92,upper_period_map,392,45,0.92,235.1086956521739,-0.2281976885516811,0.7959668907391155,2.5718475073313787,373.11912246497474,direct_digitized_color_sample,image_colorbar_lookup_not_backend_result,valid,25,"[244.96, 163.48, 26.56]",283,12.176327317330776
upper-color-x400-f08,upper_period_map,400,136,0.08,236.19565217391306,-2.4474032286188634,0.08651796241556191,3.0205278592375366,1048.4020445962003,direct_digitized_color_sample,image_colorbar_lookup_not_backend_result,valid,25,"[234.6, 106.4, 41.52]",232,2.219852909265731
upper-color-x400-f14,upper_period_map,400,129,0.14,236.19565217391306,-2.285413872011592,0.10173194938571122,3.064516129032258,1160.1553017399715,direct_digitized_color_sample,image_colorbar_lookup_not_backend_result,valid,25,"[226.4, 107.76, 53.64]",227,12.457161533406712
upper-color-x400-f20,upper_period_map,400,123,0.2,236.19565217391306,-2.123424515404321,0.11962128137168626,3.0821114369501466,1208.1237915195334,direct_digitized_color_sample,image_colorbar_lookup_not_backend_result,valid,25,"[230.92, 92.44, 45.4]",225,4.755426545816172
upper-color-x400-f26,upper_period_map,400,116,0.26,236.19565217391306,-1.9614351587970498,0.1406564117114416,3.126099706744868,1336.9024117359702,direct_digitized_color_sample,image_colorbar_lookup_not_backend_result,valid,25,"[229.0, 89.56, 48.68]",220,4.803472383471714
upper-color-x400-f32,upper_period_map,400,109,0.32,236.19565217391306,-1.7994458021897788,0.16539052189271555,3.126099706744868,1336.9024117359702,direct_digitized_color_sample,image_colorbar_lookup_not_backend_result,valid,25,"[229.0, 89.6, 48.84]",220,4.697425260888414
upper-color-x400-f38,upper_period_map,400,103,0.38,236.19565217391306,-1.6374564455825076,0.19447406911006626,3.099706744868035,1258.0756157787816,direct_digitized_color_sample,image_colorbar_lookup_not_backend_result,valid,25,"[228.76, 89.4, 47.16]",223,5.514760897364635
upper-color-x400-f44,upper_period_map,400,96,0.44,236.19565217391306,-1.4754670889752355,0.22867189197673493,3.099706744868035,1258.0756157787816,direct_digitized_color_sample,image_colorbar_lookup_not_backend_result,valid,25,"[230.68, 91.76, 47.2]",223,4.751326345434119
upper-color-x400-f50,upper_period_map,400,90,0.5,236.19565217391306,-1.3134777323679643,0.26888332423704514,3.0733137829912023,1183.8966263528173,direct_digitized_color_sample,image_colorbar_lookup_not_backend_result,valid,25,"[232.68, 94.52, 45.72]",226,4.136839965234239
upper-color-x400-f56,upper_period_map,400,83,0.56,236.19565217391306,-1.1514883757606942,0.31616584542939585,3.038123167155425,1091.7499159420975,direct_digitized_color_sample,image_colorbar_lookup_not_backend_result,valid,25,"[236.32, 99.44, 42.64]",230,4.202293834251446
upper-color-x400-f62,upper_period_map,400,76,0.62,236.19565217391306,-0.9894990191534219,0.3717628904645654,2.9853372434017595,966.8013393935634,direct_digitized_color_sample,image_colorbar_lookup_not_backend_result,valid,25,"[240.76, 106.04, 36.36]",236,4.077266991803324
upper-color-x400-f68,upper_period_map,400,70,0.68,236.19565217391306,-0.8275096625461498,0.43713654945512476,2.941348973607038,873.6731189508771,direct_digitized_color_sample,image_colorbar_lookup_not_backend_result,valid,25,"[242.32, 112.84, 30.12]",241,3.9952716951876175
upper-color-x400-f74,upper_period_map,400,63,0.74,236.19565217391306,-0.6655203059388797,0.5140060177355059,2.870967741935484,742.963950759495,direct_digitized_color_sample,image_colorbar_lookup_not_backend_result,valid,25,"[244.64, 121.68, 22.84]",249,3.457090908700593
upper-color-x400-f80,upper_period_map,400,56,0.8,236.19565217391306,-0.5035309493316084,0.6043928072306748,2.7917888563049855,619.1399906875633,direct_digitized_color_sample,image_colorbar_lookup_not_backend_result,valid,25,"[247.04, 133.48, 14.44]",258,3.8568370249123607
upper-color-x400-f86,upper_period_map,400,50,0.86,236.19565217391306,-0.3415415927243373,0.7106739081411778,2.712609970674487,515.9527964670863,direct_digitized_color_sample,image_colorbar_lookup_not_backend_result,valid,25,"[249.76, 145.44, 8.12]",267,1.4340921895621976
upper-color-x400-f92,upper_period_map,400,43,0.92,236.19565217391306,-0.1795522361170651,0.8356442989896365,2.6246334310850443,421.34071808696683,direct_digitized_color_sample,image_colorbar_lookup_not_backend_result,valid,25,"[252.6, 166.04, 6.2]",277,7.848109612498794
upper-color-x408-f08,upper_period_map,408,133,0.08,237.2826086956522,-2.3763808680643237,0.09288613711204521,3.0205278592375366,1048.4020445962003,direct_digitized_color_sample,image_colorbar_lookup_not_backend_result,valid,25,"[232.24, 112.04, 44.44]",232,8.882173387275927
upper-color-x408-f14,upper_period_map,408,127,0.14,237.2826086956522,-2.2158508750300907,0.10906067775047341,3.029325513196481,1069.8564595596106,direct_digitized_color_sample,image_colorbar_lookup_not_backend_result,valid,25,"[233.08, 101.76, 40.72]",231,0.6775947858990309
upper-color-x408-f20,upper_period_map,408,120,0.2,237.2826086956522,-2.055320881995859,0.12805173948664708,3.0733137829912023,1183.8966263528173,direct_digitized_color_sample,image_colorbar_lookup_not_backend_result,valid,25,"[231.76, 96.12, 44.04]",226,3.1366705343112278
upper-color-x408-f26,upper_period_map,408,113,0.26,237.2826086956522,-1.8947908889616256,0.15034977155627466,3.090909090909091,1232.8467394420659,direct_digitized_color_sample,image_colorbar_lookup_not_backend_result,valid,25,"[229.88, 93.12, 47.28]",224,3.331092852479006
upper-color-x408-f32,upper_period_map,408,107,0.32,237.2826086956522,-1.7342608959273937,0.1765306265861475,3.090909090909091,1232.8467394420659,direct_digitized_color_sample,image_colorbar_lookup_not_backend_result,valid,25,"[230.0, 93.2, 46.8]",224,3.4143156005864737
upper-color-x408-f38,upper_period_map,408,100,0.38,237.2826086956522,-1.57373090289316,0.20727043214185284,3.090909090909091,1232.8467394420659,direct_digitized_color_sample,image_colorbar_lookup_not_backend_result,valid,25,"[229.88, 93.08, 46.68]",224,3.534023549579094
upper-color-x408-f44,upper_period_map,408,94,0.44,237.2826086956522,-1.4132009098589275,0.24336305190252785,3.0821114369501466,1208.1237915195334,direct_digitized_color_sample,image_colorbar_lookup_not_backend_result,valid,25,"[231.24, 95.12, 45.92]",225,2.617724514278218
upper-color-x408-f50,upper_period_map,408,87,0.5,237.2826086956522,-1.2526709168246948,0.2857405874021595,3.0469208211143695,1114.091398251884,direct_digitized_color_sample,image_colorbar_lookup_not_backend_result,valid,25,"[234.04, 99.08, 42.44]",229,3.0780606139023896
upper-color-x408-f56,upper_period_map,408,80,0.56,237.2826086956522,-1.092140923790461,0.33549744980036206,3.002932551319648,1006.7752981368568,direct_digitized_color_sample,image_colorbar_lookup_not_backend_result,valid,25,"[237.4, 104.16, 38.08]",234,2.6113488578018162
upper-color-x408-f62,upper_period_map,408,74,0.62,237.2826086956522,-0.9316109307562294,0.39391862334253586,2.9589442815249267,909.7965414049394,direct_digitized_color_sample,image_colorbar_lookup_not_backend_result,valid,25,"[240.36, 109.52, 32.28]",239,4.992671363803029
upper-color-x408-f68,upper_period_map,408,67,0.68,237.2826086956522,-0.7710809377219957,0.46251285042081264,2.897360703812317,789.5155785118634,direct_digitized_color_sample,image_colorbar_lookup_not_backend_result,valid,25,"[242.2, 117.48, 26.24]",246,5.016568466957618
upper-color-x408-f74,upper_period_map,408,61,0.74,237.2826086956522,-0.6105509446877639,0.5430515952488236,2.8621700879765397,728.0648895256073,direct_digitized_color_sample,image_colorbar_lookup_not_backend_result,valid,25,"[245.4, 123.8, 21.16]",250,4.558943665690424
upper-color-x408-f80,upper_period_map,408,54,0.8,237.2826086956522,-0.4500209516535303,0.6376147923976088,2.7653958944281527,582.6340937077747,direct_digitized_color_sample,image_colorbar_lookup_not_backend_result,valid,25,"[248.0, 136.4, 12.64]",261,3.553039515107931
upper-color-x408-f86,upper_period_map,408,47,0.86,237.2826086956522,-0.2894909586192976,0.7486445616607845,2.6686217008797657,466.25306622307676,direct_digitized_color_sample,image_colorbar_lookup_not_backend_result,valid,25,"[249.8, 151.32, 6.04]",272,3.5970395991079953
upper-color-x408-f92,upper_period_map,408,41,0.92,237.2826086956522,-0.1289609655850649,0.8790082764497201,2.5894428152492672,388.5463336199618,direct_digitized_color_sample,image_colorbar_lookup_not_backend_result,valid,25,"[253.36, 168.84, 14.32]",281,3.754378124542182
upper-color-x416-f08,upper_period_map,416,131,0.08,238.3695652173913,-2.3277354156297076,0.09751633118907051,2.967741935483871,928.4145445194745,direct_digitized_color_sample,image_colorbar_lookup_not_backend_result,valid,25,"[234.56, 118.4, 52.6]",238,17.49869756086237
upper-color-x416-f14,upper_period_map,416,125,0.14,238.3695652173913,-2.1672054225954747,0.11449714135911156,3.002932551319648,1006.7752981368568,direct_digitized_color_sample,image_colorbar_lookup_not_backend_result,valid,25,"[236.28, 103.24, 36.72]",234,2.804353757998444
upper-color-x416-f20,upper_period_map,416,118,0.2,238.3695652173913,-2.006675429561243,0.13443487074991256,3.0469208211143695,1114.091398251884,direct_digitized_color_sample,image_colorbar_lookup_not_backend_result,valid,25,"[233.24, 98.68, 44.12]",229,2.2042426622959885
upper-color-x416-f26,upper_period_map,416,111,0.26,238.3695652173913,-1.8461454365270096,0.15784441654191153,3.0733137829912023,1183.8966263528173,direct_digitized_color_sample,image_colorbar_lookup_not_backend_result,valid,25,"[231.56, 96.16, 46.4]",226,2.1676226043991247
upper-color-x416-f32,upper_period_map,416,105,0.32,238.3695652173913,-1.6856154434927777,0.18533033650030592,3.0821114369501466,1208.1237915195334,direct_digitized_color_sample,image_colorbar_lookup_not_backend_result,valid,25,"[230.76, 95.56, 44.56]",225,2.677209939699256
upper-color-x416-f38,upper_period_map,416,98,0.38,238.3695652173913,-1.525085450458544,0.2176024618406229,3.0733137829912023,1183.8966263528173,direct_digitized_color_sample,image_colorbar_lookup_not_backend_result,valid,25,"[231.0, 95.8, 44.68]",226,2.556574557760395
upper-color-x416-f44,upper_period_map,416,92,0.44,238.3695652173913,-1.3645554574243124,0.25549422880922407,3.0557184750733137,1136.8900748554458,direct_digitized_color_sample,image_colorbar_lookup_not_backend_result,valid,25,"[232.56, 98.16, 43.12]",228,2.5813554420821903
upper-color-x416-f50,upper_period_map,416,85,0.5,238.3695652173913,-1.2040254643900787,0.29998420239671225,3.0117302052785924,1027.3778667148858,direct_digitized_color_sample,image_colorbar_lookup_not_backend_result,valid,25,"[235.16, 102.32, 37.64]",233,2.0719329435213347
upper-color-x416-f56,upper_period_map,416,78,0.56,238.3695652173913,-1.043495471355846,0.35222134803986854,2.994134897360704,986.5858841008558,direct_digitized_color_sample,image_colorbar_lookup_not_backend_result,valid,25,"[237.64, 107.2, 36.04]",235,1.9506084869567606
upper-color-x416-f62,upper_period_map,416,72,0.62,238.3695652173913,-0.8829654783216133,0.41355470396057725,2.941348973607038,873.6731189508771,direct_digitized_color_sample,image_colorbar_lookup_not_backend_result,valid,25,"[240.56, 112.64, 31.76]",241,2.368971188046809
upper-color-x416-f68,upper_period_map,416,65,0.68,238.3695652173913,-0.7224354852873796,0.4855682204377969,2.8885630498533725,773.6829921026147,direct_digitized_color_sample,image_colorbar_lookup_not_backend_result,valid,25,"[243.76, 120.0, 26.04]",247,3.562390850458237
upper-color-x416-f74,upper_period_map,416,59,0.74,238.3695652173913,-0.5619054922531479,0.570121665746073,2.835777126099707,685.136533658775,direct_digitized_color_sample,image_colorbar_lookup_not_backend_result,valid,25,"[244.96, 128.52, 21.48]",253,0.6769921471826261
upper-color-x416-f80,upper_period_map,416,52,0.8,238.3695652173913,-0.40137549921891413,0.6693986551673771,2.747800586510264,559.5006385391669,direct_digitized_color_sample,image_colorbar_lookup_not_backend_result,valid,25,"[247.8, 140.36, 8.84]",263,4.72082836037948
upper-color-x416-f86,upper_period_map,416,45,0.86,238.3695652173913,-0.2408455061846815,0.7859630434382925,2.6686217008797657,466.25306622307676,direct_digitized_color_sample,image_colorbar_lookup_not_backend_result,valid,25,"[251.36, 154.4, 5.8]",272,2.687273103853413
upper-color-x416-f92,upper_period_map,416,39,0.92,238.3695652173913,-0.08031551315044877,0.9228251369825706,2.5542521994134897,358.30444789424286,direct_digitized_color_sample,image_colorbar_lookup_not_backend_result,valid,25,"[250.56, 171.12, 21.84]",285,2.5738734409049586
upper-color-x424-f08,upper_period_map,424,130,0.08,239.45652173913044,-2.299521053217631,0.10030687387443396,3.064516129032258,1160.1553017399715,direct_digitized_color_sample,image_colorbar_lookup_not_backend_result,valid,25,"[216.24, 119.4, 57.48]",227,27.643681050844446
upper-color-x424-f14,upper_period_map,424,123,0.14,239.45652173913044,-2.1360723330373204,0.11811786075621339,3.0117302052785924,1027.3778667148858,direct_digitized_color_sample,image_colorbar_lookup_not_backend_result,valid,25,"[225.4, 103.76, 37.72]",233,8.24412468590417
upper-color-x424-f20,upper_period_map,424,117,0.2,239.45652173913044,-1.9726236128570118,0.13909145495940137,3.0821114369501466,1208.1237915195334,direct_digitized_color_sample,image_colorbar_lookup_not_backend_result,valid,25,"[222.0, 99.32, 39.6]",225,10.302117476023836
upper-color-x424-f26,upper_period_map,424,110,0.26,239.45652173913044,-1.809174892676701,0.16378922475283259,3.0821114369501466,1208.1237915195334,direct_digitized_color_sample,image_colorbar_lookup_not_backend_result,valid,25,"[220.32, 96.36, 44.56]",225,9.168250895879535
upper-color-x424-f32,upper_period_map,424,103,0.32,239.45652173913044,-1.6457261724963916,0.19287245325720576,3.099706744868035,1258.0756157787816,direct_digitized_color_sample,image_colorbar_lookup_not_backend_result,valid,25,"[219.28, 95.08, 44.48]",223,9.9207726822181
upper-color-x424-f38,upper_period_map,424,96,0.38,239.45652173913044,-1.482277452316082,0.22711984430959756,3.0821114369501466,1208.1237915195334,direct_digitized_color_sample,image_colorbar_lookup_not_backend_result,valid,25,"[219.76, 95.84, 44.04]",225,9.866046910118211
upper-color-x424-f44,upper_period_map,424,90,0.44,239.45652173913044,-1.3188287321357732,0.26744837226924534,3.0821114369501466,1208.1237915195334,direct_digitized_color_sample,image_colorbar_lookup_not_backend_result,valid,25,"[221.2, 97.8, 43.16]",225,8.780154338283678
upper-color-x424-f50,upper_period_map,424,83,0.5,239.45652173913044,-1.1553800119554627,0.3149378340184356,3.0733137829912023,1183.8966263528173,direct_digitized_color_sample,image_colorbar_lookup_not_backend_result,valid,25,"[224.52, 101.6, 43.76]",226,7.167104558683509
upper-color-x424-f56,upper_period_map,424,76,0.56,239.45652173913044,-0.9919312917751519,0.3708597605386488,3.0117302052785924,1027.3778667148858,direct_digitized_color_sample,image_colorbar_lookup_not_backend_result,valid,25,"[223.32, 108.36, 32.52]",233,12.515156199339966
upper-color-x424-f62,upper_period_map,424,70,0.62,239.45652173913044,-0.8284825715948434,0.43671146216980894,3.002932551319648,1006.7752981368568,direct_digitized_color_sample,image_colorbar_lookup_not_backend_result,valid,25,"[226.64, 112.76, 30.68]",234,13.293055114822728
upper-color-x424-f68,upper_period_map,424,63,0.68,239.45652173913044,-0.6650338514145328,0.5142561191149168,2.9149560117302054,822.1593718918116,direct_digitized_color_sample,image_colorbar_lookup_not_backend_result,valid,25,"[230.6, 120.04, 27.12]",244,11.6329089839374
upper-color-x424-f74,upper_period_map,424,56,0.74,239.45652173913044,-0.5015851312342232,0.6055699906138574,2.870967741935484,742.963950759495,direct_digitized_color_sample,image_colorbar_lookup_not_backend_result,valid,25,"[233.12, 128.64, 23.64]",249,10.93573658670862
upper-color-x424-f80,upper_period_map,424,49,0.8,239.45652173913044,-0.33813641105391357,0.7130980068126724,2.80058651026393,631.8100215684827,direct_digitized_color_sample,image_colorbar_lookup_not_backend_result,valid,25,"[235.88, 137.96, 21.84]",257,11.127249508870252
upper-color-x424-f86,upper_period_map,424,43,0.86,239.45652173913044,-0.174687690873604,0.8397192318013287,2.6598240469208214,456.9030392439155,direct_digitized_color_sample,image_colorbar_lookup_not_backend_result,valid,25,"[234.88, 152.96, 16.68]",273,17.04594727104796
upper-color-x424-f92,upper_period_map,424,36,0.92,239.45652173913044,-0.011238970693293366,0.9888239505937202,2.466275659824047,292.6009014841052,direct_digitized_color_sample,image_colorbar_lookup_not_backend_result,valid,25,"[231.24, 172.56, 47.68]",295,26.524838725009324
