backend,T_K,auto_label,w_m_s,log_w
auto,230.0,13,0.04853047268765705,-3.0255633755
auto,230.0,21,0.7686900999434367,-0.26306738166999993
